observation_date,observation_datetime,station_id,station_name,agency,latitude,longitude,aqi,aqi_category,prominent_pollutant,averaging_period,source_name,source_url,fetch_method,fetched_at
2026-09-25,2026-09-25T22:00:00+05:30,CPCB-arumbakkam_chennai_tnpcb,"Arumbakkam, Chennai - TNPCB",TNPCB,,,99,,,24h,CPCB CCR live city map,https://airquality.cpcb.gov.in/ccr/,playwright,2026-09-25T22:18:12+05:30
2026-09-25,2026-09-25T22:00:00+05:30,CPCB-kodungaiyur_chennai_tnpcb,"Kodungaiyur, Chennai - TNPCB",TNPCB,,,64,,,24h,CPCB CCR live city map,https://airquality.cpcb.gov.in/ccr/,playwright,2026-09-25T22:18:12+05:30
2026-09-25,2026-09-25T22:00:00+05:30,CPCB-manali_chennai_cpcb,"Manali, Chennai - CPCB",CPCB,,,107,,,24h,CPCB CCR live city map,https://airquality.cpcb.gov.in/ccr/,playwright,2026-09-25T22:18:12+05:30
2026-09-25,2026-09-25T22:00:00+05:30,CPCB-manali_village_chennai_tnpcb,"Manali Village, Chennai - TNPCB",TNPCB,,,44,,,24h,CPCB CCR live city map,https://airquality.cpcb.gov.in/ccr/,playwright,2026-09-25T22:18:12+05:30
2026-09-25,2026-09-25T22:00:00+05:30,CPCB-perungudi_chennai_tnpcb,"Perungudi, Chennai - TNPCB",TNPCB,,,74,,,24h,CPCB CCR live city map,https://airquality.cpcb.gov.in/ccr/,playwright,2026-09-25T22:18:12+05:30
2026-09-25,2026-09-25T22:00:00+05:30,CPCB-royapuram_chennai_tnpcb,"Royapuram, Chennai - TNPCB",TNPCB,,,64,,,24h,CPCB CCR live city map,https://airquality.cpcb.gov.in/ccr/,playwright,2026-09-25T22:18:12+05:30
2026-09-25,2026-09-25T22:00:00+05:30,CPCB-velachery_res_area_chennai_cpcb,"Velachery Res. Area, Chennai - CPCB",CPCB,,,102,,,24h,CPCB CCR live city map,https://airquality.cpcb.gov.in/ccr/,playwright,2026-09-25T22:18:12+05:30
2026-09-27,2026-09-27T01:00:00+05:30,CPCB-arumbakkam_chennai_tnpcb,"Arumbakkam, Chennai - TNPCB",TNPCB,,,92,,,24h,CPCB CCR live city map,https://airquality.cpcb.gov.in/ccr/,playwright,2026-09-27T01:45:56+05:30
2026-09-27,2026-09-27T01:00:00+05:30,CPCB-kodungaiyur_chennai_tnpcb,"Kodungaiyur, Chennai - TNPCB",TNPCB,,,61,,,24h,CPCB CCR live city map,https://airquality.cpcb.gov.in/ccr/,playwright,2026-09-27T01:45:56+05:30
2026-09-27,2026-09-27T01:00:00+05:30,CPCB-manali_chennai_cpcb,"Manali, Chennai - CPCB",CPCB,,,94,,,24h,CPCB CCR live city map,https://airquality.cpcb.gov.in/ccr/,playwright,2026-09-27T01:45:56+05:30
2026-09-27,2026-09-27T01:00:00+05:30,CPCB-manali_village_chennai_tnpcb,"Manali Village, Chennai - TNPCB",TNPCB,,,46,,,24h,CPCB CCR live city map,https://airquality.cpcb.gov.in/ccr/,playwright,2026-09-27T01:45:56+05:30
2026-09-27,2026-09-27T01:00:00+05:30,CPCB-perungudi_chennai_tnpcb,"Perungudi, Chennai - TNPCB",TNPCB,,,68,,,24h,CPCB CCR live city map,https://airquality.cpcb.gov.in/ccr/,playwright,2026-09-27T01:45:56+05:30
2026-09-27,2026-09-27T01:00:00+05:30,CPCB-royapuram_chennai_tnpcb,"Royapuram, Chennai - TNPCB",TNPCB,,,64,,,24h,CPCB CCR live city map,https://airquality.cpcb.gov.in/ccr/,playwright,2026-09-27T01:45:56+05:30
2026-09-27,2026-09-27T01:00:00+05:30,CPCB-velachery_res_area_chennai_cpcb,"Velachery Res. Area, Chennai - CPCB",CPCB,,,90,,,24h,CPCB CCR live city map,https://airquality.cpcb.gov.in/ccr/,playwright,2026-09-27T01:45:56+05:30
2026-09-27,2026-09-27T13:00:00+05:30,CPCB-arumbakkam_chennai_tnpcb,"Arumbakkam, Chennai - TNPCB",TNPCB,,,92,,,24h,CPCB CCR live city map,https://airquality.cpcb.gov.in/ccr/,playwright,2026-09-27T13:21:20+05:30
2026-09-27,2026-09-27T13:00:00+05:30,CPCB-kodungaiyur_chennai_tnpcb,"Kodungaiyur, Chennai - TNPCB",TNPCB,,,75,,,24h,CPCB CCR live city map,https://airquality.cpcb.gov.in/ccr/,playwright,2026-09-27T13:21:20+05:30
2026-09-27,2026-09-27T13:00:00+05:30,CPCB-manali_chennai_cpcb,"Manali, Chennai - CPCB",CPCB,,,87,,,24h,CPCB CCR live city map,https://airquality.cpcb.gov.in/ccr/,playwright,2026-09-27T13:21:20+05:30
2026-09-27,2026-09-27T13:00:00+05:30,CPCB-manali_village_chennai_tnpcb,"Manali Village, Chennai - TNPCB",TNPCB,,,57,,,24h,CPCB CCR live city map,https://airquality.cpcb.gov.in/ccr/,playwright,2026-09-27T13:21:20+05:30
2026-09-27,2026-09-27T13:00:00+05:30,CPCB-perungudi_chennai_tnpcb,"Perungudi, Chennai - TNPCB",TNPCB,,,76,,,24h,CPCB CCR live city map,https://airquality.cpcb.gov.in/ccr/,playwright,2026-09-27T13:21:20+05:30
2026-09-27,2026-09-27T13:00:00+05:30,CPCB-royapuram_chennai_tnpcb,"Royapuram, Chennai - TNPCB",TNPCB,,,66,,,24h,CPCB CCR live city map,https://airquality.cpcb.gov.in/ccr/,playwright,2026-09-27T13:21:20+05:30
2026-09-27,2026-09-27T13:00:00+05:30,CPCB-velachery_res_area_chennai_cpcb,"Velachery Res. Area, Chennai - CPCB",CPCB,,,95,,,24h,CPCB CCR live city map,https://airquality.cpcb.gov.in/ccr/,playwright,2026-09-27T13:21:20+05:30
2026-09-28,2026-09-28T13:00:00+05:30,CPCB-arumbakkam_chennai_tnpcb,"Arumbakkam, Chennai - TNPCB",TNPCB,,,107,,,24h,CPCB CCR live city map,https://airquality.cpcb.gov.in/ccr/,playwright,2026-09-28T14:02:37+05:30
2026-09-28,2026-09-28T13:00:00+05:30,CPCB-kodungaiyur_chennai_tnpcb,"Kodungaiyur, Chennai - TNPCB",TNPCB,,,92,,,24h,CPCB CCR live city map,https://airquality.cpcb.gov.in/ccr/,playwright,2026-09-28T14:02:37+05:30
2026-09-28,2026-09-28T13:00:00+05:30,CPCB-manali_chennai_cpcb,"Manali, Chennai - CPCB",CPCB,,,115,,,24h,CPCB CCR live city map,https://airquality.cpcb.gov.in/ccr/,playwright,2026-09-28T14:02:37+05:30
2026-09-28,2026-09-28T13:00:00+05:30,CPCB-manali_village_chennai_tnpcb,"Manali Village, Chennai - TNPCB",TNPCB,,,69,,,24h,CPCB CCR live city map,https://airquality.cpcb.gov.in/ccr/,playwright,2026-09-28T14:02:37+05:30
2026-09-28,2026-09-28T13:00:00+05:30,CPCB-perungudi_chennai_tnpcb,"Perungudi, Chennai - TNPCB",TNPCB,,,75,,,24h,CPCB CCR live city map,https://airquality.cpcb.gov.in/ccr/,playwright,2026-09-28T14:02:37+05:30
2026-09-28,2026-09-28T13:00:00+05:30,CPCB-royapuram_chennai_tnpcb,"Royapuram, Chennai - TNPCB",TNPCB,,,65,,,24h,CPCB CCR live city map,https://airquality.cpcb.gov.in/ccr/,playwright,2026-09-28T14:02:37+05:30
2026-09-28,2026-09-28T13:00:00+05:30,CPCB-velachery_res_area_chennai_cpcb,"Velachery Res. Area, Chennai - CPCB",CPCB,,,106,,,24h,CPCB CCR live city map,https://airquality.cpcb.gov.in/ccr/,playwright,2026-09-28T14:02:37+05:30
2026-09-29,2026-09-29T18:00:00+05:30,CPCB-arumbakkam_chennai_tnpcb,"Arumbakkam, Chennai - TNPCB",TNPCB,,,117,,,24h,CPCB CCR live city map,https://airquality.cpcb.gov.in/ccr/,playwright,2026-09-29T19:01:57+05:30
2026-09-29,2026-09-29T18:00:00+05:30,CPCB-kodungaiyur_chennai_tnpcb,"Kodungaiyur, Chennai - TNPCB",TNPCB,,,84,,,24h,CPCB CCR live city map,https://airquality.cpcb.gov.in/ccr/,playwright,2026-09-29T19:01:57+05:30
2026-09-29,2026-09-29T18:00:00+05:30,CPCB-manali_chennai_cpcb,"Manali, Chennai - CPCB",CPCB,,,112,,,24h,CPCB CCR live city map,https://airquality.cpcb.gov.in/ccr/,playwright,2026-09-29T19:01:57+05:30
2026-09-29,2026-09-29T18:00:00+05:30,CPCB-manali_village_chennai_tnpcb,"Manali Village, Chennai - TNPCB",TNPCB,,,59,,,24h,CPCB CCR live city map,https://airquality.cpcb.gov.in/ccr/,playwright,2026-09-29T19:01:57+05:30
2026-09-29,2026-09-29T18:00:00+05:30,CPCB-perungudi_chennai_tnpcb,"Perungudi, Chennai - TNPCB",TNPCB,,,49,,,24h,CPCB CCR live city map,https://airquality.cpcb.gov.in/ccr/,playwright,2026-09-29T19:01:57+05:30
2026-09-29,2026-09-29T18:00:00+05:30,CPCB-royapuram_chennai_tnpcb,"Royapuram, Chennai - TNPCB",TNPCB,,,65,,,24h,CPCB CCR live city map,https://airquality.cpcb.gov.in/ccr/,playwright,2026-09-29T19:01:57+05:30
2026-09-29,2026-09-29T18:00:00+05:30,CPCB-velachery_res_area_chennai_cpcb,"Velachery Res. Area, Chennai - CPCB",CPCB,,,112,,,24h,CPCB CCR live city map,https://airquality.cpcb.gov.in/ccr/,playwright,2026-09-29T19:01:57+05:30
2026-09-30,2026-09-30T20:00:00+05:30,CPCB-arumbakkam_chennai_tnpcb,"Arumbakkam, Chennai - TNPCB",TNPCB,,,97,,,24h,CPCB CCR live city map,https://airquality.cpcb.gov.in/ccr/,playwright,2026-09-30T20:23:22+05:30
2026-09-30,2026-09-30T20:00:00+05:30,CPCB-kodungaiyur_chennai_tnpcb,"Kodungaiyur, Chennai - TNPCB",TNPCB,,,95,,,24h,CPCB CCR live city map,https://airquality.cpcb.gov.in/ccr/,playwright,2026-09-30T20:23:22+05:30
2026-09-30,2026-09-30T20:00:00+05:30,CPCB-manali_chennai_cpcb,"Manali, Chennai - CPCB",CPCB,,,113,,,24h,CPCB CCR live city map,https://airquality.cpcb.gov.in/ccr/,playwright,2026-09-30T20:23:22+05:30
2026-09-30,2026-09-30T20:00:00+05:30,CPCB-manali_village_chennai_tnpcb,"Manali Village, Chennai - TNPCB",TNPCB,,,55,,,24h,CPCB CCR live city map,https://airquality.cpcb.gov.in/ccr/,playwright,2026-09-30T20:23:22+05:30
2026-09-30,2026-09-30T20:00:00+05:30,CPCB-perungudi_chennai_tnpcb,"Perungudi, Chennai - TNPCB",TNPCB,,,49,,,24h,CPCB CCR live city map,https://airquality.cpcb.gov.in/ccr/,playwright,2026-09-30T20:23:22+05:30
2026-09-30,2026-09-30T20:00:00+05:30,CPCB-royapuram_chennai_tnpcb,"Royapuram, Chennai - TNPCB",TNPCB,,,63,,,24h,CPCB CCR live city map,https://airquality.cpcb.gov.in/ccr/,playwright,2026-09-30T20:23:22+05:30
2026-10-01,2026-10-01T09:00:00+05:30,CPCB-arumbakkam_chennai_tnpcb,"Arumbakkam, Chennai - TNPCB",TNPCB,,,103,,,24h,CPCB CCR live city map,https://airquality.cpcb.gov.in/ccr/,playwright,2026-10-01T09:24:26+05:30
2026-10-01,2026-10-01T09:00:00+05:30,CPCB-kodungaiyur_chennai_tnpcb,"Kodungaiyur, Chennai - TNPCB",TNPCB,,,110,,,24h,CPCB CCR live city map,https://airquality.cpcb.gov.in/ccr/,playwright,2026-10-01T09:24:26+05:30
2026-10-01,2026-10-01T09:00:00+05:30,CPCB-manali_chennai_cpcb,"Manali, Chennai - CPCB",CPCB,,,98,,,24h,CPCB CCR live city map,https://airquality.cpcb.gov.in/ccr/,playwright,2026-10-01T09:24:26+05:30
2026-10-01,2026-10-01T09:00:00+05:30,CPCB-manali_village_chennai_tnpcb,"Manali Village, Chennai - TNPCB",TNPCB,,,55,,,24h,CPCB CCR live city map,https://airquality.cpcb.gov.in/ccr/,playwright,2026-10-01T09:24:26+05:30
2026-10-01,2026-10-01T09:00:00+05:30,CPCB-perungudi_chennai_tnpcb,"Perungudi, Chennai - TNPCB",TNPCB,,,49,,,24h,CPCB CCR live city map,https://airquality.cpcb.gov.in/ccr/,playwright,2026-10-01T09:24:26+05:30
2026-10-01,2026-10-01T09:00:00+05:30,CPCB-royapuram_chennai_tnpcb,"Royapuram, Chennai - TNPCB",TNPCB,,,64,,,24h,CPCB CCR live city map,https://airquality.cpcb.gov.in/ccr/,playwright,2026-10-01T09:24:26+05:30
2026-10-01,2026-10-01T09:00:00+05:30,CPCB-velachery_res_area_chennai_cpcb,"Velachery Res. Area, Chennai - CPCB",CPCB,,,106,,,24h,CPCB CCR live city map,https://airquality.cpcb.gov.in/ccr/,playwright,2026-10-01T09:24:26+05:30
2026-10-02,2026-10-02T12:00:00+05:30,CPCB-arumbakkam_chennai_tnpcb,"Arumbakkam, Chennai - TNPCB",TNPCB,,,82,,,24h,CPCB CCR live city map,https://airquality.cpcb.gov.in/ccr/,playwright,2026-10-02T12:38:14+05:30
2026-10-02,2026-10-02T12:00:00+05:30,CPCB-kodungaiyur_chennai_tnpcb,"Kodungaiyur, Chennai - TNPCB",TNPCB,,,129,,,24h,CPCB CCR live city map,https://airquality.cpcb.gov.in/ccr/,playwright,2026-10-02T12:38:14+05:30
2026-10-02,2026-10-02T12:00:00+05:30,CPCB-manali_chennai_cpcb,"Manali, Chennai - CPCB",CPCB,,,121,,,24h,CPCB CCR live city map,https://airquality.cpcb.gov.in/ccr/,playwright,2026-10-02T12:38:14+05:30
2026-10-02,2026-10-02T12:00:00+05:30,CPCB-manali_village_chennai_tnpcb,"Manali Village, Chennai - TNPCB",TNPCB,,,54,,,24h,CPCB CCR live city map,https://airquality.cpcb.gov.in/ccr/,playwright,2026-10-02T12:38:14+05:30
2026-10-02,2026-10-02T12:00:00+05:30,CPCB-perungudi_chennai_tnpcb,"Perungudi, Chennai - TNPCB",TNPCB,,,49,,,24h,CPCB CCR live city map,https://airquality.cpcb.gov.in/ccr/,playwright,2026-10-02T12:38:14+05:30
2026-10-02,2026-10-02T12:00:00+05:30,CPCB-royapuram_chennai_tnpcb,"Royapuram, Chennai - TNPCB",TNPCB,,,64,,,24h,CPCB CCR live city map,https://airquality.cpcb.gov.in/ccr/,playwright,2026-10-02T12:38:14+05:30
2026-10-02,2026-10-02T12:00:00+05:30,CPCB-velachery_res_area_chennai_cpcb,"Velachery Res. Area, Chennai - CPCB",CPCB,,,92,,,24h,CPCB CCR live city map,https://airquality.cpcb.gov.in/ccr/,playwright,2026-10-02T12:38:14+05:30
