pair_id,news_event_id,record_event_id,record_source,band,weight,prob_when_sampled,news_published,news_title,news_text,news_place,record_reported,record_title,record_text,record_place,distance_m,hours_apart,same_incident,note,labeled_by
NEWS-20261004-85f00e79b46b428e~GRV-2026-674CLL,NEWS-20261004-85f00e79b46b428e,GRV-2026-674CLL,grievance,linked,1.0,0.559,2026-10-04T07:00,"Chennai: 'Kids, senior citizen unsafe with over 100 canines on premises’","Chennai: 'Kids, senior citizen unsafe with over 100 canines on premises’. . CHENNAI: Around 600 families living in the Central Public Works Department (CPWD) quarters near Jawaharlal Nehru Road in Tirumangalam, West Anna Nagar, are anxious over the growing number of stray dogs in the residential complex. Residents said that more than 100 dogs roamed the streets, parks and playgrounds inside the qu",Anna Nagar,2026-10-03T15:52,"Stray Cattle, Anna Extn Street, Ward 99",Stray Cattle தொடர்பான பிரச்சினை எங்கள் பகுதியில் உள்ளது. சுகாதாரத் துறை உடனே கவனிக்கவும். இந்த மாதம் கொசு மருந்து அடிக்க யாரும் வரவில்லை. ஏற்கனவே இரண்டு முறை புகார் அளித்தும் நடவடிக்கை இல்லை. உடனடியாக நடவடிக்கை எடுக்கவும்.,Anna Extn Street,1083.0,15.1,,,
NEWS-20260930-cee8ab31123f42e5~POL-20260930-0013,NEWS-20260930-cee8ab31123f42e5,POL-20260930-0013,police,linked,1.0,0.551,2026-09-29T21:23,"Portion of Perambur Barracks Road caves in, damages sewer line","Portion of Perambur Barracks Road caves in, damages sewer line. Officials said the damaged portion of the pipeline is being removed and would be replaced depending on the extent of the damage. A portion of Perambur Barracks Road caved in on Tuesday, damaging a 1,200 mm diameter sewage pipeline. Traffic was affected following the sudden cave-in and the affected stretch was cordoned off. Traffic pol",Perambur Barracks,2026-09-30T06:43,Road accident involving cab and bike at Perambur,"A cab collided with a two-wheeler near Perambur Barracks Road, Perambur around 6.40 am; two persons were injured.",Perambur,260.0,9.3,,,
NEWS-20260924-168ce7e9776843e4~PWD-INC-059625,NEWS-20260924-168ce7e9776843e4,PWD-INC-059625,pwd,linked,1.0,0.039,2026-09-18T20:52,Autorickshaw driver found dead in open sewage drain near Ambattur lake,Autorickshaw driver found dead in open sewage drain near Ambattur lake. Autorickshaw driver found dead in open sewage drain near Ambattur lake. ,Ambattur,2026-09-20T20:39,"Waterlogging, Ambattur","Ambattur (Railway Station Rd) வீடுகளுக்குள் மழைநீர் புகுந்தது, இரண்டு அடி தண்ணீர். விரைவில் சரி செய்ய வேண்டுகிறோம்.",Ambattur,253.0,47.8,,,
NEWS-20260924-324208c2d53049be~GRV-2026-087JEN,NEWS-20260924-324208c2d53049be,GRV-2026-087JEN,grievance,linked,1.0,0.669,2026-08-28T12:30,Woman died of electrocution in Anna Nagar: Police,Woman died of electrocution in Anna Nagar: Police. Woman died of electrocution in Anna Nagar: Police. ,Anna Nagar,2026-08-27T22:07,Street light problem,Shifting of Street light pole near Amma Unavagam. Please send the electrical team.,"2Nd Avenue Lane, Thirumangalam, Thirumangalam",932.0,14.4,,,
NEWS-20260924-a7113024a6fc42fe~GRV-2026-715IHE,NEWS-20260924-a7113024a6fc42fe,GRV-2026-715IHE,grievance,linked,1.0,0.537,2026-07-08T12:30,ZEE Tamil News. . CMDA Koyambedu market | கோயம்பேடு குப்பைக்கு குட் பை👋🏻..! விதிமீறினால் MMC அதிரடி..!💥 #Koyambedu #KoyambeduMarket #Chennai #TamilNadu #TamilNews #ChennaiNews #Wholes,ZEE Tamil News. . CMDA Koyambedu market | கோயம்பேடு குப்பைக்கு குட் பை👋🏻..! விதிமீறினால் MMC அதிரடி..!💥 #Koyambedu #KoyambeduMarket #Chennai #TamilNadu #TamilNews #ChennaiNews #Wholes. ZEE Tamil News. . CMDA Koyambedu market | கோயம்பேடு குப்பைக்கு குட் பை👋🏻..! விதிமீறினால் MMC அதிரடி..!💥 #Koyambedu #KoyambeduMarket #Chennai #TamilNadu #TamilNews #ChennaiNews #Wholes. ,Koyambedu,2026-07-08T23:52,"Removal of Garbage, Sampath Garden - Tsd Nagar, Ward 127","Naan Sampath Garden - Tsd Nagar la door no 147 la irukken. Engal street la garbage oru maasama eduklala, romba smell varudhu. Night la hotel waste konduvandhu kottranga. Engal sandhula 54 family daily kashtapadranga. Romba smell varudhu.","Sampath Garden - Tsd Nagar, Tsd Nagar, Koyambedu",312.0,11.4,,,
NEWS-20260924-a7113024a6fc42fe~GRV-2026-666UCM,NEWS-20260924-a7113024a6fc42fe,GRV-2026-666UCM,grievance,linked,1.0,0.637,2026-07-08T12:30,ZEE Tamil News. . CMDA Koyambedu market | கோயம்பேடு குப்பைக்கு குட் பை👋🏻..! விதிமீறினால் MMC அதிரடி..!💥 #Koyambedu #KoyambeduMarket #Chennai #TamilNadu #TamilNews #ChennaiNews #Wholes,ZEE Tamil News. . CMDA Koyambedu market | கோயம்பேடு குப்பைக்கு குட் பை👋🏻..! விதிமீறினால் MMC அதிரடி..!💥 #Koyambedu #KoyambeduMarket #Chennai #TamilNadu #TamilNews #ChennaiNews #Wholes. ZEE Tamil News. . CMDA Koyambedu market | கோயம்பேடு குப்பைக்கு குட் பை👋🏻..! விதிமீறினால் MMC அதிரடி..!💥 #Koyambedu #KoyambeduMarket #Chennai #TamilNadu #TamilNews #ChennaiNews #Wholes. ,Koyambedu,2026-07-08T06:17,"Shifting of Garbage Bin, Anna Street Ayyappa Nagar, Ward 127","Shifting of Garbage Bin problem oru maasama irukku, yaarum kandukala. Market kaaikari waste um plastic cover um kuvinjirukku. Mazhai peidha ovvoru thadavaiyum mosam aagudhu. Street la 56 veedu affect aagudhu. Romba smell varudhu. Please seekiram action edunga.","Anna Street Ayyappa Nagar, Ayyappa Nagar, Koyambedu",372.0,6.2,,,
NEWS-20260924-1439e96829644e3f~POL-20260731-0029,NEWS-20260924-1439e96829644e3f,POL-20260731-0029,police,linked,1.0,0.909,2026-07-31T12:30,"Double murder in Anna Nagar: Two brothers arrested for killing mother, younger sibling over property dispute","Double murder in Anna Nagar: Two brothers arrested for killing mother, younger sibling over property dispute. Double murder in Anna Nagar: Two brothers arrested for killing mother, younger sibling over property dispute. ",Anna Nagar,2026-07-31T08:51,"Vehicle theft near Anna Nagar 2nd Avenue, Anna Nagar",Parked motorcycle stolen on Anna Nagar 2nd Avenue in Anna Nagar around 5.30 am; nearby CCTV is being checked.,Anna Nagar,154.0,3.6,,,
NEWS-20260924-168ce7e9776843e4~PWD-INC-059595,NEWS-20260924-168ce7e9776843e4,PWD-INC-059595,pwd,linked,1.0,0.064,2026-09-18T20:52,Autorickshaw driver found dead in open sewage drain near Ambattur lake,Autorickshaw driver found dead in open sewage drain near Ambattur lake. Autorickshaw driver found dead in open sewage drain near Ambattur lake. ,Ambattur,2026-09-20T09:25,"Waterlogging, Ambattur","Low lying area 4th St, Ambattur inundated. Water level nearly 2 ft. Since 4 days. No one has come so far.",Ambattur,313.0,36.5,,,
NEWS-20260924-168ce7e9776843e4~PWD-INC-059613,NEWS-20260924-168ce7e9776843e4,PWD-INC-059613,pwd,linked,1.0,0.061,2026-09-18T20:52,Autorickshaw driver found dead in open sewage drain near Ambattur lake,Autorickshaw driver found dead in open sewage drain near Ambattur lake. Autorickshaw driver found dead in open sewage drain near Ambattur lake. ,Ambattur,2026-09-20T16:44,"Waterlogging, Ambattur","CR: water entered houses at Ambattur (Bazaar St) since 4 days, about 1.5 ft inside. Pls take action.",Ambattur,31.0,43.9,,,
NEWS-20260924-168ce7e9776843e4~POL-20260920-0097,NEWS-20260924-168ce7e9776843e4,POL-20260920-0097,police,linked,1.0,0.04,2026-09-18T20:52,Autorickshaw driver found dead in open sewage drain near Ambattur lake,Autorickshaw driver found dead in open sewage drain near Ambattur lake. Autorickshaw driver found dead in open sewage drain near Ambattur lake. ,Ambattur,2026-09-20T22:27,Rescue under way in waterlogged Ambattur,Flooding at Ambattur around 10.25 pm left roughly 32 residents stranded.,Ambattur,359.0,49.6,,,
NEWS-20260924-d274e205d925460d~PWD-INC-059641,NEWS-20260924-d274e205d925460d,PWD-INC-059641,pwd,linked,1.0,0.609,2026-09-19T16:24,Water supply to be hit in parts of Sholinganallur,Water supply to be hit in parts of Sholinganallur. Water supply to be hit in parts of Sholinganallur. ,Sholinganallur,2026-09-21T04:46,"Waterlogging, Sholinganallur","Low lying area Jeevan Nagar 2nd St, Sholinganallur inundated. Water level knee-deep. After today's rain. Pls send team.",Sholinganallur,187.0,36.4,,,
NEWS-20260924-168ce7e9776843e4~PWD-INC-059628,NEWS-20260924-168ce7e9776843e4,PWD-INC-059628,pwd,linked,1.0,0.017,2026-09-18T20:52,Autorickshaw driver found dead in open sewage drain near Ambattur lake,Autorickshaw driver found dead in open sewage drain near Ambattur lake. Autorickshaw driver found dead in open sewage drain near Ambattur lake. ,Ambattur,2026-09-20T23:31,"Waterlogging, Mogappair",Collr inspection: water enterde houses at mogappair (karpagam ave) nearly 2 ft inside. reqeusting inspection.,Mogappair,256.0,50.6,,,
NEWS-20260924-45cb8dafcc1a4502~POL-20260918-0053,NEWS-20260924-45cb8dafcc1a4502,POL-20260918-0053,police,linked,1.0,0.702,2026-09-18T10:45,சென்னை தி.நகரில் கத்தி முனையில் ரூ.11 லட்சம் கொள்ளை - 4 பேர் கைது,சென்னை தி.நகரில் கத்தி முனையில் ரூ.11 லட்சம் கொள்ளை - 4 பேர் கைது. சென்னை தி.நகரில் கத்தி முனையில் ரூ.11 லட்சம் கொள்ளை - 4 பேர் கைது. ,T. Nagar,2026-09-18T19:38,Chain snatched from pedestrian near Panagal Park,"Two men on a motorcycle snatched a 5-sovereign gold chain from an elderly man near Panagal Park, T. Nagar around 7.25 pm; the victim was not injured.",T. Nagar,87.0,8.9,,,
NEWS-20260924-1439e96829644e3f~POL-20260731-0014,NEWS-20260924-1439e96829644e3f,POL-20260731-0014,police,linked,1.0,0.46,2026-07-31T12:30,"Double murder in Anna Nagar: Two brothers arrested for killing mother, younger sibling over property dispute","Double murder in Anna Nagar: Two brothers arrested for killing mother, younger sibling over property dispute. Double murder in Anna Nagar: Two brothers arrested for killing mother, younger sibling over property dispute. ",Anna Nagar,2026-07-31T05:36,Motorcycle stolen near Anna Nagar Roundtana,"A motorcycle parked near Anna Nagar Roundtana, Anna Nagar was stolen around 5.00 am.",Anna Nagar,246.0,6.9,,,
NEWS-20260924-168ce7e9776843e4~PWD-INC-059603,NEWS-20260924-168ce7e9776843e4,PWD-INC-059603,pwd,linked,1.0,0.07,2026-09-18T20:52,Autorickshaw driver found dead in open sewage drain near Ambattur lake,Autorickshaw driver found dead in open sewage drain near Ambattur lake. Autorickshaw driver found dead in open sewage drain near Ambattur lake. ,Ambattur,2026-09-20T11:34,"Waterlogging, Ambattur","East St Ambattur la 1.5 adi thanni thngi irukku, vandi poga mudiyala. 2 naala.",Ambattur,157.0,38.7,,,
NEWS-20260924-3c6b119163e14454~POL-20260720-0033,NEWS-20260924-3c6b119163e14454,POL-20260720-0033,police,linked,1.0,0.919,2026-07-20T12:30,"Perungudi woman strangled, stabbed to death by son","Perungudi woman strangled, stabbed to death by son. Perungudi woman strangled, stabbed to death by son. ",Perungudi,2026-07-20T18:18,Road rage: motorist assaulted on Perungudi Toll Plaza,Two drivers fought after a traffic dispute at Perungudi around 6.05 pm; one person was injured.,Perungudi,122.0,5.8,,,
NEWS-20260924-b76f942e83004446~GRV-2026-163XFC,NEWS-20260924-b76f942e83004446,GRV-2026-163XFC,grievance,linked,1.0,0.647,2026-07-19T12:30,"Chennai: Official apathy led to power outage for a month, allege Pulianthope families","Chennai: Official apathy led to power outage for a month, allege Pulianthope families. Chennai: Official apathy led to power outage for a month, allege Pulianthope families. ",Pulianthope,2026-07-20T15:24,"Electric shock due to street light, V.V Koil Street, Ward 77",I am a resident of Kosapet for many years. People are getting electric shock from the street light pole on V.V Koil Street. Live wire is exposed. The light flickers and goes off after 9 pm. 32 families in our lane face this daily. Children going to school are badly affected. Kindly take immediate action.,"V.V Koil Street, Kosapet, Kosapet",255.0,26.9,,,
NEWS-20260924-168ce7e9776843e4~PWD-INC-059526,NEWS-20260924-168ce7e9776843e4,PWD-INC-059526,pwd,linked,1.0,0.139,2026-09-18T20:52,Autorickshaw driver found dead in open sewage drain near Ambattur lake,Autorickshaw driver found dead in open sewage drain near Ambattur lake. Autorickshaw driver found dead in open sewage drain near Ambattur lake. ,Ambattur,2026-09-19T07:56,"Waterlogging, Ambattur","veetukulla thanni vandhuduchu ambattur anna st, muttu alavu. pls action edunga.",Ambattur,181.0,11.1,,,
NEWS-20260924-155da5d182c8497b~POL-20260815-0059,NEWS-20260924-155da5d182c8497b,POL-20260815-0059,police,linked,1.0,0.813,2026-08-15T12:30,Three arrested for murder of 80-year-old woman in T Nagar,Three arrested for murder of 80-year-old woman in T Nagar. Three arrested for murder of 80-year-old woman in T Nagar. ,T. Nagar,2026-08-15T21:13,An elderly man with memory loss missing from T. Nagar,"An elderly man with memory loss was last seen near Pondy Bazaar, T. Nagar around 11.20 am; relatives lodged a complaint.",T. Nagar,430.0,8.7,,,
NEWS-20260924-95f945d68c09418f~POL-20260830-0066,NEWS-20260924-95f945d68c09418f,POL-20260830-0066,police,linked,1.0,0.617,2026-08-30T12:30,2 pelicans attacked at Korattur Lake in 2 days; one dies of injuries,2 pelicans attacked at Korattur Lake in 2 days; one dies of injuries. 2 pelicans attacked at Korattur Lake in 2 days; one dies of injuries. ,Korattur,2026-08-30T19:00,Bike-borne duo snatch gold chain in Korattur,A woman lost a 3-sovereign chain to bike-borne snatchers in Korattur around 5.50 am.,Korattur,63.0,6.5,,,
NEWS-20260924-856bce3867d24711~POL-20260815-0059,NEWS-20260924-856bce3867d24711,POL-20260815-0059,police,linked,1.0,0.851,2026-08-15T12:30,"Three, including domestic worker, arrested for murdering elderly woman in T. Nagar","Three, including domestic worker, arrested for murdering elderly woman in T. Nagar. Three, including domestic worker, arrested for murdering elderly woman in T. Nagar. ",T. Nagar,2026-08-15T21:13,An elderly man with memory loss missing from T. Nagar,"An elderly man with memory loss was last seen near Pondy Bazaar, T. Nagar around 11.20 am; relatives lodged a complaint.",T. Nagar,430.0,8.7,,,
NEWS-20260924-af5974e080734989~POL-20260912-0028,NEWS-20260924-af5974e080734989,POL-20260912-0028,police,linked,1.0,0.949,2026-09-11T12:30,Street dog in Besant Nagar 'stolen',Street dog in Besant Nagar 'stolen'. Street dog in Besant Nagar 'stolen'. ,Besant Nagar,2026-09-12T14:02,OTP scam reported in Besant Nagar,"OTP fraud: Rs 90,000 withdrawn from the account of a person in Besant Nagar, call received around 7.20 pm.",Besant Nagar,181.0,25.5,,,
NEWS-20260924-95f945d68c09418f~POL-20260830-0020,NEWS-20260924-95f945d68c09418f,POL-20260830-0020,police,linked,1.0,0.948,2026-08-30T12:30,2 pelicans attacked at Korattur Lake in 2 days; one dies of injuries,2 pelicans attacked at Korattur Lake in 2 days; one dies of injuries. 2 pelicans attacked at Korattur Lake in 2 days; one dies of injuries. ,Korattur,2026-08-30T07:26,Chain snatched from pedestrian near Korattur Lake,"Two men on a motorcycle snatched a 3-sovereign gold chain from a woman near Korattur Lake, Korattur around 7.00 am; the victim was not injured.",Korattur,102.0,5.1,,,
NEWS-20260924-af6ca96043f848d3~PWD-INC-058780,NEWS-20260924-af6ca96043f848d3,PWD-INC-058780,pwd,linked,1.0,0.707,2026-09-07T12:30,Security guard killed as sewage truck crashes into Sholinganallur apartment wall,Security guard killed as sewage truck crashes into Sholinganallur apartment wall. Security guard killed as sewage truck crashes into Sholinganallur apartment wall. ,Sholinganallur,2026-09-06T19:02,"Blocked drain, Pallikaranai",Pallikaranai Marsh Outlet Drain blocked with silt and plastic at Pallikaranai near EB office. Water not draining. Requesting inspection.,Pallikaranai (Pallikaranai Marsh Outlet Drain),354.0,17.5,,,
NEWS-20260927-22e0fe56e6a546db~GRV-2026-565SYK,NEWS-20260927-22e0fe56e6a546db,GRV-2026-565SYK,grievance,linked,1.0,0.598,2026-09-26T23:42,Power outage triggers road Blockade in North Chennai,"Power outage triggers road Blockade in North Chennai. . Chennai: Angry residents, woken up by an unscheduled power cut in the middle of the night, staged a road blockade on Paper Mills Road in Perambur, under Kolathur assembly constituency, early on Saturday. The power outage in DD Thottam and surrounding areas lasted more than two hours. The protestors, who had gathered around 3.30am, dispersed a",Taramani,2026-09-26T14:31,சாலை பிரச்சினை,நடைபாதையில் வாகனங்கள் நிறுத்தப்படுகின்றன. மக்கள் சாலையில் நடக்க வேண்டியுள்ளது. குழாய் பதிக்கத் தோண்டிய சாலை மீண்டும் போடப்படவில்லை. கடந்த மாதம் போட்ட ஒட்டுவேலை ஏற்கனவே பெயர்ந்துவிட்டது.,"Perunthalivar Kamarj Nagar 4Th West Street, Kamaraj Nagar, Taramani",296.0,9.2,,,
NEWS-20260930-9cdafebfe3ea402d~POL-20260930-0013,NEWS-20260930-9cdafebfe3ea402d,POL-20260930-0013,police,linked,1.0,0.513,2026-09-30T10:18,"Key road caves in again in Chennai, now 20 ft deep","Key road caves in again in Chennai, now 20 ft deep. . CHENNAI: A section of Perambur Barracks Road caved in on Tuesday afternoon, leaving behind a massive sinkhole nearly 20 feet deep. This is the third such cave-in on this stretch since 2022. It was caused by a burst in the ageing gravity sewer line running beneath the road. Officials told TNIE that they don’t plan to overhaul the ageing pipeline",Perambur Barracks,2026-09-30T06:43,Road accident involving cab and bike at Perambur,"A cab collided with a two-wheeler near Perambur Barracks Road, Perambur around 6.40 am; two persons were injured.",Perambur,260.0,3.6,,,
NEWS-20260924-1e165595578a480d~POL-20260909-0045,NEWS-20260924-1e165595578a480d,POL-20260909-0045,police,linked,1.0,0.639,2026-09-09T12:30,Chennai: Potholes on NT Patel Road in Nerkundram trouble motorists,Chennai: Potholes on NT Patel Road in Nerkundram trouble motorists. Chennai: Potholes on NT Patel Road in Nerkundram trouble motorists. ,Nerkundram,2026-09-09T13:03,Auto topples after swerving at Nerkundram Bus Stop,Auto overturned at Nerkundram around 8.40 am with three on board; two persons were injured.,Nerkundram,245.0,0.6,,,
NEWS-20261001-28f8369d82404a09~POL-20260929-0047,NEWS-20261001-28f8369d82404a09,POL-20260929-0047,police,linked,1.0,0.562,2026-09-30T15:00,Knifepoint robberies shock T Nagar residents,Knifepoint robberies shock T Nagar residents. Knifepoint robberies shock T Nagar residents. ,T. Nagar,2026-09-29T18:32,Two-wheeler stolen near Ranganathan Street,"A two-wheeler parked near Ranganathan Street, T. Nagar was stolen around 2.50 am.",T. Nagar,230.0,20.5,,,
NEWS-20260924-0e66e51a6f994f13~PWD-INC-057904,NEWS-20260924-0e66e51a6f994f13,PWD-INC-057904,pwd,linked,1.0,0.57,2026-08-21T12:30,Illegal sewage outfall into Buckingham Canal troubles Tondiarpet residents,Illegal sewage outfall into Buckingham Canal troubles Tondiarpet residents. Illegal sewage outfall into Buckingham Canal troubles Tondiarpet residents. ,Tondiarpet,2026-08-23T15:29,"Blocked drain, Korukkupet","Field: silt accumulated in Buckingham Canal - Korukkupet stretch near park, Korukkupet. Desilting needed. Elderly people struggling.",Korukkupet (Buckingham Canal - Korukkupet stretch),789.0,51.0,,,
NEWS-20261001-e4b3d0be050745d7~POL-20260929-0034,NEWS-20261001-e4b3d0be050745d7,POL-20260929-0034,police,linked,1.0,0.618,2026-09-30T16:14,Two arrested for stealing gold from grocery shop owner’s house in Maduravoyal,"Two arrested for stealing gold from grocery shop owner’s house in Maduravoyal. One of the accused was employed by the grocery shop owner. A 20-year-old man and a woman were arrested for allegedly stealing gold jewellery from the house of the former’s employer in Maduravoyal. The police said Selvam, 60, a grocery shop owner from Krishna Nagar, Maduravoyal, noticed on September 17 that around 21 sov",Maduravoyal,2026-09-29T14:35,Online payment fraud complaint from Maduravoyal,"UPI scam reported from Maduravoyal: Rs 32,000 lost through a payment request, around 2.30 pm.",Maduravoyal,236.0,25.7,,,
NEWS-20260924-168ce7e9776843e4~PWD-INC-059557,NEWS-20260924-168ce7e9776843e4,PWD-INC-059557,pwd,linked,1.0,0.547,2026-09-18T20:52,Autorickshaw driver found dead in open sewage drain near Ambattur lake,Autorickshaw driver found dead in open sewage drain near Ambattur lake. Autorickshaw driver found dead in open sewage drain near Ambattur lake. ,Ambattur,2026-09-19T18:44,"Lake surplus, Ambattur","Ambattur Lake full, surplus thanni Main Rd Ambattur kulla varudhu. romba kashtama irukku.",Ambattur (Ambattur Lake),251.0,21.9,,,
NEWS-20260924-168ce7e9776843e4~PWD-INC-059556,NEWS-20260924-168ce7e9776843e4,PWD-INC-059556,pwd,linked,1.0,0.045,2026-09-18T20:52,Autorickshaw driver found dead in open sewage drain near Ambattur lake,Autorickshaw driver found dead in open sewage drain near Ambattur lake. Autorickshaw driver found dead in open sewage drain near Ambattur lake. ,Ambattur,2026-09-19T18:37,"Waterlogging, Mogappair","Waist-level water on Tank St near Mogappair bus route, traffic diverted. Since last night.",Mogappair,555.0,21.7,,,
NEWS-20260930-cf12d04f12c04268~POL-20260929-0047,NEWS-20260930-cf12d04f12c04268,POL-20260929-0047,police,linked,1.0,0.837,2026-09-30T08:08,Woman robbed of 10 sovereigns at knifepoint in T Nagar,Woman robbed of 10 sovereigns at knifepoint in T Nagar. Woman robbed of 10 sovereigns at knifepoint in T Nagar. ,T. Nagar,2026-09-29T18:32,Two-wheeler stolen near Ranganathan Street,"A two-wheeler parked near Ranganathan Street, T. Nagar was stolen around 2.50 am.",T. Nagar,230.0,13.6,,,
NEWS-20260924-1439e96829644e3f~POL-20260731-0034,NEWS-20260924-1439e96829644e3f,POL-20260731-0034,police,linked,1.0,0.424,2026-07-31T12:30,"Double murder in Anna Nagar: Two brothers arrested for killing mother, younger sibling over property dispute","Double murder in Anna Nagar: Two brothers arrested for killing mother, younger sibling over property dispute. Double murder in Anna Nagar: Two brothers arrested for killing mother, younger sibling over property dispute. ",Anna Nagar,2026-07-31T09:24,Two-wheeler theft reported in Anna Arch,Owner reported that a motorcycle left outside a house in Anna Arch went missing around 4.10 am.,Anna Arch,413.0,3.1,,,
NEWS-20260924-1439e96829644e3f~POL-20260731-0047,NEWS-20260924-1439e96829644e3f,POL-20260731-0047,police,linked,1.0,0.709,2026-07-31T12:30,"Double murder in Anna Nagar: Two brothers arrested for killing mother, younger sibling over property dispute","Double murder in Anna Nagar: Two brothers arrested for killing mother, younger sibling over property dispute. Double murder in Anna Nagar: Two brothers arrested for killing mother, younger sibling over property dispute. ",Anna Nagar,2026-07-31T13:40,"UPI fraud: Anna Nagar West trader cheated of Rs 36,000","A shop owner in Anna Nagar West lost Rs 36,000 after approving a fake UPI collect request around 9.40 am.",Anna Nagar West,1175.0,1.2,,,
NEWS-20261001-011b532bc68941c4~POL-20260930-0013,NEWS-20261001-011b532bc68941c4,POL-20260930-0013,police,linked,1.0,0.053,2026-09-30T16:17,"Key road caves in again, now 20 ft deep | The New Indian Express Chennai - newspaper","Key road caves in again, now 20 ft deep | The New Indian Express Chennai - newspaper. Key road caves in again, now 20 ft deep | The New Indian Express Chennai - newspaper. ",Perambur Barracks,2026-09-30T06:43,Road accident involving cab and bike at Perambur,"A cab collided with a two-wheeler near Perambur Barracks Road, Perambur around 6.40 am; two persons were injured.",Perambur,260.0,9.6,,,
NEWS-20260924-168ce7e9776843e4~PWD-INC-059540,NEWS-20260924-168ce7e9776843e4,PWD-INC-059540,pwd,linked,1.0,0.061,2026-09-18T20:52,Autorickshaw driver found dead in open sewage drain near Ambattur lake,Autorickshaw driver found dead in open sewage drain near Ambattur lake. Autorickshaw driver found dead in open sewage drain near Ambattur lake. ,Ambattur,2026-09-19T15:21,"Canal overflow, Mogappair","The canal overflowing near Main Rd, Mogappair. Water entering nearby houses. Pls take action.",Mogappair,446.0,18.5,,,
NEWS-20260924-a567dd17ba864359~POL-20260815-0059,NEWS-20260924-a567dd17ba864359,POL-20260815-0059,police,linked,1.0,0.846,2026-08-15T12:30,Elderly woman murdered at her apartment in T. Nagar; domestic help and two others detained,Elderly woman murdered at her apartment in T. Nagar; domestic help and two others detained. Elderly woman murdered at her apartment in T. Nagar; domestic help and two others detained. ,T. Nagar,2026-08-15T21:13,An elderly man with memory loss missing from T. Nagar,"An elderly man with memory loss was last seen near Pondy Bazaar, T. Nagar around 11.20 am; relatives lodged a complaint.",T. Nagar,430.0,8.7,,,
NEWS-20260924-168ce7e9776843e4~PWD-INC-059552,NEWS-20260924-168ce7e9776843e4,PWD-INC-059552,pwd,linked,1.0,0.068,2026-09-18T20:52,Autorickshaw driver found dead in open sewage drain near Ambattur lake,Autorickshaw driver found dead in open sewage drain near Ambattur lake. Autorickshaw driver found dead in open sewage drain near Ambattur lake. ,Ambattur,2026-09-19T17:58,"Canal overflow, Mogappair","canal level romba yeriduchu Mogappair, veedu kulla vara chance irukku.",Mogappair,61.0,21.1,,,
NEWS-20260924-35eaec75b7504377~POL-20260819-0069,NEWS-20260924-35eaec75b7504377,POL-20260819-0069,police,linked,1.0,0.547,2026-08-20T12:30,Man dies by suicide at Kilpauk Government Hospital,Man dies by suicide at Kilpauk Government Hospital. Man dies by suicide at Kilpauk Government Hospital. ,Kilpauk,2026-08-19T23:39,Illicit liquor seized in Kilpauk,Illegal sale of liquor outside permitted hours raided in Kilpauk around 8.30 pm; 60 litres seized.,Kilpauk,56.0,12.8,,,
NEWS-20260924-d43196d2e4834445~GRV-2026-078ZAD,NEWS-20260924-d43196d2e4834445,GRV-2026-078ZAD,grievance,linked,1.0,0.653,2026-09-17T08:42,"Velachery's pothole problem awaits fix, corporation says work will begin soon","Velachery's pothole problem awaits fix, corporation says work will begin soon. Velachery's pothole problem awaits fix, corporation says work will begin soon. ",Velachery,2026-09-16T18:34,"Pot hole fill up / Repairs to the damaged surface, Sundara Murthy Street South, Ward 177",Deep pothole on Sundara Murthy Street South is filled with rain water and not visible to motorists. It is like this every weekend.,"Sundara Murthy Street South, Adambakkam, Adambakkam",1147.0,14.1,,,
NEWS-20260924-cdd12971b89b47ef~GRV-2026-906PUN,NEWS-20260924-cdd12971b89b47ef,GRV-2026-906PUN,grievance,review,1.2,0.279,2026-09-19T07:21,Vyasarpadi residents stage road blockade over prolonged power cuts,Vyasarpadi residents stage road blockade over prolonged power cuts. Vyasarpadi residents stage road blockade over prolonged power cuts. ,Vyasarpadi,2026-09-22T02:30,"Shifting of Street light pole, Varadhan Street, Ward 45",I am a resident of Arundhathi Nagar for many years. Street light problem near Police booth: shifting of street light pole. The light flickers and goes off after 9 pm. Chain snatching happened here last week because it is dark. The whole stretch of around 60 metres is affected. Please resolve at the earliest.,"Varadhan Street, Arundhathi Nagar, Mettupalayam",434.0,67.1,,,
NEWS-20260929-1bd94aaadd5446c8~POL-20260929-0006,NEWS-20260929-1bd94aaadd5446c8,POL-20260929-0006,police,review,1.2,0.462,2026-09-29T00:30,Youth held for abducting mobile phone shop owner in Chintadripet over alleged loan dispute,"Youth held for abducting mobile phone shop owner in Chintadripet over alleged loan dispute. The police are continuing efforts to trace the other accused. A 24-year-old youth was arrested for allegedly abducting a mobile phone shop owner in a car in Chintadripet, after luring him out of his shop on the pretext of collecting money and threatening him over a ₹10 lakh-loan given to the victim’s brothe",Chintadripet,2026-09-29T02:36,Quarrel turns violent at Chintadripet,Assault reported in Chintadripet around 9.00 pm following a verbal dispute. One person was injured.,Chintadripet,415.0,2.1,,,
NEWS-20260924-9c6fbae64d3c4af7~POL-20260902-0052,NEWS-20260924-9c6fbae64d3c4af7,POL-20260902-0052,police,review,1.2,0.413,2026-09-02T08:39,புழல் காவாங்கரை தனியார் மீன் மார்க்கெட்டால் தேசிய நெடுஞ்சாலையில் போக்குவரத்து நெரிசல்: வாகன ஓட்டிகள் கடும் அவதி,புழல் காவாங்கரை தனியார் மீன் மார்க்கெட்டால் தேசிய நெடுஞ்சாலையில் போக்குவரத்து நெரிசல்: வாகன ஓட்டிகள் கடும் அவதி. புழல் காவாங்கரை தனியார் மீன் மார்க்கெட்டால் தேசிய நெடுஞ்சாலையில் போக்குவரத்து நெரிசல்: வாகன ஓட்டிகள் கடும் அவதி. ,Puzhal,2026-09-02T22:21,Vehicle breakdown obstructs traffic near Puzhal Central Prison,Stalled MTC bus blocked one lane near Puzhal Central Prison in Puzhal around 9.50 pm. Traffic was held up for about 40 minutes.,Puzhal,551.0,13.7,,,
NEWS-20260924-8d20784339fd41ca~GRV-2026-144MNY,NEWS-20260924-8d20784339fd41ca,GRV-2026-144MNY,grievance,review,1.2,0.425,2026-09-19T19:58,மழையே பெய்யாமல் சாலையில் பெருகும் கழிவுநீர்: அதிகாரிகள் நடவடிக்கை எடுக்க புது வண்ணாரப்பேட்டை மக்கள் கோரிக்கை..!,மழையே பெய்யாமல் சாலையில் பெருகும் கழிவுநீர்: அதிகாரிகள் நடவடிக்கை எடுக்க புது வண்ணாரப்பேட்டை மக்கள் கோரிக்கை..!. மழையே பெய்யாமல் சாலையில் பெருகும் கழிவுநீர்: அதிகாரிகள் நடவடிக்கை எடுக்க புது வண்ணாரப்பேட்டை மக்கள் கோரிக்கை..!. ,Washermanpet,2026-09-19T15:20,Rain water not draining,Knee-deep water stagnation near Amma Unavagam; vehicles cannot pass. The road level was raised and now water enters the houses. 14 families in our lane face this daily. Children going to school are badly affected. Please resolve at the earliest.,"Manali Salai Part (Gopal Reddy Nagar), Gopal Reddy Nagar, Korukkupet",157.0,4.6,,,
NEWS-20260924-626a30d175484ce4~POL-20260918-0060,NEWS-20260924-626a30d175484ce4,POL-20260918-0060,police,review,1.2,0.403,2026-09-18T20:02,"விநாயகர் சிலைக்கு அணிவித்த ரூ.10,000 பண மாலை திருட்டு - சென்னையில் 6 பேர் கைது","விநாயகர் சிலைக்கு அணிவித்த ரூ.10,000 பண மாலை திருட்டு - சென்னையில் 6 பேர் கைது. விநாயகர் சிலைக்கு அணிவித்த ரூ.10,000 பண மாலை திருட்டு - சென்னையில் 6 பேர் கைது. ",Tondiarpet,2026-09-18T22:29,Fake police video call cheats Tondiarpet resident,"A person in Tondiarpet transferred Rs 15,17,000 after a fake 'digital arrest' call claiming a parcel had contraband.",Tondiarpet,256.0,2.4,,,
NEWS-20260924-963e85428fda439a~PWD-INC-055384,NEWS-20260924-963e85428fda439a,PWD-INC-055384,pwd,review,1.2,0.387,2026-07-16T12:30,Chennai Citizen Connect: Residents of Adambakkam urge the GCC to remove the encroachments on the busy Brindavan Nagar Main Road,Chennai Citizen Connect: Residents of Adambakkam urge the GCC to remove the encroachments on the busy Brindavan Nagar Main Road. Chennai Citizen Connect: Residents of Adambakkam urge the GCC to remove the encroachments on the busy Brindavan Nagar Main Road. ,Adambakkam,2026-07-12T08:47,"Encroachment, Palavanthangal","From Collectorate - illegal construction inside Palavanthangal Lake waterspread area, Palavanthangal. Requesting inspection.",Palavanthangal (Palavanthangal Lake),216.0,99.7,,,
NEWS-20260929-23b3c1290c68402c~POL-20260930-0013,NEWS-20260929-23b3c1290c68402c,POL-20260930-0013,police,review,1.2,0.346,2026-09-29T17:52,பெரம்பூர் பேரக்ஸ் சாலையில் திடீர் பள்ளம்; 15 அடி ஆழத்தில் உள்வாங்கிய ரோடு,பெரம்பூர் பேரக்ஸ் சாலையில் திடீர் பள்ளம்; 15 அடி ஆழத்தில் உள்வாங்கிய ரோடு. பெரம்பூர் பேரக்ஸ் சாலையில் திடீர் பள்ளம்; 15 அடி ஆழத்தில் உள்வாங்கிய ரோடு. ,Perambur,2026-09-30T06:43,Road accident involving cab and bike at Perambur,"A cab collided with a two-wheeler near Perambur Barracks Road, Perambur around 6.40 am; two persons were injured.",Perambur,298.0,12.9,,,
NEWS-20260930-bad80c9c11ec416e~POL-20260930-0013,NEWS-20260930-bad80c9c11ec416e,POL-20260930-0013,police,review,1.2,0.309,2026-09-29T17:24,அதிர்ச்சி... பெரம்பூரில் சாலையின் நடுவே திடீர் பள்ளம்..! பீதியில் பொதுமக்கள்..!!,அதிர்ச்சி... பெரம்பூரில் சாலையின் நடுவே திடீர் பள்ளம்..! பீதியில் பொதுமக்கள்..!!. அதிர்ச்சி... பெரம்பூரில் சாலையின் நடுவே திடீர் பள்ளம்..! பீதியில் பொதுமக்கள்..!!. ,Perambur,2026-09-30T06:43,Road accident involving cab and bike at Perambur,"A cab collided with a two-wheeler near Perambur Barracks Road, Perambur around 6.40 am; two persons were injured.",Perambur,298.0,13.3,,,
NEWS-20260924-324208c2d53049be~GRV-2026-202CQG,NEWS-20260924-324208c2d53049be,GRV-2026-202CQG,grievance,review,1.2,0.451,2026-08-28T12:30,Woman died of electrocution in Anna Nagar: Police,Woman died of electrocution in Anna Nagar: Police. Woman died of electrocution in Anna Nagar: Police. ,Anna Nagar,2026-08-27T19:19,"Other / not listed above, Nvn Nagar 3Rd Street, Ward 99",No electricity in the corporation night shelter for three days.,"Nvn Nagar 3Rd Street, Nvn Nagar, Thirumangalam",1435.0,17.2,,,
NEWS-20260924-1439e96829644e3f~POL-20260730-0040,NEWS-20260924-1439e96829644e3f,POL-20260730-0040,police,review,1.2,0.4,2026-07-31T12:30,"Double murder in Anna Nagar: Two brothers arrested for killing mother, younger sibling over property dispute","Double murder in Anna Nagar: Two brothers arrested for killing mother, younger sibling over property dispute. Double murder in Anna Nagar: Two brothers arrested for killing mother, younger sibling over property dispute. ",Anna Nagar,2026-07-30T17:39,Chain snatching reported at Anna Nagar West,Chain snatching near Thirumangalam Junction (Anna Nagar West) around 5.25 pm: 2 sovereigns taken from an elderly man.,Anna Nagar West,1133.0,18.8,,,
NEWS-20260924-bedc3a69fb64410b~POL-20260909-0042,NEWS-20260924-bedc3a69fb64410b,POL-20260909-0042,police,review,1.2,0.317,2026-09-09T12:30,"Woman dies, 2 injured in bike collision in Tondiarpet","Woman dies, 2 injured in bike collision in Tondiarpet. Woman dies, 2 injured in bike collision in Tondiarpet. ",Tondiarpet,2026-09-09T12:02,Bike rider loses control near Kasimedu Fishing Harbour,Police were alerted that a motorcycle lost control on Kasimedu Fishing Harbour in Kasimedu around 11.55 am. One person was injured and traffic was not affected.,Kasimedu,1020.0,0.5,,,
NEWS-20260924-ade0539964094ba1~GRV-2026-244QML,NEWS-20260924-ade0539964094ba1,GRV-2026-244QML,grievance,review,1.2,0.295,2026-09-20T07:35,ஆலந்தூர் மற்றும் அடையாறு மண்டலங்களில் மழை வெள்ளம் சூழும் பகுதிகளை கண்டறிந்து படகுகளை தயார் நிலையில் வைக்க வேண்டும்: ஆய்வு க,ஆலந்தூர் மற்றும் அடையாறு மண்டலங்களில் மழை வெள்ளம் சூழும் பகுதிகளை கண்டறிந்து படகுகளை தயார் நிலையில் வைக்க வேண்டும்: ஆய்வு க. ஆலந்தூர் மற்றும் அடையாறு மண்டலங்களில் மழை வெள்ளம் சூழும் பகுதிகளை கண்டறிந்து படகுகளை தயார் நிலையில் வைக்க வேண்டும்: ஆய்வு க. ,Adyar,2026-09-20T06:41,Drain problem,There is no storm water drain in our area. Every rain the whole street goes under water. Sewage is mixing with the rain water and entering houses. Please do the needful.,"Navarathina, Anna Colony, Besant Nagar",739.0,0.9,,,
NEWS-20260924-d274e205d925460d~PWD-INC-059583,NEWS-20260924-d274e205d925460d,PWD-INC-059583,pwd,review,1.2,0.302,2026-09-19T16:24,Water supply to be hit in parts of Sholinganallur,Water supply to be hit in parts of Sholinganallur. Water supply to be hit in parts of Sholinganallur. ,Sholinganallur,2026-09-20T06:08,"Bund breach, Perungudi","Field: bund cut in Perungudi Lake (Perungudi), water entering Subramaniyar Koil St. Since 4 days. No one has come so far.",Perungudi (Perungudi Lake),778.0,13.7,,,
NEWS-20260924-7b71fa11caee4893~POL-20260907-0007,NEWS-20260924-7b71fa11caee4893,POL-20260907-0007,police,review,1.2,0.514,2026-09-05T12:30,"Officials Say No E.Coli in Anna Nagar Drinking Water, But There Is Foul Smell","Officials Say No E.Coli in Anna Nagar Drinking Water, But There Is Foul Smell. Officials Say No E.Coli in Anna Nagar Drinking Water, But There Is Foul Smell. ",Anna Nagar,2026-09-07T02:22,Inundation strands families at Anna Nagar West,Rainwater entered houses in Anna Nagar West around 4.55 pm; about 15 residents were stranded and traffic was held up for about 180 minutes.,Anna Nagar West,1077.0,37.9,,,
NEWS-20261001-d05fdb89e6264da5~POL-20260929-0005,NEWS-20261001-d05fdb89e6264da5,POL-20260929-0005,police,review,1.2,0.313,2026-09-29T16:30,கழிவுநீா் குழாய் சீரமைக்கும் பணி: காசிமேடு பகுதியில் போக்குவரத்து மாற்றம்,கழிவுநீா் குழாய் சீரமைக்கும் பணி: காசிமேடு பகுதியில் போக்குவரத்து மாற்றம். கழிவுநீா் குழாய் சீரமைக்கும் பணி: காசிமேடு பகுதியில் போக்குவரத்து மாற்றம். ,Kasimedu,2026-09-29T02:11,Encroachment and parking cause jam at Kasimedu,Road at Kasimedu was choked by parked vehicles around 5.50 pm; traffic was held up for about 35 minutes.,Kasimedu,672.0,14.3,,,
NEWS-20260924-88656429afba44aa~PWD-INC-059533,NEWS-20260924-88656429afba44aa,PWD-INC-059533,pwd,review,1.2,0.337,2026-09-19T09:38,"Sholinganallur Pipeline Work: Metro Water Supply Affected in Zones 13, 14","Sholinganallur Pipeline Work: Metro Water Supply Affected in Zones 13, 14. Sholinganallur Pipeline Work: Metro Water Supply Affected in Zones 13, 14. ",Sholinganallur,2026-09-19T10:49,"Waterlogging, Thoraipakkam","Dear sir, Waterlogging reported at School St, Thoraipakkam - about 1.5 ft water, vehicles unable to move. Residents facing hardship.",Thoraipakkam,840.0,1.2,,,
NEWS-20260924-d274e205d925460d~PWD-INC-059533,NEWS-20260924-d274e205d925460d,PWD-INC-059533,pwd,review,1.2,0.358,2026-09-19T16:24,Water supply to be hit in parts of Sholinganallur,Water supply to be hit in parts of Sholinganallur. Water supply to be hit in parts of Sholinganallur. ,Sholinganallur,2026-09-19T10:49,"Waterlogging, Thoraipakkam","Dear sir, Waterlogging reported at School St, Thoraipakkam - about 1.5 ft water, vehicles unable to move. Residents facing hardship.",Thoraipakkam,840.0,5.6,,,
NEWS-20261001-41c20f0e35714e65~POL-20261001-0009,NEWS-20261001-41c20f0e35714e65,POL-20261001-0009,police,review,1.2,0.298,2026-09-30T09:52,முதல்வர் விஜய்யின் பெரம்பூர் தொகுதியில் சாலையில் திடீரென ஏற்பட்ட பள்ளம்.. வாகன ஓட்டிகள் அதிர்ச்சி!,முதல்வர் விஜய்யின் பெரம்பூர் தொகுதியில் சாலையில் திடீரென ஏற்பட்ட பள்ளம்.. வாகன ஓட்டிகள் அதிர்ச்சி!. முதல்வர் விஜய்யின் பெரம்பூர் தொகுதியில் சாலையில் திடீரென ஏற்பட்ட பள்ளம்.. வாகன ஓட்டிகள் அதிர்ச்சி!. ,Perambur,2026-10-01T02:36,Vehicle hits pedestrian crossing road at Perambur Railway Station,A speeding vehicle knocked down a pedestrian on Perambur Railway Station in Perambur around 4.40 pm. One person was injured.,Perambur,258.0,16.7,,,
NEWS-20260927-22e0fe56e6a546db~POL-20260927-0028,NEWS-20260927-22e0fe56e6a546db,POL-20260927-0028,police,review,1.2,0.28,2026-09-26T23:42,Power outage triggers road Blockade in North Chennai,"Power outage triggers road Blockade in North Chennai. . Chennai: Angry residents, woken up by an unscheduled power cut in the middle of the night, staged a road blockade on Paper Mills Road in Perambur, under Kolathur assembly constituency, early on Saturday. The power outage in DD Thottam and surrounding areas lasted more than two hours. The protestors, who had gathered around 3.30am, dispersed a",Taramani,2026-09-27T09:24,Motorcycle accident on Tidel Park in Taramani,Police were alerted that a motorcycle lost control on Tidel Park in Taramani around 9.20 am. One person was injured and traffic was held up for about 15 minutes.,Taramani,194.0,9.7,,,
NEWS-20260924-aa738e8233b647f2~POL-20260822-0003,NEWS-20260924-aa738e8233b647f2,POL-20260822-0003,police,review,1.2,0.343,2026-08-22T12:30,திருவொற்றியூரில் பாதாள சாக்கடை பணியின் போது மண் சரிந்து விபத்து; ஒருவர் பலி,திருவொற்றியூரில் பாதாள சாக்கடை பணியின் போது மண் சரிந்து விபத்து; ஒருவர் பலி. திருவொற்றியூரில் பாதாள சாக்கடை பணியின் போது மண் சரிந்து விபத்து; ஒருவர் பலி. ,Thiruvottiyur,2026-08-22T00:55,Tree fall emergency reported in Thiruvottiyur,"A large tree uprooted by gusty winds fell on parked vehicles near Thiruvottiyur High Road, Thiruvottiyur around 12.10 pm; three persons were injured, traffic was held up for about 135 minutes.",Thiruvottiyur,405.0,11.6,,,
NEWS-20260924-608895ed874f40a5~GRV-2026-842SFK,NEWS-20260924-608895ed874f40a5,GRV-2026-842SFK,grievance,review,1.2,0.304,2026-09-17T08:01,"Sewage pumping stations in Royapuram, Teynampet zones to be suspended for 16 hours from September 18","Sewage pumping stations in Royapuram, Teynampet zones to be suspended for 16 hours from September 18. Sewage pumping stations in Royapuram, Teynampet zones to be suspended for 16 hours from September 18. ",Royapuram,2026-09-19T16:21,"Desilting of Canal, Corporation Colony V Street, Ward 50","Desilting of Canal problem, mazhai vandha street fulla thanni nikkudhu. Ovvoru mazhaikkum bus stop kitta muttu alavu thanni nikkudhu. Morning 8 mani ku romba mosam. Evlo thadava sonnalum yaarum varala.","Corporation Colony V Street, Corporation Colony, Royapuram",673.0,56.3,,,
NEWS-20260924-83433bf45d514b12~POL-20260712-0031,NEWS-20260924-83433bf45d514b12,POL-20260712-0031,police,review,1.2,0.492,2026-07-13T12:30,மணலி அருகே லாரி மீது மோட்டார் சைக்கிள் மோதி வாலிபர் உயிரிழப்பு,மணலி அருகே லாரி மீது மோட்டார் சைக்கிள் மோதி வாலிபர் உயிரிழப்பு. மணலி அருகே லாரி மீது மோட்டார் சைக்கிள் மோதி வாலிபர் உயிரிழப்பு. ,Manali,2026-07-12T10:33,Car and motorcycle collide at Manali Express Road,Caller reported a car-bike collision on Manali Express Road in Manali around 10.30 am. Three persons were injured; traffic was not affected.,Manali,162.0,25.9,,,
NEWS-20260930-601853a601ef49e7~POL-20261001-0009,NEWS-20260930-601853a601ef49e7,POL-20261001-0009,police,review,1.2,0.298,2026-09-30T09:52,முதல்வர் விஜய்யின் பெரம்பூர் தொகுதியில் சாலையில் திடீரென ஏற்பட்ட பள்ளம்.. வாகன ஓட்டிகள் அதிர்ச்சி!,முதல்வர் விஜய்யின் பெரம்பூர் தொகுதியில் சாலையில் திடீரென ஏற்பட்ட பள்ளம்.. வாகன ஓட்டிகள் அதிர்ச்சி!. முதல்வர் விஜய்யின் பெரம்பூர் தொகுதியில் சாலையில் திடீரென ஏற்பட்ட பள்ளம்.. வாகன ஓட்டிகள் அதிர்ச்சி!. ,Perambur,2026-10-01T02:36,Vehicle hits pedestrian crossing road at Perambur Railway Station,A speeding vehicle knocked down a pedestrian on Perambur Railway Station in Perambur around 4.40 pm. One person was injured.,Perambur,258.0,16.7,,,
NEWS-20260924-a31f8c4509ba4917~POL-20260920-0072,NEWS-20260924-a31f8c4509ba4917,POL-20260920-0072,police,review,1.2,0.309,2026-09-19T13:45,Chennai Road Accident Kills MTC Driver in Moolakadai Collision,Chennai Road Accident Kills MTC Driver in Moolakadai Collision. Chennai Road Accident Kills MTC Driver in Moolakadai Collision. ,Moolakadai,2026-09-20T18:33,Collision between SUV and two-wheeler in Moolakadai,"Two vehicles, a SUV and a motorcycle, collided at Moolakadai around 5.10 pm. One person died and one was injured.",Moolakadai,173.0,28.8,,,
NEWS-20260929-dea8c72c45174af5~POL-20260930-0013,NEWS-20260929-dea8c72c45174af5,POL-20260930-0013,police,review,1.2,0.317,2026-09-29T17:48,பெரம்பூரில் சாலையில் திடீர் பள்ளம்.. வாகன ஓட்டிகள் அதிர்ச்சி!,பெரம்பூரில் சாலையில் திடீர் பள்ளம்.. வாகன ஓட்டிகள் அதிர்ச்சி!. பெரம்பூரில் சாலையில் திடீர் பள்ளம்.. வாகன ஓட்டிகள் அதிர்ச்சி!. ,Perambur,2026-09-30T06:43,Road accident involving cab and bike at Perambur,"A cab collided with a two-wheeler near Perambur Barracks Road, Perambur around 6.40 am; two persons were injured.",Perambur,298.0,12.9,,,
NEWS-20260924-d43196d2e4834445~GRV-2026-004WJZ,NEWS-20260924-d43196d2e4834445,GRV-2026-004WJZ,grievance,review,1.2,0.487,2026-09-17T08:42,"Velachery's pothole problem awaits fix, corporation says work will begin soon","Velachery's pothole problem awaits fix, corporation says work will begin soon. Velachery's pothole problem awaits fix, corporation says work will begin soon. ",Velachery,2026-09-18T09:19,"Relaying of Road, Bharath  Nagar Vaigai Street, Ward 177","Bharath  Nagar Vaigai Street la kadai vechurukken. Relaying of Road problem irukku, konjam indha road-a paarunga. Engal sandhula 41 family daily kashtapadranga.","Bharath  Nagar Vaigai Street, Adambakkam, Adambakkam",932.0,24.6,,,
NEWS-20260930-147c9b0badae44aa~POL-20261001-0009,NEWS-20260930-147c9b0badae44aa,POL-20261001-0009,police,review,1.2,0.284,2026-09-29T22:52,பெரம்பூர் பேரக்ஸ் சாலையில் ஏற்பட்ட திடீர் பள்ளம். இடம் : பெரம்பூர்,பெரம்பூர் பேரக்ஸ் சாலையில் ஏற்பட்ட திடீர் பள்ளம். இடம் : பெரம்பூர். பெரம்பூர் பேரக்ஸ் சாலையில் ஏற்பட்ட திடீர் பள்ளம். இடம் : பெரம்பூர். ,Perambur,2026-10-01T02:36,Vehicle hits pedestrian crossing road at Perambur Railway Station,A speeding vehicle knocked down a pedestrian on Perambur Railway Station in Perambur around 4.40 pm. One person was injured.,Perambur,258.0,27.7,,,
NEWS-20260929-d00fbd59423e401e~POL-20260929-0055,NEWS-20260929-d00fbd59423e401e,POL-20260929-0055,police,review,1.2,0.454,2026-09-29T07:16,Chennai: Poorly maintained children’s park in Villivakkam a tippler’s den,Chennai: Poorly maintained children’s park in Villivakkam a tippler’s den. Chennai: Poorly maintained children’s park in Villivakkam a tippler’s den. ,Villivakkam,2026-09-29T19:55,Water tanker breakdown causes congestion in Villivakkam,Congestion reported at Villivakkam around 7.25 pm after a water tanker broke down; traffic was held up for about 95 minutes.,Villivakkam,230.0,12.7,,,
NEWS-20260929-60320a7a04fb4b17~POL-20260930-0013,NEWS-20260929-60320a7a04fb4b17,POL-20260930-0013,police,review,1.2,0.297,2026-09-29T11:09,பெரம்பூரில் சாலை உடைந்து மிகப்பெரிய பள்ளம்,பெரம்பூரில் சாலை உடைந்து மிகப்பெரிய பள்ளம். பெரம்பூரில் சாலை உடைந்து மிகப்பெரிய பள்ளம். ,Perambur,2026-09-30T06:43,Road accident involving cab and bike at Perambur,"A cab collided with a two-wheeler near Perambur Barracks Road, Perambur around 6.40 am; two persons were injured.",Perambur,298.0,19.6,,,
NEWS-20260929-9a3299dc58f94f5a~POL-20260930-0013,NEWS-20260929-9a3299dc58f94f5a,POL-20260930-0013,police,review,1.2,0.309,2026-09-29T17:43,சென்னை பெரம்பூர் சாலையில் திடீரென ஏற்பட்ட பள்ளம்...வாகன ஓட்டிகள் அதிர்ச்சி!,சென்னை பெரம்பூர் சாலையில் திடீரென ஏற்பட்ட பள்ளம்...வாகன ஓட்டிகள் அதிர்ச்சி!. சென்னை பெரம்பூர் சாலையில் திடீரென ஏற்பட்ட பள்ளம்...வாகன ஓட்டிகள் அதிர்ச்சி!. ,Perambur,2026-09-30T06:43,Road accident involving cab and bike at Perambur,"A cab collided with a two-wheeler near Perambur Barracks Road, Perambur around 6.40 am; two persons were injured.",Perambur,298.0,13.0,,,
NEWS-20260929-aeaf4104f7b54bef~POL-20260930-0013,NEWS-20260929-aeaf4104f7b54bef,POL-20260930-0013,police,review,1.2,0.337,2026-09-29T18:02,பெரம்பூரில் சாலையில் திடீர் பள்ளம்: வாகன ஓட்டிகள் அவதி!,பெரம்பூரில் சாலையில் திடீர் பள்ளம்: வாகன ஓட்டிகள் அவதி!. பெரம்பூரில் சாலையில் திடீர் பள்ளம்: வாகன ஓட்டிகள் அவதி!. ,Perambur,2026-09-30T06:43,Road accident involving cab and bike at Perambur,"A cab collided with a two-wheeler near Perambur Barracks Road, Perambur around 6.40 am; two persons were injured.",Perambur,298.0,12.7,,,
NEWS-20260924-9c72c428b0674740~POL-20260822-0003,NEWS-20260924-9c72c428b0674740,POL-20260822-0003,police,review,1.2,0.291,2026-08-23T12:30,Chennai: Contract worker buried alive after 10-foot sewage pit caves in at Tiruvottiyur,Chennai: Contract worker buried alive after 10-foot sewage pit caves in at Tiruvottiyur. Chennai: Contract worker buried alive after 10-foot sewage pit caves in at Tiruvottiyur. ,Thiruvottiyur,2026-08-22T00:55,Tree fall emergency reported in Thiruvottiyur,"A large tree uprooted by gusty winds fell on parked vehicles near Thiruvottiyur High Road, Thiruvottiyur around 12.10 pm; three persons were injured, traffic was held up for about 135 minutes.",Thiruvottiyur,405.0,35.6,,,
NEWS-20260924-d0d88cf1fced4c90~GRV-2026-821XFO,NEWS-20260924-d0d88cf1fced4c90,GRV-2026-821XFO,grievance,review,1.2,0.276,2026-09-13T12:30,"Dengue, fever cases on the rise in Chennai; Adyar, Anna Nagar, Valasaravakkam turn hotspots","Dengue, fever cases on the rise in Chennai; Adyar, Anna Nagar, Valasaravakkam turn hotspots. Dengue, fever cases on the rise in Chennai; Adyar, Anna Nagar, Valasaravakkam turn hotspots. ",Adyar,2026-09-12T17:30,"Complaints regarding laboratory issues, Ist Cross Street, Ward 176","Complaint regarding complaints regarding laboratory issues in our street. The fogging vehicle has not come to our street this month. The whole stretch of around 100 metres is affected. Already complained last month, still not cleared.","Ist Cross Street, Tiger Varadhachary Road, Besant Nagar",896.0,19.0,,,
NEWS-20260924-9f30bcc3a8204888~GRV-2026-092VFL,NEWS-20260924-9f30bcc3a8204888,GRV-2026-092VFL,grievance,review,1.2,0.338,2026-09-07T19:06,"பெரம்பூர் ரயில் நிலையம் அருகே மரம் விழுந்து சிறுமி காயம்: கார், ஆட்டோ சேதம்","பெரம்பூர் ரயில் நிலையம் அருகே மரம் விழுந்து சிறுமி காயம்: கார், ஆட்டோ சேதம். பெரம்பூர் ரயில் நிலையம் அருகே மரம் விழுந்து சிறுமி காயம்: கார், ஆட்டோ சேதம். ",Perambur,2026-09-09T17:29,"Opening and closing hours, Lakshmi  Nagar 4Th Lane, Ward 68",பூங்கா சரியாக பராமரிக்கப்படவில்லை. Opening and closing hours பிரச்சினை உள்ளது. ஊஞ்சல்கள் உடைந்துள்ளன. மழை பெய்யும் ஒவ்வொரு முறையும் மோசமாகிறது. டெங்கு பரவும் அபாயம் உள்ளது. உடனடியாக நடவடிக்கை எடுக்கவும்.,"Lakshmi  Nagar 4Th Lane, Lakshmi  Nagar, Sembium",461.0,46.4,,,
NEWS-20260924-5aa497060aeb499b~GRV-2026-906PUN,NEWS-20260924-5aa497060aeb499b,GRV-2026-906PUN,grievance,review,1.2,0.309,2026-09-19T13:43,Vyasarpadi Power Cuts End After Road Blockade in Chennai,Vyasarpadi Power Cuts End After Road Blockade in Chennai. Vyasarpadi Power Cuts End After Road Blockade in Chennai. ,Vyasarpadi,2026-09-22T02:30,"Shifting of Street light pole, Varadhan Street, Ward 45",I am a resident of Arundhathi Nagar for many years. Street light problem near Police booth: shifting of street light pole. The light flickers and goes off after 9 pm. Chain snatching happened here last week because it is dark. The whole stretch of around 60 metres is affected. Please resolve at the earliest.,"Varadhan Street, Arundhathi Nagar, Mettupalayam",434.0,60.8,,,
NEWS-20260924-cdd784d7292b49f4~PWD-INC-058788,NEWS-20260924-cdd784d7292b49f4,PWD-INC-058788,pwd,review,1.2,0.428,2026-09-07T12:30,"North Chennai residents seek Metro Rail connectivity via Perambur, better sanitation, and water supply facilities","North Chennai residents seek Metro Rail connectivity via Perambur, better sanitation, and water supply facilities. North Chennai residents seek Metro Rail connectivity via Perambur, better sanitation, and water supply facilities. ",Perambur,2026-09-06T21:16,"Blocked drain, Perambur",Flow obstructed in Otteri Nullah - Perambur stretch at Perambur - water hyacinth & debris. Elderly people struggling.,Perambur (Otteri Nullah - Perambur stretch),529.0,15.2,,,
NEWS-20260929-770d4da34fa944ee~POL-20260930-0013,NEWS-20260929-770d4da34fa944ee,POL-20260930-0013,police,review,1.2,0.337,2026-09-29T18:02,பெரம்பூரில் சாலையில் திடீர் பள்ளம்: வாகன ஓட்டிகள் அவதி!,பெரம்பூரில் சாலையில் திடீர் பள்ளம்: வாகன ஓட்டிகள் அவதி!. பெரம்பூரில் சாலையில் திடீர் பள்ளம்: வாகன ஓட்டிகள் அவதி!. ,Perambur,2026-09-30T06:43,Road accident involving cab and bike at Perambur,"A cab collided with a two-wheeler near Perambur Barracks Road, Perambur around 6.40 am; two persons were injured.",Perambur,298.0,12.7,,,
NEWS-20260924-cdd784d7292b49f4~PWD-INC-058752,NEWS-20260924-cdd784d7292b49f4,PWD-INC-058752,pwd,review,1.2,0.322,2026-09-07T12:30,"North Chennai residents seek Metro Rail connectivity via Perambur, better sanitation, and water supply facilities","North Chennai residents seek Metro Rail connectivity via Perambur, better sanitation, and water supply facilities. North Chennai residents seek Metro Rail connectivity via Perambur, better sanitation, and water supply facilities. ",Perambur,2026-09-06T14:10,"Canal overflow, Perambur",Otteri Nullah நிரம்பி Perambur Mosque St தெருவுக்குள் தண்ணீர் வருகிறது. உடனடியாக நடவடிக்கை எடுக்கவும்.,Perambur (Otteri Nullah - Perambur stretch),581.0,22.3,,,
NEWS-20260929-402b8110b40643f3~POL-20260929-0055,NEWS-20260929-402b8110b40643f3,POL-20260929-0055,police,review,1.2,0.322,2026-09-29T07:16,Tipplers takeover poorly maintained Villivakkam kids’ park,"Tipplers takeover poorly maintained Villivakkam kids’ park. . CHENNAI: The GCC children’s park on 5th Street in Rajamangalam, Villivakkam, is poorly maintained, with garbage and overgrown plants found inside the park. Residents said that the poor maintenance could lead to an increase in mosquitoes and insects. The park has children’s play equipment, including a slide, swing, 4-seater merry-go-roun",Villivakkam,2026-09-29T19:55,Water tanker breakdown causes congestion in Villivakkam,Congestion reported at Villivakkam around 7.25 pm after a water tanker broke down; traffic was held up for about 95 minutes.,Villivakkam,230.0,12.7,,,
NEWS-20260924-2a33f4039b8e4d69~POL-20260922-0022,NEWS-20260924-2a33f4039b8e4d69,POL-20260922-0022,police,review,1.2,0.361,2026-09-22T07:58,"Chennai: Man attacked with iron rod succumbs to injuries; woman, accomplice held on murder charges","Chennai: Man attacked with iron rod succumbs to injuries; woman, accomplice held on murder charges. . CHENNAI: A 38-year-old welder, who was attacked with an iron rod during an argument at a woman's house in Alapakkam 10 days ago, succumbed to injuries while undergoing treatment at Rajiv Gandhi Government General Hospital in Chennai on Saturday. Following his death, the Peerkankaranai police alter",Alapakkam,2026-09-22T09:13,"Gold chain snatched on Alapakkam Main Road, Alapakkam",A woman lost a 6-sovereign chain to bike-borne snatchers in Alapakkam around 5.35 am.,Alapakkam,491.0,1.3,,,
NEWS-20260924-9f30bcc3a8204888~POL-20260908-0032,NEWS-20260924-9f30bcc3a8204888,POL-20260908-0032,police,review,1.2,0.307,2026-09-07T19:06,"பெரம்பூர் ரயில் நிலையம் அருகே மரம் விழுந்து சிறுமி காயம்: கார், ஆட்டோ சேதம்","பெரம்பூர் ரயில் நிலையம் அருகே மரம் விழுந்து சிறுமி காயம்: கார், ஆட்டோ சேதம். பெரம்பூர் ரயில் நிலையம் அருகே மரம் விழுந்து சிறுமி காயம்: கார், ஆட்டோ சேதம். ",Perambur,2026-09-08T10:06,Fire accident near Perambur Railway Station,Blaze at Perambur around 7.15 am in a hut; one person was injured and traffic was not affected.,Perambur,359.0,15.0,,,
NEWS-20260924-5efa637601e046d5~PWD-INC-056523,NEWS-20260924-5efa637601e046d5,PWD-INC-056523,pwd,review,1.2,0.427,2026-07-28T12:30,"Chennai Citizen Connect: Excavated road, damaged sewage chamber irks Tondiarpet residents","Chennai Citizen Connect: Excavated road, damaged sewage chamber irks Tondiarpet residents. Chennai Citizen Connect: Excavated road, damaged sewage chamber irks Tondiarpet residents. ",Tondiarpet,2026-07-31T11:16,"Blocked drain, Tondiarpet","tondiarpet macro drain full block, thanni poga maatengudhu tondiarpet. yaarum vara la.",Tondiarpet (Tondiarpet Macro Drain),406.0,70.8,,,
NEWS-20260930-9fb8c39d26c047a1~POL-20260930-0013,NEWS-20260930-9fb8c39d26c047a1,POL-20260930-0013,police,review,1.2,0.337,2026-09-29T18:02,பெரம்பூரில் சாலையில் திடீர் பள்ளம்: வாகன ஓட்டிகள் அவதி!,பெரம்பூரில் சாலையில் திடீர் பள்ளம்: வாகன ஓட்டிகள் அவதி!. பெரம்பூரில் சாலையில் திடீர் பள்ளம்: வாகன ஓட்டிகள் அவதி!. ,Perambur,2026-09-30T06:43,Road accident involving cab and bike at Perambur,"A cab collided with a two-wheeler near Perambur Barracks Road, Perambur around 6.40 am; two persons were injured.",Perambur,298.0,12.7,,,
NEWS-20260924-c6bb4d1611d34bd8~PWD-INC-059641,NEWS-20260924-c6bb4d1611d34bd8,PWD-INC-059641,pwd,review,1.2,0.308,2026-09-18T20:55,"Pipeline work in Sholinganallur: Metro Water supply to be affected for 10 days in zones 13, 14","Pipeline work in Sholinganallur: Metro Water supply to be affected for 10 days in zones 13, 14. Pipeline work in Sholinganallur: Metro Water supply to be affected for 10 days in zones 13, 14. ",Sholinganallur,2026-09-21T04:46,"Waterlogging, Sholinganallur","Low lying area Jeevan Nagar 2nd St, Sholinganallur inundated. Water level knee-deep. After today's rain. Pls send team.",Sholinganallur,187.0,55.9,,,
NEWS-20260924-ef8b89db5c8d468c~POL-20260902-0045,NEWS-20260924-ef8b89db5c8d468c,POL-20260902-0045,police,review,1.2,0.362,2026-09-02T12:30,"Theft at Kodambakkam house: Burglar covered face, damaged lights, but fingerprint lands him in police net","Theft at Kodambakkam house: Burglar covered face, damaged lights, but fingerprint lands him in police net. Theft at Kodambakkam house: Burglar covered face, damaged lights, but fingerprint lands him in police net. ",Kodambakkam,2026-09-02T20:47,Group attack in Kodambakkam,A group attacked youths in Kodambakkam around 8.45 pm over previous enmity. Two persons were injured; traffic was not affected.,Kodambakkam,708.0,8.3,,,
NEWS-20260924-9cc2a1a5080c4d17~POL-20260907-0007,NEWS-20260924-9cc2a1a5080c4d17,POL-20260907-0007,police,review,1.2,0.344,2026-09-04T12:30,"Anna Nagar Residents Flag E.Coli in Drinking Water, Seek Independent Probe","Anna Nagar Residents Flag E.Coli in Drinking Water, Seek Independent Probe. Anna Nagar Residents Flag E.Coli in Drinking Water, Seek Independent Probe. ",Anna Nagar,2026-09-07T02:22,Inundation strands families at Anna Nagar West,Rainwater entered houses in Anna Nagar West around 4.55 pm; about 15 residents were stranded and traffic was held up for about 180 minutes.,Anna Nagar West,1077.0,61.9,,,
NEWS-20260930-147c9b0badae44aa~POL-20260930-0013,NEWS-20260930-147c9b0badae44aa,POL-20260930-0013,police,review,1.2,0.415,2026-09-29T22:52,பெரம்பூர் பேரக்ஸ் சாலையில் ஏற்பட்ட திடீர் பள்ளம். இடம் : பெரம்பூர்,பெரம்பூர் பேரக்ஸ் சாலையில் ஏற்பட்ட திடீர் பள்ளம். இடம் : பெரம்பூர். பெரம்பூர் பேரக்ஸ் சாலையில் ஏற்பட்ட திடீர் பள்ளம். இடம் : பெரம்பூர். ,Perambur,2026-09-30T06:43,Road accident involving cab and bike at Perambur,"A cab collided with a two-wheeler near Perambur Barracks Road, Perambur around 6.40 am; two persons were injured.",Perambur,298.0,7.8,,,
NEWS-20260930-7d8b29e3bfb14a71~POL-20260929-0028,NEWS-20260930-7d8b29e3bfb14a71,POL-20260929-0028,police,review,1.2,0.288,2026-09-30T00:24,வேளச்சேரி மேம்பாலத்துக்கு வெடிகுண்டு மிரட்ட விடுத்தவா் கைது,வேளச்சேரி மேம்பாலத்துக்கு வெடிகுண்டு மிரட்ட விடுத்தவா் கைது. வேளச்சேரி மேம்பாலத்துக்கு வெடிகுண்டு மிரட்ட விடுத்தவா் கைது. ,Velachery,2026-09-29T12:38,Stones thrown during protest at Adambakkam,"A protest by party cadres near Brindavan Nagar, Adambakkam turned violent around 12.25 pm; four persons were injured and traffic was held up for about 40 minutes.",Adambakkam,1656.0,11.8,,,
NEWS-20260924-853b4c2686014e0c~POL-20260812-0050,NEWS-20260924-853b4c2686014e0c,POL-20260812-0050,police,review,1.2,0.292,2026-08-11T12:30,"AR Rahman’s son AR Ameen meets with car accident in Chennai near Olympia Tech Park, taken to hospital wit","AR Rahman’s son AR Ameen meets with car accident in Chennai near Olympia Tech Park, taken to hospital wit. AR Rahman’s son AR Ameen meets with car accident in Chennai near Olympia Tech Park, taken to hospital wit. ",Guindy,2026-08-12T19:19,Two-wheeler mishap reported at Guindy,"A two-wheeler skidded near SIDCO Industrial Estate, Guindy around 7.05 pm; one person was injured.",Guindy,220.0,30.8,,,
NEWS-20261001-41c20f0e35714e65~POL-20260930-0013,NEWS-20261001-41c20f0e35714e65,POL-20260930-0013,police,review,1.2,0.377,2026-09-30T09:52,முதல்வர் விஜய்யின் பெரம்பூர் தொகுதியில் சாலையில் திடீரென ஏற்பட்ட பள்ளம்.. வாகன ஓட்டிகள் அதிர்ச்சி!,முதல்வர் விஜய்யின் பெரம்பூர் தொகுதியில் சாலையில் திடீரென ஏற்பட்ட பள்ளம்.. வாகன ஓட்டிகள் அதிர்ச்சி!. முதல்வர் விஜய்யின் பெரம்பூர் தொகுதியில் சாலையில் திடீரென ஏற்பட்ட பள்ளம்.. வாகன ஓட்டிகள் அதிர்ச்சி!. ,Perambur,2026-09-30T06:43,Road accident involving cab and bike at Perambur,"A cab collided with a two-wheeler near Perambur Barracks Road, Perambur around 6.40 am; two persons were injured.",Perambur,298.0,3.2,,,
NEWS-20260924-e12cdfdba05d4663~POL-20260905-0004,NEWS-20260924-e12cdfdba05d4663,POL-20260905-0004,police,below,52.22,0.007,2026-09-06T12:30,History sheeter murdered in Adyar,History sheeter murdered in Adyar. History sheeter murdered in Adyar. ,Adyar,2026-09-05T00:24,Traffic dispute ends in assault at Kotturpuram,Two drivers fought after a traffic dispute at Kotturpuram around 12.20 am; one person was injured.,Kotturpuram,1722.0,36.1,,,
NEWS-20261001-a3913ecb40ed482b~GRV-2026-041YDF,NEWS-20261001-a3913ecb40ed482b,GRV-2026-041YDF,grievance,below,52.22,0.004,2026-10-01T07:50,"Chennai Citizen Connect: Perambur residents flag elevated & defective SWD work, seek GCC inspection","Chennai Citizen Connect: Perambur residents flag elevated & defective SWD work, seek GCC inspection. . CHENNAI: Perambur residents have raised concerns about the ongoing stormwater drain (SWD) work at the Venkatraman Canal Street and Perambur High Road North Side junction, alleging that the newly constructed drain is more than a foot above the existing road level and raises safety and drainage con",Anna Nagar,2026-10-02T10:27,"Food Requirement, Saraswathi Colony Main Road, Ward 145",Food Requirement தொடர்பாக புகார். நடவடிக்கை எடுக்கவும். தயவுசெய்து விரைவில் சரி செய்யவும்.,"Saraswathi Colony Main Road, Saraswathi Colony, Nerkundram",2711.0,26.6,,,
NEWS-20260924-80ae5369961a491c~GRV-2026-540HUI,NEWS-20260924-80ae5369961a491c,GRV-2026-540HUI,grievance,below,52.22,0.013,2026-07-27T12:30,"Chennai: Residents Welfare Association in Velachery seek Metro Water intervention over sewage, water supply issues","Chennai: Residents Welfare Association in Velachery seek Metro Water intervention over sewage, water supply issues. Chennai: Residents Welfare Association in Velachery seek Metro Water intervention over sewage, water supply issues. ",Velachery,2026-07-26T16:49,"Elderly Medicine, Brindavan Nagar 2Nd Cross Street, Ward 168",Families in our area are stranded by flood water. Elderly Medicine. Water has entered the ground floor houses. It is like this every weekend. Senior citizens in our street are struggling.,"Brindavan Nagar 2Nd Cross Street, Brindavan Street, Puzhuthivakkam",2455.0,19.7,,,
NEWS-20260930-bad80c9c11ec416e~POL-20261001-0009,NEWS-20260930-bad80c9c11ec416e,POL-20261001-0009,police,below,52.22,0.208,2026-09-29T17:24,அதிர்ச்சி... பெரம்பூரில் சாலையின் நடுவே திடீர் பள்ளம்..! பீதியில் பொதுமக்கள்..!!,அதிர்ச்சி... பெரம்பூரில் சாலையின் நடுவே திடீர் பள்ளம்..! பீதியில் பொதுமக்கள்..!!. அதிர்ச்சி... பெரம்பூரில் சாலையின் நடுவே திடீர் பள்ளம்..! பீதியில் பொதுமக்கள்..!!. ,Perambur,2026-10-01T02:36,Vehicle hits pedestrian crossing road at Perambur Railway Station,A speeding vehicle knocked down a pedestrian on Perambur Railway Station in Perambur around 4.40 pm. One person was injured.,Perambur,258.0,33.2,,,
NEWS-20260924-d0d88cf1fced4c90~GRV-2026-880QFX,NEWS-20260924-d0d88cf1fced4c90,GRV-2026-880QFX,grievance,below,52.22,0.009,2026-09-13T12:30,"Dengue, fever cases on the rise in Chennai; Adyar, Anna Nagar, Valasaravakkam turn hotspots","Dengue, fever cases on the rise in Chennai; Adyar, Anna Nagar, Valasaravakkam turn hotspots. Dengue, fever cases on the rise in Chennai; Adyar, Anna Nagar, Valasaravakkam turn hotspots. ",Adyar,2026-09-25T13:41,"Public Health / Dengue / Malaria / Gastro Enteritis, Saraswathi Street, Ward 180","Naan Saraswathi Street la door no 10 la irukken. Engal street la rendu perukku dengue fever, konjam fogging pannunga. Thengi nikkura thanni la kosu puzhu theriyudhu. Mazhai peidha ovvoru thadavaiyum mosam aagudhu. Accident aagura maari irukku. Konjam urgent ah paarunga sir.","Saraswathi Street, Bharathi Nagar, Taramani",2470.0,289.2,,,
NEWS-20260924-865a7b4fd1de4842~POL-20260814-0049,NEWS-20260924-865a7b4fd1de4842,POL-20260814-0049,police,below,52.22,0.003,2026-08-15T12:30,Police detain 12 juveniles in Tiruvottiyur schoolboy murder case,Police detain 12 juveniles in Tiruvottiyur schoolboy murder case. Police detain 12 juveniles in Tiruvottiyur schoolboy murder case. ,Thiruvottiyur,2026-08-14T19:57,"Fake bank call: Rs 17,500 siphoned from Wimco Nagar resident","A resident of Wimco Nagar lost Rs 17,500 after sharing an OTP with a caller posing as a bank official around 4.50 pm.",Wimco Nagar,2007.0,16.5,,,
NEWS-20260929-73fdbc685fd243f0~POL-20260929-0035,NEWS-20260929-73fdbc685fd243f0,POL-20260929-0035,police,below,52.22,0.128,2026-09-28T19:10,Gem Granites Founder R Veeramani Booked In Fresh POCSO Case In Chennai,Gem Granites Founder R Veeramani Booked In Fresh POCSO Case In Chennai. Gem Granites Founder R Veeramani Booked In Fresh POCSO Case In Chennai. ,Puzhal,2026-09-29T14:35,"Impersonation fraud of Rs 9,37,500 in Puzhal","Callers posing as investigators kept a Puzhal resident on a video call and extorted Rs 9,37,500 around 2.30 am.",Puzhal,177.0,19.4,,,
NEWS-20261002-9373fbdc30634abb~GRV-2026-002TNQ,NEWS-20261002-9373fbdc30634abb,GRV-2026-002TNQ,grievance,below,52.22,0.015,2026-10-01T10:22,சென்னையில் எகிறும் டெங்கு! செப்டம்பரில் பாதிப்பு பல மடங்கு அதிகரிப்பு!,சென்னையில் எகிறும் டெங்கு! செப்டம்பரில் பாதிப்பு பல மடங்கு அதிகரிப்பு!. சென்னையில் எகிறும் டெங்கு! செப்டம்பரில் பாதிப்பு பல மடங்கு அதிகரிப்பு!. ,Anna Nagar,2026-10-02T16:21,சுகாதார பிரச்சினை,"நான் Vengatakrishna Nagar 2nd St, கதவு எண் 126-ல் வசிக்கிறேன். Road Side Eateries தொடர்பான பிரச்சினை எங்கள் பகுதியில் உள்ளது. சுகாதாரத் துறை உடனே கவனிக்கவும். இந்த வாரம் எங்கள் தெருவில் பல குழந்தைகளுக்குக் காய்ச்சல்.","Vengatakrishna Nagar 2Nd St, Venkata Krishna Nagar, Arumbakkam",2560.0,30.0,,,
NEWS-20260924-9301430fa1304d82~GRV-2026-923IDQ,NEWS-20260924-9301430fa1304d82,GRV-2026-923IDQ,grievance,below,52.22,0.001,2026-07-24T12:30,Residents of Velachery seek uninterrupted water supply,Residents of Velachery seek uninterrupted water supply. Residents of Velachery seek uninterrupted water supply. ,Velachery,2026-07-20T15:24,"Insufficient Barricading, Sastri Nagar 6Th Cross Street, Ward 179",The storm water drain work opp. Kalyana Mandapam has no barricading; a two-wheeler fell into the pit. The trench is open for 120 metres with no barricade or warning light. Excavated soil is dumped on the road.,"Sastri Nagar 6Th Cross Street, Sastri Nagar, Sastri Nagar",1580.0,93.1,,,
NEWS-20260930-601853a601ef49e7~POL-20261003-0003,NEWS-20260930-601853a601ef49e7,POL-20261003-0003,police,below,52.22,0.045,2026-09-30T09:52,முதல்வர் விஜய்யின் பெரம்பூர் தொகுதியில் சாலையில் திடீரென ஏற்பட்ட பள்ளம்.. வாகன ஓட்டிகள் அதிர்ச்சி!,முதல்வர் விஜய்யின் பெரம்பூர் தொகுதியில் சாலையில் திடீரென ஏற்பட்ட பள்ளம்.. வாகன ஓட்டிகள் அதிர்ச்சி!. முதல்வர் விஜய்யின் பெரம்பூர் தொகுதியில் சாலையில் திடீரென ஏற்பட்ட பள்ளம்.. வாகன ஓட்டிகள் அதிர்ச்சி!. ,Perambur,2026-10-03T00:24,Pedestrian accident reported at Perambur,A speeding vehicle knocked down a pedestrian on Perambur Barracks Road in Perambur around 11.55 pm. One person was injured.,Perambur,670.0,62.5,,,
NEWS-20261002-b46f7a927c374133~GRV-2026-547LRC,NEWS-20261002-b46f7a927c374133,GRV-2026-547LRC,grievance,below,52.22,0.011,2026-10-01T12:22,சென்னையில் டெங்கு பாதிப்பு இரு மடங்கு உயர்வு - கொசு ஒழிப்பு பணிகள் தீவிரம்,சென்னையில் டெங்கு பாதிப்பு இரு மடங்கு உயர்வு - கொசு ஒழிப்பு பணிகள் தீவிரம். சென்னையில் டெங்கு பாதிப்பு இரு மடங்கு உயர்வு - கொசு ஒழிப்பு பணிகள் தீவிரம். ,Anna Nagar,2026-09-29T09:54,"Complaints regarding quality of food in hotels, Annaisathya Nagar, Ward 97",My elderly parents live on Annaisathya Nagar. Complaint regarding complaints regarding quality of food in hotels in our area. A dead dog has been lying near the corner since Wednesday. The smell is unbearable. Please do the needful.,"Annaisathya Nagar, Nagammaiyar Nagar, Ayanavaram",2244.0,50.5,,,
NEWS-20261002-8e0f02f607e346ba~GRV-2026-662MSU,NEWS-20261002-8e0f02f607e346ba,GRV-2026-662MSU,grievance,below,52.22,0.028,2026-10-01T09:48,BREAKING | சென்னையில் 2 மடங்கு உயர்ந்த டெங்கு பாதிப்பு | Chennai | Dengue Fever | Tamil News,BREAKING | சென்னையில் 2 மடங்கு உயர்ந்த டெங்கு பாதிப்பு | Chennai | Dengue Fever | Tamil News. BREAKING | சென்னையில் 2 மடங்கு உயர்ந்த டெங்கு பாதிப்பு | Chennai | Dengue Fever | Tamil News. ,Anna Nagar,2026-10-01T23:46,"Unauthorized Sale of Meat and Meat products, Bajanai Koil 2Nd Colony, Ward 102",Unauthorized Sale of Meat and Meat products தொடர்பான பிரச்சினை எங்கள் பகுதியில் உள்ளது. சுகாதாரத் துறை உடனே கவனிக்கவும். இந்த வாரம் எங்கள் தெருவில் பல குழந்தைகளுக்குக் காய்ச்சல். டெங்கு பரவும் அபாயம் உள்ளது. உடனடியாக நடவடிக்கை எடுக்கவும்.,Bajanai Koil 2Nd Colony,2125.0,14.0,,,
NEWS-20260929-9a3299dc58f94f5a~POL-20261002-0042,NEWS-20260929-9a3299dc58f94f5a,POL-20261002-0042,police,below,52.22,0.002,2026-09-29T17:43,சென்னை பெரம்பூர் சாலையில் திடீரென ஏற்பட்ட பள்ளம்...வாகன ஓட்டிகள் அதிர்ச்சி!,சென்னை பெரம்பூர் சாலையில் திடீரென ஏற்பட்ட பள்ளம்...வாகன ஓட்டிகள் அதிர்ச்சி!. சென்னை பெரம்பூர் சாலையில் திடீரென ஏற்பட்ட பள்ளம்...வாகன ஓட்டிகள் அதிர்ச்சி!. ,Perambur,2026-10-02T18:22,Accident involving sand-laden lorry at Jawahar Nagar,"A sand-laden lorry hit vehicles near Jawahar Nagar Park, Jawahar Nagar around 11.00 am; no injuries were reported and traffic was held up for about 130 minutes.",Jawahar Nagar,1103.0,72.6,,,
NEWS-20260924-845334494c3d4988~GRV-2026-070HND,NEWS-20260924-845334494c3d4988,GRV-2026-070HND,grievance,below,52.22,0.0,2026-09-17T14:54,அடையாறில் பள்ளி மற்றும் மழைநீர் வடிகால் பணிகள்: ஆணையாளர் நேரில் ஆய்வு,அடையாறில் பள்ளி மற்றும் மழைநீர் வடிகால் பணிகள்: ஆணையாளர் நேரில் ஆய்வு. அடையாறில் பள்ளி மற்றும் மழைநீர் வடிகால் பணிகள்: ஆணையாளர் நேரில் ஆய்வு. ,Adyar,2026-09-21T20:49,"Food/Basic amenities demand, Thulukkathamman Koil Street, Ward 183",Families on Thulukkathamman Koil Street are stranded by flood water. Food/Basic amenities demand. Power is cut and the water keeps rising. It gets worse every time it rains. Two schools and a temple are on this stretch. This is a repeated complaint; still not attended. Request you to look into this urgently.,"Thulukkathamman Koil Street, Kottivakkam, Kottivakkam",3209.0,101.9,,,
NEWS-20260924-4a839c3b06414b75~GRV-2026-555RQO,NEWS-20260924-4a839c3b06414b75,GRV-2026-555RQO,grievance,below,52.22,0.001,2026-08-24T12:30,Woman dies after falling into water-filled pit near stormwater drain in Anna Nagar,Woman dies after falling into water-filled pit near stormwater drain in Anna Nagar. Woman dies after falling into water-filled pit near stormwater drain in Anna Nagar. ,Anna Nagar,2026-08-20T20:10,"Pregnant women issues, Veera Lakshmi Street, Ward 88","Sethu Baskara School people sarbaaga indha complaint. Engal street fulla flood, Pregnant women issues - udane help pannunga. Pakkathu canal overflow aagi street kulla varudhu. Ground floor veetukulla thanni vandhuduchu. Night la innum mosam. Dengue vara chance irukku. Already rendu thadava complaint pannom, no action.","Veera Lakshmi Street, Sethu Baskara School, S.V.Nagar",2415.0,88.3,,,
NEWS-20261002-e2005e6caca84fa0~GRV-2026-118GYG,NEWS-20261002-e2005e6caca84fa0,GRV-2026-118GYG,grievance,below,52.22,0.012,2026-10-01T15:18,"சென்னையில் டெங்கு பாதிப்பு அதிகரிப்பு! செப்டம்பரில் மட்டும் 1,290 வழக்குகள் பதிவு #Chennai #Dengue #DengueFever #TamilNadu","சென்னையில் டெங்கு பாதிப்பு அதிகரிப்பு! செப்டம்பரில் மட்டும் 1,290 வழக்குகள் பதிவு #Chennai #Dengue #DengueFever #TamilNadu. சென்னையில் டெங்கு பாதிப்பு அதிகரிப்பு! செப்டம்பரில் மட்டும் 1,290 வழக்குகள் பதிவு #Chennai #Dengue #DengueFever #TamilNadu. ",Anna Nagar,2026-10-03T17:01,"Complaints regarding unhygenic Restaurants, Athimoolam Street, Ward 88",Complaints regarding unhygenic Restaurants தொடர்பான பிரச்சினை எங்கள் பகுதியில் உள்ளது. சுகாதாரத் துறை உடனே கவனிக்கவும். தேங்கிய நீரில் கொசுப் புழுக்கள் தெரிகின்றன. அதிகாரிகள் நேரில் வந்து பார்க்கவும்.,"Athimoolam Street, Rukmani Kalyana Mandabam, Mannurpet",2453.0,49.7,,,
NEWS-20260924-1439e96829644e3f~POL-20260802-0007,NEWS-20260924-1439e96829644e3f,POL-20260802-0007,police,below,52.22,0.001,2026-07-31T12:30,"Double murder in Anna Nagar: Two brothers arrested for killing mother, younger sibling over property dispute","Double murder in Anna Nagar: Two brothers arrested for killing mother, younger sibling over property dispute. Double murder in Anna Nagar: Two brothers arrested for killing mother, younger sibling over property dispute. ",Anna Nagar,2026-08-02T02:46,Fake payment QR scam in Arumbakkam,"Fraudsters sent a fake QR code to a Arumbakkam resident selling goods online; Rs 38,000 was debited around 3.40 pm.",Arumbakkam,1207.0,38.3,,,
NEWS-20260924-299afd4fe40448cf~GRV-2026-610QZT,NEWS-20260924-299afd4fe40448cf,GRV-2026-610QZT,grievance,below,52.22,0.008,2026-08-10T12:30,AR Rahman’s son Ameen meets with car accident in Chennai; sustains minor injuries,AR Rahman’s son Ameen meets with car accident in Chennai; sustains minor injuries. AR Rahman’s son Ameen meets with car accident in Chennai; sustains minor injuries. ,Guindy,2026-08-10T12:04,Road damaged,I am a resident of Saidapet West for many years. There is a big pothole in our area. Two-wheelers are falling at night. Water collects in the pit and hides it from motorists.,"West Jones Road, Saidapet West, Saidapet West",2722.0,0.4,,,
NEWS-20260924-314cbaa042f34e56~GRV-2026-643VGB,NEWS-20260924-314cbaa042f34e56,GRV-2026-643VGB,grievance,below,52.22,0.005,2026-09-10T12:30,அம்பத்தூர் அருகே அரசுப் பள்ளியில் சுவர் இடிந்து விழுந்து மாணவிகள் உட்பட 4 பேர் காயம்,அம்பத்தூர் அருகே அரசுப் பள்ளியில் சுவர் இடிந்து விழுந்து மாணவிகள் உட்பட 4 பேர் காயம். அம்பத்தூர் அருகே அரசுப் பள்ளியில் சுவர் இடிந்து விழுந்து மாணவிகள் உட்பட 4 பேர் காயம். ,Ambattur,2026-09-09T09:06,"Unauthorized / Illegal Construction, Church Street, Ward 84",Daily Church Street vazhiya dhaan poren. Permission illama extra floor kattikittu irukanga. Engal sandhula 5 family daily kashtapadranga. Please seekiram action edunga.,"Church Street, Near Church, Padi",1807.0,27.4,,,
NEWS-20260927-ead0bb7152c541aa~POL-20260923-0012,NEWS-20260927-ead0bb7152c541aa,POL-20260923-0012,police,below,52.22,0.0,2026-09-25T11:10,History sheeter beaten to death following dispute over Rs 6 lakh demand in Chennai,"History sheeter beaten to death following dispute over Rs 6 lakh demand in Chennai. . CHENNAI: A 37-year-old man was allegedly beaten to death by a group of five persons following a dispute over a demand for Rs 6 lakh to settle a case in which the deceased was a victim, at Nerkundram in Chennai on Thursday night. The deceased was identified as A Sathish of Perumal Kovil Street, Nerkundram. The inc",Nerkundram,2026-09-23T04:35,Missing person complaint: a teenage girl from Anna Nagar West,Family reported that a teenage girl left home in Anna Nagar West around 9.30 pm and has not returned.,Anna Nagar West,2499.0,54.6,,,
NEWS-20260927-507e82deb5304593~POL-20260926-0047,NEWS-20260927-507e82deb5304593,POL-20260926-0047,police,below,52.22,0.008,2026-09-25T07:59,Schoolboys assault conductor who objected to footboard travel in Porur,"Schoolboys assault conductor who objected to footboard travel in Porur. . CHENNAI: A group of four schoolboys allegedly assaulted an MTC conductor who reprimanded them for travelling on the footboard of a bus near Porur on Thursday around 9:15 am. Two of the boys, both aged 15, will be produced before the Juvenile Justice Board, while the others were let go with a warning, police said. According t",Porur,2026-09-26T18:44,1 kg ganja seized in Porur,"Narcotics raid at Porur around 6.30 pm: 1 kg ganja seized, suspects held.",Porur,526.0,34.7,,,
NEWS-20260924-d38f26a2902c4929~PWD-INC-059230,NEWS-20260924-d38f26a2902c4929,PWD-INC-059230,pwd,below,52.22,0.005,2026-09-13T12:30,CM Vijay's constituency: Perambur residents protest over water supply disruption for 6 days,CM Vijay's constituency: Perambur residents protest over water supply disruption for 6 days. CM Vijay's constituency: Perambur residents protest over water supply disruption for 6 days. ,Perambur,2026-09-14T20:40,"Blocked drain, Ayanavaram","Otteri Nullah - Ayanavaram stretch mouth blocked, backflow into Nehru St, Ayanavaram. No one has come so far.",Ayanavaram (Otteri Nullah - Ayanavaram stretch),2353.0,32.2,,,
NEWS-20260924-e4dea72668de439c~GRV-2026-288YLX,NEWS-20260924-e4dea72668de439c,GRV-2026-288YLX,grievance,below,52.22,0.004,2026-09-17T05:27,"ராயபுரம், தேனாம்பேட்டை மண்டலத்தில் கழிவுநீர் உந்து நிலையம் நாளை செயல்படாது","ராயபுரம், தேனாம்பேட்டை மண்டலத்தில் கழிவுநீர் உந்து நிலையம் நாளை செயல்படாது. ராயபுரம், தேனாம்பேட்டை மண்டலத்தில் கழிவுநீர் உந்து நிலையம் நாளை செயல்படாது. ",Royapuram,2026-09-22T00:25,"Disposal of Removed Silt on the Road, Rajaji 5Th Street, Ward 43",Complaint from the residents of rajaji 5th Street. Complaint regarding disposal of removed silt on the road on rajaji 5th Street. Water does not drain even a day after rain. The water does not drain even two days after the rain. The drain inlet is blocked with plastic and silt. It gets worse every time it rains.,Rajaji 5Th Street,1183.0,115.0,,,
NEWS-20260924-9c6fbae64d3c4af7~GRV-2026-696UIW,NEWS-20260924-9c6fbae64d3c4af7,GRV-2026-696UIW,grievance,below,52.22,0.012,2026-09-02T08:39,புழல் காவாங்கரை தனியார் மீன் மார்க்கெட்டால் தேசிய நெடுஞ்சாலையில் போக்குவரத்து நெரிசல்: வாகன ஓட்டிகள் கடும் அவதி,புழல் காவாங்கரை தனியார் மீன் மார்க்கெட்டால் தேசிய நெடுஞ்சாலையில் போக்குவரத்து நெரிசல்: வாகன ஓட்டிகள் கடும் அவதி. புழல் காவாங்கரை தனியார் மீன் மார்க்கெட்டால் தேசிய நெடுஞ்சாலையில் போக்குவரத்து நெரிசல்: வாகன ஓட்டிகள் கடும் அவதி. ,Puzhal,2026-09-05T13:37,பூங்கா பிரச்சினை,பூங்கா சரியாக பராமரிக்கப்படவில்லை. Complaints regarding Playground பிரச்சினை உள்ளது. அதிகாரிகள் நேரில் வந்து பார்க்கவும்.,"Erattaimalai Srinivasa Street, Kathirvedu  East, Kathirvedu",727.0,77.0,,,
NEWS-20260929-902a8ba2bffe47c6~GRV-2026-228HVM,NEWS-20260929-902a8ba2bffe47c6,GRV-2026-228HVM,grievance,below,52.22,0.013,2026-09-29T14:55,"17-Year-Old Recovers from Multi-Organ Failure Triggered by Enteric Fever at Apollo Speciality Hospitals, Teynampet","17-Year-Old Recovers from Multi-Organ Failure Triggered by Enteric Fever at Apollo Speciality Hospitals, Teynampet. 17-Year-Old Recovers from Multi-Organ Failure Triggered by Enteric Fever at Apollo Speciality Hospitals, Teynampet. ",Teynampet,2026-09-20T17:25,"Mosquito Menace, Varadappan Street, Ward 136",Mosquito Menace தொடர்பான பிரச்சினை எங்கள் பகுதியில் உள்ளது. சுகாதாரத் துறை உடனே கவனிக்கவும். இந்த மாதம் கொசு மருந்து அடிக்க யாரும் வரவில்லை. பலமுறை புகார் செய்தும் பயனில்லை.,"Varadappan Street, Koyyathoppu, Rangarajapuram",2216.0,213.5,,,
NEWS-20260924-bf198d4e72874ac7~POL-20260908-0050,NEWS-20260924-bf198d4e72874ac7,POL-20260908-0050,police,below,52.22,0.0,2026-09-06T12:30,Five Men Hack History-Sheeter In Chennai To Death Over Murder In 2009,Five Men Hack History-Sheeter In Chennai To Death Over Murder In 2009. Five Men Hack History-Sheeter In Chennai To Death Over Murder In 2009. ,Adyar,2026-09-08T16:11,Investment scam reported in Taramani,"Victim from Taramani reported Rs 61,000 lost to a bogus stock-tips group.",Taramani,2045.0,51.7,,,
NEWS-20261001-41c20f0e35714e65~GRV-2026-465AJS,NEWS-20261001-41c20f0e35714e65,GRV-2026-465AJS,grievance,below,52.22,0.003,2026-09-30T09:52,முதல்வர் விஜய்யின் பெரம்பூர் தொகுதியில் சாலையில் திடீரென ஏற்பட்ட பள்ளம்.. வாகன ஓட்டிகள் அதிர்ச்சி!,முதல்வர் விஜய்யின் பெரம்பூர் தொகுதியில் சாலையில் திடீரென ஏற்பட்ட பள்ளம்.. வாகன ஓட்டிகள் அதிர்ச்சி!. முதல்வர் விஜய்யின் பெரம்பூர் தொகுதியில் சாலையில் திடீரென ஏற்பட்ட பள்ளம்.. வாகன ஓட்டிகள் அதிர்ச்சி!. ,Perambur,2026-09-25T18:25,"Relaying of Road, M.G.R Main Colony, Ward 64","engal area people sarbaaga indha complaint. Relaying of Road problem irukku, konjam indha road-a paarunga. Pipeline ku thondunadhu appadiye irukku, road podala. Evlo thadava sonnalum yaarum varala. Please seekiram action edunga.",M.G.R Main Colony,1162.0,111.5,,,
NEWS-20260924-168ce7e9776843e4~POL-20260919-0015,NEWS-20260924-168ce7e9776843e4,POL-20260919-0015,police,below,52.22,0.018,2026-09-18T20:52,Autorickshaw driver found dead in open sewage drain near Ambattur lake,Autorickshaw driver found dead in open sewage drain near Ambattur lake. Autorickshaw driver found dead in open sewage drain near Ambattur lake. ,Ambattur,2026-09-19T06:09,Compound wall collapses in rain at Pattaravakkam,Wall collapse at Pattaravakkam around 6.05 am after continuous rain; four persons were injured.,Pattaravakkam,1742.0,9.3,,,
NEWS-20260924-9cc2a1a5080c4d17~GRV-2026-167EOO,NEWS-20260924-9cc2a1a5080c4d17,GRV-2026-167EOO,grievance,below,52.22,0.001,2026-09-04T12:30,"Anna Nagar Residents Flag E.Coli in Drinking Water, Seek Independent Probe","Anna Nagar Residents Flag E.Coli in Drinking Water, Seek Independent Probe. Anna Nagar Residents Flag E.Coli in Drinking Water, Seek Independent Probe. ",Anna Nagar,2026-09-06T18:51,"Repairs to Storm Water Drain, Ambedkar Cross Rd, Ward 94","Repairs to Storm Water Drain problem, mazhai vandha street fulla thanni nikkudhu. Ovvoru mazhaikkum bus stop kitta muttu alavu thanni nikkudhu. Udane vandhu paarunga please.",Ambedkar Cross Rd,2713.0,54.4,,,
NEWS-20261002-37d1d08ba35a484d~GRV-2026-651OWF,NEWS-20261002-37d1d08ba35a484d,GRV-2026-651OWF,grievance,below,52.22,0.026,2026-10-01T10:48,சென்னையில் டெங்கு பாதிப்பு அதிகரிப்பு: நேற்று ஒரே நாளில் 72 பேருக்கு காய்ச்சல் உறுதி,சென்னையில் டெங்கு பாதிப்பு அதிகரிப்பு: நேற்று ஒரே நாளில் 72 பேருக்கு காய்ச்சல் உறுதி. சென்னையில் டெங்கு பாதிப்பு அதிகரிப்பு: நேற்று ஒரே நாளில் 72 பேருக்கு காய்ச்சல் உறுதி. ,Anna Nagar,2026-10-01T15:35,"Complaints regarding non availability of Doctors, (Avvaipuram) Slum Road, Ward 97",Complaints regarding non availability of Doctors தொடர்பான பிரச்சினை எங்கள் பகுதியில் உள்ளது. சுகாதாரத் துறை உடனே கவனிக்கவும். மழை பெய்யும் ஒவ்வொரு முறையும் மோசமாகிறது. துர்நாற்றம் வீசுகிறது.,"(Avvaipuram) Slum Road, Shenoy Nagar, Shenoy Nagar",2263.0,4.8,,,
NEWS-20260924-35eaec75b7504377~POL-20260819-0047,NEWS-20260924-35eaec75b7504377,POL-20260819-0047,police,below,52.22,0.004,2026-08-20T12:30,Man dies by suicide at Kilpauk Government Hospital,Man dies by suicide at Kilpauk Government Hospital. Man dies by suicide at Kilpauk Government Hospital. ,Kilpauk,2026-08-19T16:40,An elderly man with memory loss reported missing in Pulianthope,Family reported that an elderly man with memory loss left home in Pulianthope around 3.50 pm and has not returned.,Pulianthope,2445.0,19.8,,,
NEWS-20261001-0b365aa27d7a4788~POL-20260930-0002,NEWS-20261001-0b365aa27d7a4788,POL-20260930-0002,police,below,52.22,0.005,2026-09-30T18:59,Fisherfolk protest against Tamil Nadu’s new Secretariat proposal at Pattinapakkam,"Fisherfolk protest against Tamil Nadu’s new Secretariat proposal at Pattinapakkam. Community leader K. Bharathi, who has been spearheading the movement, pointed out that Minister Aadhav Arjuna had said that if asked to choose between fishermen and the secretariat, the Chief Minister would choose the welfare of the fishermen. Fisherfolk living in 64 villages from Tiruvallur to Chengalpattu on Tuesd",Pattinapakkam,2026-09-30T00:49,Unattended bag triggers alert at Santhome Cathedral,Suspicious object reported in Santhome around 8.00 pm; area cordoned off and traffic was not affected.,Santhome,683.0,18.2,,,
NEWS-20260929-770d4da34fa944ee~POL-20261001-0037,NEWS-20260929-770d4da34fa944ee,POL-20261001-0037,police,below,52.22,0.004,2026-09-29T18:02,பெரம்பூரில் சாலையில் திடீர் பள்ளம்: வாகன ஓட்டிகள் அவதி!,பெரம்பூரில் சாலையில் திடீர் பள்ளம்: வாகன ஓட்டிகள் அவதி!. பெரம்பூரில் சாலையில் திடீர் பள்ளம்: வாகன ஓட்டிகள் அவதி!. ,Perambur,2026-10-01T15:29,Traffic obstruction due to parking near Moolakadai Junction,Road at Moolakadai was choked by parked vehicles around 3.05 pm; traffic was held up for about 40 minutes.,Moolakadai,1602.0,45.4,,,
NEWS-20261002-07c6bbace4434ad0~GRV-2026-184GEK,NEWS-20261002-07c6bbace4434ad0,GRV-2026-184GEK,grievance,below,52.22,0.009,2026-10-01T09:47,சென்னையில் டெங்கு பாதிப்பு இருமடங்காக உயர்வு.. நேற்று ஒரே நாளில் 72 பேருக்கு பாதிப்பு! மக்கள் அச்சம்,சென்னையில் டெங்கு பாதிப்பு இருமடங்காக உயர்வு.. நேற்று ஒரே நாளில் 72 பேருக்கு பாதிப்பு! மக்கள் அச்சம். சென்னையில் டெங்கு பாதிப்பு இருமடங்காக உயர்வு.. நேற்று ஒரே நாளில் 72 பேருக்கு பாதிப்பு! மக்கள் அச்சம். ,Anna Nagar,2026-10-01T20:54,Stray dogs chasing people,Stray dogs bit a person in our area last week; please catch them. Several children in our lane have had fever this week. Women are afraid to walk here at night. Kindly take immediate action.,"Athimoolam Street, Rukmani Kalyana Mandabam, Mannurpet",2960.0,11.1,,,
NEWS-20261002-9373fbdc30634abb~GRV-2026-865SSF,NEWS-20261002-9373fbdc30634abb,GRV-2026-865SSF,grievance,below,52.22,0.006,2026-10-01T10:22,சென்னையில் எகிறும் டெங்கு! செப்டம்பரில் பாதிப்பு பல மடங்கு அதிகரிப்பு!,சென்னையில் எகிறும் டெங்கு! செப்டம்பரில் பாதிப்பு பல மடங்கு அதிகரிப்பு!. சென்னையில் எகிறும் டெங்கு! செப்டம்பரில் பாதிப்பு பல மடங்கு அதிகரிப்பு!. ,Anna Nagar,2026-09-29T13:22,"Street Dogs, Lakshmi  Nagar 4Th Lane, Ward 67","I use this stretch of Lakshmi  Nagar 4th Lane every day. Stray dogs bit a person behind Bus Depot last week; please catch them. Mosquito larvae are visible in the stagnant water near the houses. Senior citizens in our street are struggling. Complained 3 times through the helpline, no action so far. Request you to look into this urgently.","Lakshmi  Nagar 4Th Lane, Lakshmi  Nagar, Sembium",2999.0,45.0,,,
NEWS-20260924-f1bd1a8fcaf34308~PWD-INC-059342,NEWS-20260924-f1bd1a8fcaf34308,PWD-INC-059342,pwd,below,52.22,0.074,2026-09-18T15:59,சோழிங்கநல்லூர் பகுதியில் 10 நாட்களுக்கு குடிநீர் விநியோகம் நிறுத்தம்! - ஏன் தெரியுமா?,சோழிங்கநல்லூர் பகுதியில் 10 நாட்களுக்கு குடிநீர் விநியோகம் நிறுத்தம்! - ஏன் தெரியுமா?. சோழிங்கநல்லூர் பகுதியில் 10 நாட்களுக்கு குடிநீர் விநியோகம் நிறுத்தம்! - ஏன் தெரியுமா?. ,Sholinganallur,2026-09-16T07:33,"Blocked drain, Pallikaranai","Culvert of Pallikaranai Marsh Outlet Drain near Kannadasan St fully choked, Pallikaranai. After today's rain.",Pallikaranai (Pallikaranai Marsh Outlet Drain),424.0,56.4,,,
NEWS-20260924-8d276f0263364925~POL-20260719-0008,NEWS-20260924-8d276f0263364925,POL-20260719-0008,police,below,52.22,0.004,2026-07-14T12:30,"Sewage pumping to be suspended in Teynampet, Adyar on July 16","Sewage pumping to be suspended in Teynampet, Adyar on July 16. Sewage pumping to be suspended in Teynampet, Adyar on July 16. ",Teynampet,2026-07-19T01:38,Person electrocuted in Teynampet during rain,Electric shock incident at Teynampet around 10.30 pm; one person was injured.,Teynampet,671.0,109.1,,,
NEWS-20261002-b46f7a927c374133~GRV-2026-262MFC,NEWS-20261002-b46f7a927c374133,GRV-2026-262MFC,grievance,below,52.22,0.002,2026-10-01T12:22,சென்னையில் டெங்கு பாதிப்பு இரு மடங்கு உயர்வு - கொசு ஒழிப்பு பணிகள் தீவிரம்,சென்னையில் டெங்கு பாதிப்பு இரு மடங்கு உயர்வு - கொசு ஒழிப்பு பணிகள் தீவிரம். சென்னையில் டெங்கு பாதிப்பு இரு மடங்கு உயர்வு - கொசு ஒழிப்பு பணிகள் தீவிரம். ,Anna Nagar,2026-09-23T15:50,"Issues regarding Amma nutrition kit for pregnant woman, New Natarajapuram, Ward 112",Issues regarding Amma nutrition kit for pregnant woman தொடர்பான பிரச்சினை எங்கள் பகுதியில் உள்ளது. சுகாதாரத் துறை உடனே கவனிக்கவும். தேங்கிய நீரில் கொசுப் புழுக்கள் தெரிகின்றன. இரவில் நிலைமை இன்னும் மோசம். டெங்கு பரவும் அபாயம் உள்ளது. ஏற்கனவே இரண்டு முறை புகார் அளித்தும் நடவடிக்கை இல்லை. தயவுசெய்து விரைவில் சரி செய்யவும்.,"New Natarajapuram, Natarajapuram, Aminjikarai",3311.0,188.5,,,
NEWS-20260924-7b71fa11caee4893~PWD-TSK-19483,NEWS-20260924-7b71fa11caee4893,PWD-TSK-19483,pwd,below,52.22,0.023,2026-09-05T12:30,"Officials Say No E.Coli in Anna Nagar Drinking Water, But There Is Foul Smell","Officials Say No E.Coli in Anna Nagar Drinking Water, But There Is Foul Smell. Officials Say No E.Coli in Anna Nagar Drinking Water, But There Is Foul Smell. ",Anna Nagar,2026-09-02T10:51,Petition: desilting of Anna Nagar Macro Drain near Anna Nagar,Petition: desilting of Anna Nagar Macro Drain near Anna Nagar,Anna Nagar,1886.0,73.6,,,
NEWS-20261002-bffc3573b2074cfb~GRV-2026-541QSJ,NEWS-20261002-bffc3573b2074cfb,GRV-2026-541QSJ,grievance,below,52.22,0.01,2026-10-01T06:40,சென்னையில் டெங்கு பாதிப்பு 2 மடங்கு அதிகரிப்பு,சென்னையில் டெங்கு பாதிப்பு 2 மடங்கு அதிகரிப்பு. சென்னையில் டெங்கு பாதிப்பு 2 மடங்கு அதிகரிப்பு. ,Anna Nagar,2026-09-29T08:26,"Slaughter House related complaints, Pachaiyappa Gramani Street, Ward 108","I live at door no. 112, Pachaiyappa Gramani Street. Complaint regarding slaughter house related complaints in our street. The fogging vehicle has not come to our street this month. The drain behind the houses is breeding mosquitoes. It is like this every weekend. Please resolve at the earliest.","Pachaiyappa Gramani Street, Sandror Palayam, Aminjikarai",2585.0,46.2,,,
NEWS-20260929-7923e5a71da949c9~POL-20260930-0011,NEWS-20260929-7923e5a71da949c9,POL-20260930-0011,police,below,52.22,0.034,2026-09-29T13:26,Youth hacked to death in front of family in Triplicane,Youth hacked to death in front of family in Triplicane. Youth hacked to death in front of family in Triplicane. ,Triplicane,2026-09-30T04:57,Parked two-wheeler stolen at Triplicane,Owner reported that a two-wheeler left outside a house in Triplicane went missing around 4.50 am.,Triplicane,700.0,15.5,,,
NEWS-20260924-cdd784d7292b49f4~GRV-2026-765NFL,NEWS-20260924-cdd784d7292b49f4,GRV-2026-765NFL,grievance,below,52.22,0.003,2026-09-07T12:30,"North Chennai residents seek Metro Rail connectivity via Perambur, better sanitation, and water supply facilities","North Chennai residents seek Metro Rail connectivity via Perambur, better sanitation, and water supply facilities. North Chennai residents seek Metro Rail connectivity via Perambur, better sanitation, and water supply facilities. ",Perambur,2026-09-08T15:26,Water stagnation,I use this stretch of Pichandi Lane (Concrete) every day. Rain water is stagnating on Pichandi Lane (Concrete) for almost a month and mosquitoes are breeding. The stagnant water has turned green and smells. It gets worse every time it rains. Request you to look into this urgently.,"Pichandi Lane (Concrete), Arundhathi Nagar, Mettupalayam",2924.0,26.9,,,
NEWS-20261002-8866fb3498364b19~GRV-2026-651OWF,NEWS-20261002-8866fb3498364b19,GRV-2026-651OWF,grievance,below,52.22,0.025,2026-10-01T10:39,சென்னையில் டெங்கு பாதிப்பு இருமடங்கு உயர்வு!,சென்னையில் டெங்கு பாதிப்பு இருமடங்கு உயர்வு!. சென்னையில் டெங்கு பாதிப்பு இருமடங்கு உயர்வு!. ,Anna Nagar,2026-10-01T15:35,"Complaints regarding non availability of Doctors, (Avvaipuram) Slum Road, Ward 97",Complaints regarding non availability of Doctors தொடர்பான பிரச்சினை எங்கள் பகுதியில் உள்ளது. சுகாதாரத் துறை உடனே கவனிக்கவும். மழை பெய்யும் ஒவ்வொரு முறையும் மோசமாகிறது. துர்நாற்றம் வீசுகிறது.,"(Avvaipuram) Slum Road, Shenoy Nagar, Shenoy Nagar",2263.0,4.9,,,
NEWS-20261002-013b320e803e42c7~GRV-2026-674CLL,NEWS-20261002-013b320e803e42c7,GRV-2026-674CLL,grievance,below,52.22,0.177,2026-10-01T10:21,சென்னையில் டெங்கு காய்ச்சல் பாதிப்பு ஒரு மாதத்தில் இருமடங்காக அதிகரிப்பு..!!,சென்னையில் டெங்கு காய்ச்சல் பாதிப்பு ஒரு மாதத்தில் இருமடங்காக அதிகரிப்பு..!!. சென்னையில் டெங்கு காய்ச்சல் பாதிப்பு ஒரு மாதத்தில் இருமடங்காக அதிகரிப்பு..!!. ,Anna Nagar,2026-10-03T15:52,"Stray Cattle, Anna Extn Street, Ward 99",Stray Cattle தொடர்பான பிரச்சினை எங்கள் பகுதியில் உள்ளது. சுகாதாரத் துறை உடனே கவனிக்கவும். இந்த மாதம் கொசு மருந்து அடிக்க யாரும் வரவில்லை. ஏற்கனவே இரண்டு முறை புகார் அளித்தும் நடவடிக்கை இல்லை. உடனடியாக நடவடிக்கை எடுக்கவும்.,Anna Extn Street,1083.0,53.5,,,
NEWS-20260924-9c72c428b0674740~PWD-INC-058023,NEWS-20260924-9c72c428b0674740,PWD-INC-058023,pwd,below,52.22,0.016,2026-08-23T12:30,Chennai: Contract worker buried alive after 10-foot sewage pit caves in at Tiruvottiyur,Chennai: Contract worker buried alive after 10-foot sewage pit caves in at Tiruvottiyur. Chennai: Contract worker buried alive after 10-foot sewage pit caves in at Tiruvottiyur. ,Thiruvottiyur,2026-08-25T12:10,"Waterlogging, Kathivakkam","DRO visit: pls send pumpset to Kalaignar Nagar, Kathivakkam. Water about half a foot opp. petrol bunk. Since yesterday evening.",Kathivakkam,480.0,47.7,,,
NEWS-20260924-608895ed874f40a5~GRV-2026-351SFQ,NEWS-20260924-608895ed874f40a5,GRV-2026-351SFQ,grievance,below,52.22,0.0,2026-09-17T08:01,"Sewage pumping stations in Royapuram, Teynampet zones to be suspended for 16 hours from September 18","Sewage pumping stations in Royapuram, Teynampet zones to be suspended for 16 hours from September 18. Sewage pumping stations in Royapuram, Teynampet zones to be suspended for 16 hours from September 18. ",Royapuram,2026-09-21T20:23,"Insufficient Barricading, Portguese Church 9Th Lane, Ward 53","Stanly Hospital people sarbaaga indha complaint. Drain work nadakkura idathula barricade illa, oru bike pallathula vizhundhuduchu. Thondina mann road la kottirukkanga. Already rendu thadava complaint pannom, no action. Konjam urgent ah paarunga sir.","Portguese Church 9Th Lane, Stanly Hospital, Seven Wells",2142.0,108.4,,,
NEWS-20260924-3d26d25cbc9348b4~POL-20260808-0051,NEWS-20260924-3d26d25cbc9348b4,POL-20260808-0051,police,below,52.22,0.005,2026-08-10T12:30,AR Rahman’s son AR Ameen escapes car accident in Chennai,AR Rahman’s son AR Ameen escapes car accident in Chennai. AR Rahman’s son AR Ameen escapes car accident in Chennai. ,Guindy,2026-08-08T14:53,Auto accident reported at Little Mount,Auto overturned at Little Mount around 2.45 pm with two on board; two persons were injured.,Little Mount,1347.0,45.6,,,
NEWS-20260930-147c9b0badae44aa~POL-20261002-0003,NEWS-20260930-147c9b0badae44aa,POL-20261002-0003,police,below,52.22,0.024,2026-09-29T22:52,பெரம்பூர் பேரக்ஸ் சாலையில் ஏற்பட்ட திடீர் பள்ளம். இடம் : பெரம்பூர்,பெரம்பூர் பேரக்ஸ் சாலையில் ஏற்பட்ட திடீர் பள்ளம். இடம் : பெரம்பூர். பெரம்பூர் பேரக்ஸ் சாலையில் ஏற்பட்ட திடீர் பள்ளம். இடம் : பெரம்பூர். ,Perambur,2026-10-02T00:40,"SUV hits bike near Perambur Railway Station, Perambur","Two vehicles, a SUV and a motorcycle, collided at Perambur around 12.30 am. One person was injured.",Perambur,211.0,49.8,,,
NEWS-20260924-93e8b45cc1734769~GRV-2026-136BHY,NEWS-20260924-93e8b45cc1734769,GRV-2026-136BHY,grievance,below,52.22,0.056,2026-07-06T12:30,Man arrested for allowing minor son to ride motorcycle in fatal Pulianthope accident,Man arrested for allowing minor son to ride motorcycle in fatal Pulianthope accident. Man arrested for allowing minor son to ride motorcycle in fatal Pulianthope accident. ,Pulianthope,2026-07-07T03:38,"Unauthorized Tree Cutting, Venkatesha Bathan Street, Ward 77","Park sariya maintain pannala, Unauthorized Tree Cutting problem irukku. Swing odanjirukku, pasangalukku adipadum. Street la 51 veedu affect aagudhu. Romba smell varudhu. Already rendu thadava complaint pannom, no action. Udane vandhu paarunga please.","Venkatesha Bathan Street, Kosapet, Kosapet",720.0,15.1,,,
NEWS-20261002-9373fbdc30634abb~GRV-2026-044BMP,NEWS-20261002-9373fbdc30634abb,GRV-2026-044BMP,grievance,below,52.22,0.0,2026-10-01T10:22,சென்னையில் எகிறும் டெங்கு! செப்டம்பரில் பாதிப்பு பல மடங்கு அதிகரிப்பு!,சென்னையில் எகிறும் டெங்கு! செப்டம்பரில் பாதிப்பு பல மடங்கு அதிகரிப்பு!. சென்னையில் எகிறும் டெங்கு! செப்டம்பரில் பாதிப்பு பல மடங்கு அதிகரிப்பு!. ,Anna Nagar,2026-09-16T08:01,"Complaints regarding laboratory issues, Subbarao Avenue Iii Steet, Ward 110",Complaints regarding laboratory issues: residents on Subbarao Avenue Iii Steet are facing a health hazard for the last 3 days. Dogs bit 6 people in the last month. Children going to school are badly affected.,"Subbarao Avenue Iii Steet, Subbarao Avenue, Nungambakkam",4078.0,362.4,,,
