provider,station_id,station_name,latitude,longitude,observed_at,observation_period_start,observation_period_end,rainfall_mm,temp_max_c,temp_min_c,temp_departure_c,humidity_pct,wind_speed_kmph,wind_direction,rainfall_class_published,source_url,fetched_at
IMD,43278,Chennai-Nungambakkam,13.07,80.2,2026-09-18T08:30:00+05:30,2026-09-17T08:30:00+05:30,2026-09-18T08:30:00+05:30,,,27.3,,,,,,https://city.imd.gov.in/citywx/responsive/api/fetchCity_static.php (POST ID=43278),2026-09-25T21:14:58+05:30
IMD,43279,Chennai-Meenambakkam,13.0,80.18,2026-09-18T08:30:00+05:30,2026-09-17T08:30:00+05:30,2026-09-18T08:30:00+05:30,,,27.6,,,,,,https://city.imd.gov.in/citywx/responsive/api/fetchCity_static.php (POST ID=43279),2026-09-25T21:15:00+05:30
IMD,99948,Chennai-Ennore,13.266667,80.333333,2026-09-18T08:30:00+05:30,2026-09-17T08:30:00+05:30,2026-09-18T08:30:00+05:30,,,26.1,,,,,,https://city.imd.gov.in/citywx/responsive/api/fetchCity_static.php (POST ID=99948),2026-09-25T21:15:03+05:30
IMD,43278,Chennai-Nungambakkam,13.07,80.2,2026-09-18T17:30:00+05:30,,,,36.8,,,,,,,https://city.imd.gov.in/citywx/responsive/api/fetchCity_static.php (POST ID=43278),2026-09-25T21:14:58+05:30
IMD,43279,Chennai-Meenambakkam,13.0,80.18,2026-09-18T17:30:00+05:30,,,,36.6,,,,,,,https://city.imd.gov.in/citywx/responsive/api/fetchCity_static.php (POST ID=43279),2026-09-25T21:15:00+05:30
IMD,99947,Chennai-Madhavaram,13.15,80.216667,2026-09-18T17:30:00+05:30,,,,36.1,,,,,,,https://city.imd.gov.in/citywx/responsive/api/fetchCity_static.php (POST ID=99947),2026-09-25T21:15:01+05:30
IMD,99948,Chennai-Ennore,13.266667,80.333333,2026-09-18T17:30:00+05:30,,,,34.1,,,,,,,https://city.imd.gov.in/citywx/responsive/api/fetchCity_static.php (POST ID=99948),2026-09-25T21:15:03+05:30
IMD,43278,Chennai-Nungambakkam,13.07,80.2,2026-09-19T08:30:00+05:30,2026-09-18T08:30:00+05:30,2026-09-19T08:30:00+05:30,,,27.2,,,,,,https://city.imd.gov.in/citywx/responsive/api/fetchCity_static.php (POST ID=43278),2026-09-25T21:14:58+05:30
IMD,43279,Chennai-Meenambakkam,13.0,80.18,2026-09-19T08:30:00+05:30,2026-09-18T08:30:00+05:30,2026-09-19T08:30:00+05:30,,,26.9,,,,,,https://city.imd.gov.in/citywx/responsive/api/fetchCity_static.php (POST ID=43279),2026-09-25T21:15:00+05:30
IMD,99948,Chennai-Ennore,13.266667,80.333333,2026-09-19T08:30:00+05:30,2026-09-18T08:30:00+05:30,2026-09-19T08:30:00+05:30,,,26.3,,,,,,https://city.imd.gov.in/citywx/responsive/api/fetchCity_static.php (POST ID=99948),2026-09-25T21:15:03+05:30
IMD,43278,Chennai-Nungambakkam,13.07,80.2,2026-09-19T17:30:00+05:30,,,,36.3,,,,,,,https://city.imd.gov.in/citywx/responsive/api/fetchCity_static.php (POST ID=43278),2026-09-25T21:14:58+05:30
IMD,43279,Chennai-Meenambakkam,13.0,80.18,2026-09-19T17:30:00+05:30,,,,36.2,,,,,,,https://city.imd.gov.in/citywx/responsive/api/fetchCity_static.php (POST ID=43279),2026-09-25T21:15:00+05:30
IMD,43278,Chennai-Nungambakkam,13.07,80.2,2026-09-20T08:30:00+05:30,2026-09-19T08:30:00+05:30,2026-09-20T08:30:00+05:30,,,25.8,,,,,,https://city.imd.gov.in/citywx/responsive/api/fetchCity_static.php (POST ID=43278),2026-09-25T21:14:58+05:30
IMD,43279,Chennai-Meenambakkam,13.0,80.18,2026-09-20T08:30:00+05:30,2026-09-19T08:30:00+05:30,2026-09-20T08:30:00+05:30,,,26.4,,,,,,https://city.imd.gov.in/citywx/responsive/api/fetchCity_static.php (POST ID=43279),2026-09-25T21:15:00+05:30
IMD,99947,Chennai-Madhavaram,13.15,80.216667,2026-09-20T08:30:00+05:30,2026-09-19T08:30:00+05:30,2026-09-20T08:30:00+05:30,,,26.7,,,,,,https://city.imd.gov.in/citywx/responsive/api/fetchCity_static.php (POST ID=99947),2026-09-25T21:15:01+05:30
IMD,99948,Chennai-Ennore,13.266667,80.333333,2026-09-20T08:30:00+05:30,2026-09-19T08:30:00+05:30,2026-09-20T08:30:00+05:30,,,25.8,,,,,,https://city.imd.gov.in/citywx/responsive/api/fetchCity_static.php (POST ID=99948),2026-09-25T21:15:03+05:30
IMD,43278,Chennai-Nungambakkam,13.07,80.2,2026-09-20T17:30:00+05:30,,,,36.8,,,,,,,https://city.imd.gov.in/citywx/responsive/api/fetchCity_static.php (POST ID=43278),2026-09-25T21:14:58+05:30
IMD,43279,Chennai-Meenambakkam,13.0,80.18,2026-09-20T17:30:00+05:30,,,,36.0,,,,,,,https://city.imd.gov.in/citywx/responsive/api/fetchCity_static.php (POST ID=43279),2026-09-25T21:15:00+05:30
IMD,43278,Chennai-Nungambakkam,13.07,80.2,2026-09-21T08:30:00+05:30,2026-09-20T08:30:00+05:30,2026-09-21T08:30:00+05:30,,,25.6,,,,,,https://city.imd.gov.in/citywx/responsive/api/fetchCity_static.php (POST ID=43278),2026-09-25T21:14:58+05:30
IMD,43279,Chennai-Meenambakkam,13.0,80.18,2026-09-21T08:30:00+05:30,2026-09-20T08:30:00+05:30,2026-09-21T08:30:00+05:30,,,25.5,,,,,,https://city.imd.gov.in/citywx/responsive/api/fetchCity_static.php (POST ID=43279),2026-09-25T21:15:00+05:30
IMD,43278,Chennai-Nungambakkam,13.07,80.2,2026-09-21T17:30:00+05:30,,,,34.8,,,,,,,https://city.imd.gov.in/citywx/responsive/api/fetchCity_static.php (POST ID=43278),2026-09-25T21:14:58+05:30
IMD,43279,Chennai-Meenambakkam,13.0,80.18,2026-09-21T17:30:00+05:30,,,,35.2,,,,,,,https://city.imd.gov.in/citywx/responsive/api/fetchCity_static.php (POST ID=43279),2026-09-25T21:15:00+05:30
IMD,99947,Chennai-Madhavaram,13.15,80.216667,2026-09-21T17:30:00+05:30,,,,34.6,,,,,,,https://city.imd.gov.in/citywx/responsive/api/fetchCity_static.php (POST ID=99947),2026-09-25T21:15:01+05:30
IMD,99948,Chennai-Ennore,13.266667,80.333333,2026-09-21T17:30:00+05:30,,,,34.5,,,,,,,https://city.imd.gov.in/citywx/responsive/api/fetchCity_static.php (POST ID=99948),2026-09-25T21:15:03+05:30
IMD,43278,Chennai-Nungambakkam,13.07,80.2,2026-09-22T08:30:00+05:30,2026-09-21T08:30:00+05:30,2026-09-22T08:30:00+05:30,,,24.9,,,,,,https://city.imd.gov.in/citywx/responsive/api/fetchCity_static.php (POST ID=43278),2026-09-25T21:14:58+05:30
IMD,43279,Chennai-Meenambakkam,13.0,80.18,2026-09-22T08:30:00+05:30,2026-09-21T08:30:00+05:30,2026-09-22T08:30:00+05:30,,,24.3,,,,,,https://city.imd.gov.in/citywx/responsive/api/fetchCity_static.php (POST ID=43279),2026-09-25T21:15:00+05:30
IMD,43278,Chennai-Nungambakkam,13.07,80.2,2026-09-22T17:30:00+05:30,,,,33.7,,,,,,,https://city.imd.gov.in/citywx/responsive/api/fetchCity_static.php (POST ID=43278),2026-09-25T21:14:58+05:30
IMD,43279,Chennai-Meenambakkam,13.0,80.18,2026-09-22T17:30:00+05:30,,,,34.0,,,,,,,https://city.imd.gov.in/citywx/responsive/api/fetchCity_static.php (POST ID=43279),2026-09-25T21:15:00+05:30
IMD,43278,Chennai-Nungambakkam,13.07,80.2,2026-09-23T08:30:00+05:30,2026-09-22T08:30:00+05:30,2026-09-23T08:30:00+05:30,,,28.0,,,,,,https://city.imd.gov.in/citywx/responsive/api/fetchCity_static.php (POST ID=43278),2026-09-25T21:14:58+05:30
IMD,43279,Chennai-Meenambakkam,13.0,80.18,2026-09-23T08:30:00+05:30,2026-09-22T08:30:00+05:30,2026-09-23T08:30:00+05:30,,,28.4,,,,,,https://city.imd.gov.in/citywx/responsive/api/fetchCity_static.php (POST ID=43279),2026-09-25T21:15:00+05:30
IMD,99947,Chennai-Madhavaram,13.15,80.216667,2026-09-23T08:30:00+05:30,2026-09-22T08:30:00+05:30,2026-09-23T08:30:00+05:30,,,28.1,,,,,,https://city.imd.gov.in/citywx/responsive/api/fetchCity_static.php (POST ID=99947),2026-09-25T21:15:01+05:30
IMD,99948,Chennai-Ennore,13.266667,80.333333,2026-09-23T08:30:00+05:30,2026-09-22T08:30:00+05:30,2026-09-23T08:30:00+05:30,,,26.6,,,,,,https://city.imd.gov.in/citywx/responsive/api/fetchCity_static.php (POST ID=99948),2026-09-25T21:15:03+05:30
IMD,43278,Chennai-Nungambakkam,13.07,80.2,2026-09-23T17:30:00+05:30,,,,34.4,,,,,,,https://city.imd.gov.in/citywx/responsive/api/fetchCity_static.php (POST ID=43278),2026-09-25T21:14:58+05:30
IMD,43279,Chennai-Meenambakkam,13.0,80.18,2026-09-23T17:30:00+05:30,,,,33.4,,,,,,,https://city.imd.gov.in/citywx/responsive/api/fetchCity_static.php (POST ID=43279),2026-09-25T21:15:00+05:30
IMD,99948,Chennai-Ennore,13.266667,80.333333,2026-09-23T17:30:00+05:30,,,,33.8,,,,,,,https://city.imd.gov.in/citywx/responsive/api/fetchCity_static.php (POST ID=99948),2026-09-25T21:15:03+05:30
IMD,43278,Chennai-Nungambakkam,13.07,80.2,2026-09-24T08:30:00+05:30,2026-09-23T08:30:00+05:30,2026-09-24T08:30:00+05:30,,,27.9,,,,,,https://city.imd.gov.in/citywx/responsive/api/fetchCity_static.php (POST ID=43278),2026-09-25T21:14:58+05:30
IMD,43279,Chennai-Meenambakkam,13.0,80.18,2026-09-24T08:30:00+05:30,2026-09-23T08:30:00+05:30,2026-09-24T08:30:00+05:30,,,27.5,,,,,,https://city.imd.gov.in/citywx/responsive/api/fetchCity_static.php (POST ID=43279),2026-09-25T21:15:00+05:30
IMD,99947,Chennai-Madhavaram,13.15,80.216667,2026-09-24T08:30:00+05:30,2026-09-23T08:30:00+05:30,2026-09-24T08:30:00+05:30,,,28.8,,,,,,https://city.imd.gov.in/citywx/responsive/api/fetchCity_static.php (POST ID=99947),2026-09-25T21:15:01+05:30
IMD,99948,Chennai-Ennore,13.266667,80.333333,2026-09-24T08:30:00+05:30,2026-09-23T08:30:00+05:30,2026-09-24T08:30:00+05:30,,,27.6,,,,,,https://city.imd.gov.in/citywx/responsive/api/fetchCity_static.php (POST ID=99948),2026-09-25T21:15:03+05:30
IMD,43278,Chennai-Nungambakkam,13.07,80.2,2026-09-24T17:30:00+05:30,,,,36.3,,1.9,47.0,,,,https://city.imd.gov.in/citywx/responsive/api/fetchCity_static.php (POST ID=43278),2026-09-25T21:14:58+05:30
IMD,43279,Chennai-Meenambakkam,13.0,80.18,2026-09-24T17:30:00+05:30,,,,36.5,,2.0,41.0,,,,https://city.imd.gov.in/citywx/responsive/api/fetchCity_static.php (POST ID=43279),2026-09-25T21:15:00+05:30
IMD,99947,Chennai-Madhavaram,13.15,80.216667,2026-09-24T17:30:00+05:30,,,,35.3,,,,,,,https://city.imd.gov.in/citywx/responsive/api/fetchCity_static.php (POST ID=99947),2026-09-25T21:15:01+05:30
IMD,99948,Chennai-Ennore,13.266667,80.333333,2026-09-24T17:30:00+05:30,,,,34.5,,,,,,,https://city.imd.gov.in/citywx/responsive/api/fetchCity_static.php (POST ID=99948),2026-09-25T21:15:03+05:30
IMD,43278,Chennai-Nungambakkam,13.07,80.2,2026-09-25T08:30:00+05:30,2026-09-24T08:30:00+05:30,2026-09-25T08:30:00+05:30,0.0,,28.6,2.6,67.0,,,,https://city.imd.gov.in/citywx/responsive/api/fetchCity_static.php (POST ID=43278),2026-09-25T21:14:58+05:30
IMD,43279,Chennai-Meenambakkam,13.0,80.18,2026-09-25T08:30:00+05:30,2026-09-24T08:30:00+05:30,2026-09-25T08:30:00+05:30,0.0,,28.4,2.8,62.0,,,,https://city.imd.gov.in/citywx/responsive/api/fetchCity_static.php (POST ID=43279),2026-09-25T21:15:00+05:30
IMD,99947,Chennai-Madhavaram,13.15,80.216667,2026-09-25T08:30:00+05:30,2026-09-24T08:30:00+05:30,2026-09-25T08:30:00+05:30,0.0,,29.1,,,,,,https://city.imd.gov.in/citywx/responsive/api/fetchCity_static.php (POST ID=99947),2026-09-25T21:15:01+05:30
IMD,99948,Chennai-Ennore,13.266667,80.333333,2026-09-25T08:30:00+05:30,2026-09-24T08:30:00+05:30,2026-09-25T08:30:00+05:30,0.0,,28.3,,,,,,https://city.imd.gov.in/citywx/responsive/api/fetchCity_static.php (POST ID=99948),2026-09-25T21:15:03+05:30
IMD,43278,Chennai-Nungambakkam,13.07,80.2,2026-09-25T17:30:00+05:30,,,,36.7,,2.3,54.0,,,,https://city.imd.gov.in/citywx/responsive/api/fetchCity_static.php (POST ID=43278),2026-09-25T21:14:58+05:30
IMD,43279,Chennai-Meenambakkam,13.0,80.18,2026-09-25T17:30:00+05:30,,,,37.2,,2.7,48.0,,,,https://city.imd.gov.in/citywx/responsive/api/fetchCity_static.php (POST ID=43279),2026-09-25T21:15:00+05:30
IMD,99948,Chennai-Ennore,13.266667,80.333333,2026-09-25T17:30:00+05:30,,,,35.3,,,,,,,https://city.imd.gov.in/citywx/responsive/api/fetchCity_static.php (POST ID=99948),2026-09-25T21:15:03+05:30
IMD,43278,Chennai-Nungambakkam,13.07,80.2,2026-09-26T08:30:00+05:30,2026-09-25T08:30:00+05:30,2026-09-26T08:30:00+05:30,0.0,,28.3,2.3,61.0,,,,https://city.imd.gov.in/citywx/responsive/api/fetchCity_static.php (POST ID=43278),2026-09-27T01:45:35+05:30
IMD,43279,Chennai-Meenambakkam,13.0,80.18,2026-09-26T08:30:00+05:30,2026-09-25T08:30:00+05:30,2026-09-26T08:30:00+05:30,0.0,,28.6,3.0,55.0,,,,https://city.imd.gov.in/citywx/responsive/api/fetchCity_static.php (POST ID=43279),2026-09-27T01:45:37+05:30
IMD,99947,Chennai-Madhavaram,13.15,80.216667,2026-09-26T08:30:00+05:30,2026-09-25T08:30:00+05:30,2026-09-26T08:30:00+05:30,0.5,,26.9,,,,,,https://city.imd.gov.in/citywx/responsive/api/fetchCity_static.php (POST ID=99947),2026-09-27T01:45:38+05:30
IMD,99948,Chennai-Ennore,13.266667,80.333333,2026-09-26T08:30:00+05:30,2026-09-25T08:30:00+05:30,2026-09-26T08:30:00+05:30,0.5,,26.2,,,,,,https://city.imd.gov.in/citywx/responsive/api/fetchCity_static.php (POST ID=99948),2026-09-27T01:45:40+05:30
IMD,43278,Chennai-Nungambakkam,13.07,80.2,2026-09-26T17:30:00+05:30,,,,37.8,,3.4,72.0,,,,https://city.imd.gov.in/citywx/responsive/api/fetchCity_static.php (POST ID=43278),2026-09-27T01:45:35+05:30
IMD,43279,Chennai-Meenambakkam,13.0,80.18,2026-09-26T17:30:00+05:30,,,,38.3,,3.8,59.0,,,,https://city.imd.gov.in/citywx/responsive/api/fetchCity_static.php (POST ID=43279),2026-09-27T01:45:37+05:30
IMD,99948,Chennai-Ennore,13.266667,80.333333,2026-09-26T17:30:00+05:30,,,,34.7,,,,,,,https://city.imd.gov.in/citywx/responsive/api/fetchCity_static.php (POST ID=99948),2026-09-27T01:45:40+05:30
IMD,43278,Chennai-Nungambakkam,13.07,80.2,2026-09-27T08:30:00+05:30,2026-09-26T08:30:00+05:30,2026-09-27T08:30:00+05:30,0.0,,27.2,1.2,79.0,,,,https://city.imd.gov.in/citywx/responsive/api/fetchCity_static.php (POST ID=43278),2026-09-27T13:21:02+05:30
IMD,43279,Chennai-Meenambakkam,13.0,80.18,2026-09-27T08:30:00+05:30,2026-09-26T08:30:00+05:30,2026-09-27T08:30:00+05:30,0.0,,27.8,2.2,74.0,,,,https://city.imd.gov.in/citywx/responsive/api/fetchCity_static.php (POST ID=43279),2026-09-27T13:21:05+05:30
IMD,99947,Chennai-Madhavaram,13.15,80.216667,2026-09-27T08:30:00+05:30,2026-09-26T08:30:00+05:30,2026-09-27T08:30:00+05:30,0.0,,26.8,,,,,,https://city.imd.gov.in/citywx/responsive/api/fetchCity_static.php (POST ID=99947),2026-09-27T13:21:07+05:30
IMD,99948,Chennai-Ennore,13.266667,80.333333,2026-09-27T08:30:00+05:30,2026-09-26T08:30:00+05:30,2026-09-27T08:30:00+05:30,0.0,,26.7,,,,,,https://city.imd.gov.in/citywx/responsive/api/fetchCity_static.php (POST ID=99948),2026-09-27T21:24:14+05:30
IMD,43278,Chennai-Nungambakkam,13.07,80.2,2026-09-27T17:30:00+05:30,,,,36.7,,2.3,73.0,,,,https://city.imd.gov.in/citywx/responsive/api/fetchCity_static.php (POST ID=43278),2026-09-27T21:24:12+05:30
IMD,43279,Chennai-Meenambakkam,13.0,80.18,2026-09-27T17:30:00+05:30,,,,37.6,,3.1,62.0,,,,https://city.imd.gov.in/citywx/responsive/api/fetchCity_static.php (POST ID=43279),2026-09-27T21:24:15+05:30
IMD,99947,Chennai-Madhavaram,13.15,80.216667,2026-09-27T17:30:00+05:30,,,,36.4,,,,,,,https://city.imd.gov.in/citywx/responsive/api/fetchCity_static.php (POST ID=99947),2026-09-27T21:24:17+05:30
IMD,99948,Chennai-Ennore,13.266667,80.333333,2026-09-27T17:30:00+05:30,,,,36.6,,,,,,,https://city.imd.gov.in/citywx/responsive/api/fetchCity_static.php (POST ID=99948),2026-09-27T21:24:14+05:30
IMD,43278,Chennai-Nungambakkam,13.07,80.2,2026-09-28T08:30:00+05:30,2026-09-27T08:30:00+05:30,2026-09-28T08:30:00+05:30,0.0,,27.9,,0.0,,,,https://city.imd.gov.in/citywx/responsive/api/fetchCity_static.php (POST ID=43278),2026-09-29T19:01:39+05:30
IMD,43279,Chennai-Meenambakkam,13.0,80.18,2026-09-28T08:30:00+05:30,2026-09-27T08:30:00+05:30,2026-09-28T08:30:00+05:30,0.0,,25.8,,0.0,,,,https://city.imd.gov.in/citywx/responsive/api/fetchCity_static.php (POST ID=43279),2026-09-29T19:01:42+05:30
IMD,99947,Chennai-Madhavaram,13.15,80.216667,2026-09-28T08:30:00+05:30,2026-09-27T08:30:00+05:30,2026-09-28T08:30:00+05:30,,,27.4,,,,,,https://city.imd.gov.in/citywx/responsive/api/fetchCity_static.php (POST ID=99947),2026-09-29T19:01:43+05:30
IMD,99948,Chennai-Ennore,13.266667,80.333333,2026-09-28T08:30:00+05:30,2026-09-27T08:30:00+05:30,2026-09-28T08:30:00+05:30,,,26.9,,,,,,https://city.imd.gov.in/citywx/responsive/api/fetchCity_static.php (POST ID=99948),2026-09-29T19:01:40+05:30
IMD,43278,Chennai-Nungambakkam,13.07,80.2,2026-09-28T17:30:00+05:30,,,,35.6,,2.1,72.0,,,,https://city.imd.gov.in/citywx/responsive/api/fetchCity_static.php (POST ID=43278),2026-09-29T19:01:39+05:30
IMD,43279,Chennai-Meenambakkam,13.0,80.18,2026-09-28T17:30:00+05:30,,,,37.5,,3.9,61.0,,,,https://city.imd.gov.in/citywx/responsive/api/fetchCity_static.php (POST ID=43279),2026-09-29T19:01:42+05:30
IMD,99947,Chennai-Madhavaram,13.15,80.216667,2026-09-28T17:30:00+05:30,,,,36.4,,,,,,,https://city.imd.gov.in/citywx/responsive/api/fetchCity_static.php (POST ID=99947),2026-09-29T19:01:43+05:30
IMD,99948,Chennai-Ennore,13.266667,80.333333,2026-09-28T17:30:00+05:30,,,,34.3,,,,,,,https://city.imd.gov.in/citywx/responsive/api/fetchCity_static.php (POST ID=99948),2026-09-29T19:01:40+05:30
IMD,43278,Chennai-Nungambakkam,13.07,80.2,2026-09-29T08:30:00+05:30,2026-09-28T08:30:00+05:30,2026-09-29T08:30:00+05:30,0.0,,28.3,2.8,76.0,,,,https://city.imd.gov.in/citywx/responsive/api/fetchCity_static.php (POST ID=43278),2026-09-29T19:01:39+05:30
IMD,43279,Chennai-Meenambakkam,13.0,80.18,2026-09-29T08:30:00+05:30,2026-09-28T08:30:00+05:30,2026-09-29T08:30:00+05:30,0.0,,28.4,3.4,68.0,,,,https://city.imd.gov.in/citywx/responsive/api/fetchCity_static.php (POST ID=43279),2026-09-29T19:01:42+05:30
IMD,99947,Chennai-Madhavaram,13.15,80.216667,2026-09-29T08:30:00+05:30,2026-09-28T08:30:00+05:30,2026-09-29T08:30:00+05:30,0.0,,28.4,,,,,,https://city.imd.gov.in/citywx/responsive/api/fetchCity_static.php (POST ID=99947),2026-09-29T19:01:43+05:30
IMD,99948,Chennai-Ennore,13.266667,80.333333,2026-09-29T08:30:00+05:30,2026-09-28T08:30:00+05:30,2026-09-29T08:30:00+05:30,0.0,,27.4,,0.0,,,,https://city.imd.gov.in/citywx/responsive/api/fetchCity_static.php (POST ID=99948),2026-09-29T19:01:40+05:30
IMD,43278,Chennai-Nungambakkam,13.07,80.2,2026-09-29T17:30:00+05:30,,,,36.6,,3.1,84.0,,,,https://city.imd.gov.in/citywx/responsive/api/fetchCity_static.php (POST ID=43278),2026-09-29T19:01:39+05:30
IMD,43279,Chennai-Meenambakkam,13.0,80.18,2026-09-29T17:30:00+05:30,,,,37.2,,3.6,66.0,,,,https://city.imd.gov.in/citywx/responsive/api/fetchCity_static.php (POST ID=43279),2026-09-29T19:01:42+05:30
IMD,99947,Chennai-Madhavaram,13.15,80.216667,2026-09-29T17:30:00+05:30,,,,36.5,,,,,,,https://city.imd.gov.in/citywx/responsive/api/fetchCity_static.php (POST ID=99947),2026-09-29T19:01:43+05:30
IMD,99948,Chennai-Ennore,13.266667,80.333333,2026-09-29T17:30:00+05:30,,,,34.5,,,,,,,https://city.imd.gov.in/citywx/responsive/api/fetchCity_static.php (POST ID=99948),2026-09-29T19:01:40+05:30
IMD,43278,Chennai-Nungambakkam,13.07,80.2,2026-09-30T08:30:00+05:30,2026-09-29T08:30:00+05:30,2026-09-30T08:30:00+05:30,0.0,,28.8,3.3,74.0,,,,https://city.imd.gov.in/citywx/responsive/api/fetchCity_static.php (POST ID=43278),2026-09-30T12:14:28+05:30
IMD,43279,Chennai-Meenambakkam,13.0,80.18,2026-09-30T08:30:00+05:30,2026-09-29T08:30:00+05:30,2026-09-30T08:30:00+05:30,0.0,,28.9,3.9,68.0,,,,https://city.imd.gov.in/citywx/responsive/api/fetchCity_static.php (POST ID=43279),2026-09-30T12:14:31+05:30
IMD,99947,Chennai-Madhavaram,13.15,80.216667,2026-09-30T08:30:00+05:30,2026-09-29T08:30:00+05:30,2026-09-30T08:30:00+05:30,999.0,,,,,,,,https://city.imd.gov.in/citywx/responsive/api/fetchCity_static.php (POST ID=99947),2026-09-30T12:14:27+05:30
IMD,99948,Chennai-Ennore,13.266667,80.333333,2026-09-30T08:30:00+05:30,2026-09-29T08:30:00+05:30,2026-09-30T08:30:00+05:30,0.0,,27.5,,,,,,https://city.imd.gov.in/citywx/responsive/api/fetchCity_static.php (POST ID=99948),2026-09-30T12:14:30+05:30
IMD,43278,Chennai-Nungambakkam,13.07,80.2,2026-09-30T17:30:00+05:30,,,,36.2,,2.7,,,,,https://city.imd.gov.in/citywx/responsive/api/fetchCity_static.php (POST ID=43278),2026-10-01T09:24:10+05:30
IMD,43279,Chennai-Meenambakkam,13.0,80.18,2026-09-30T17:30:00+05:30,,,,37.2,,3.6,,,,,https://city.imd.gov.in/citywx/responsive/api/fetchCity_static.php (POST ID=43279),2026-10-01T09:24:13+05:30
IMD,99948,Chennai-Ennore,13.266667,80.333333,2026-09-30T17:30:00+05:30,,,,34.6,,,,,,,https://city.imd.gov.in/citywx/responsive/api/fetchCity_static.php (POST ID=99948),2026-10-01T09:24:12+05:30
IMD,43278,Chennai-Nungambakkam,13.07,80.2,2026-10-01T08:30:00+05:30,2026-09-30T08:30:00+05:30,2026-10-01T08:30:00+05:30,,,26.5,,,,,,https://city.imd.gov.in/citywx/responsive/api/fetchCity_static.php (POST ID=43278),2026-10-02T12:31:43+05:30
IMD,43279,Chennai-Meenambakkam,13.0,80.18,2026-10-01T08:30:00+05:30,2026-09-30T08:30:00+05:30,2026-10-01T08:30:00+05:30,0.0,,27.2,2.2,74.0,,,,https://city.imd.gov.in/citywx/responsive/api/fetchCity_static.php (POST ID=43279),2026-10-01T09:24:13+05:30
IMD,99947,Chennai-Madhavaram,13.15,80.216667,2026-10-01T08:30:00+05:30,2026-09-30T08:30:00+05:30,2026-10-01T08:30:00+05:30,,,26.3,,,,,,https://city.imd.gov.in/citywx/responsive/api/fetchCity_static.php (POST ID=99947),2026-10-02T12:31:46+05:30
IMD,99948,Chennai-Ennore,13.266667,80.333333,2026-10-01T08:30:00+05:30,2026-09-30T08:30:00+05:30,2026-10-01T08:30:00+05:30,,,26.3,,,,,,https://city.imd.gov.in/citywx/responsive/api/fetchCity_static.php (POST ID=99948),2026-10-02T12:31:48+05:30
IMD,43278,Chennai-Nungambakkam,13.07,80.2,2026-10-01T17:30:00+05:30,,,,34.8,,1.3,,,,,https://city.imd.gov.in/citywx/responsive/api/fetchCity_static.php (POST ID=43278),2026-10-02T12:31:43+05:30
IMD,43279,Chennai-Meenambakkam,13.0,80.18,2026-10-01T17:30:00+05:30,,,,36.2,,2.6,,,,,https://city.imd.gov.in/citywx/responsive/api/fetchCity_static.php (POST ID=43279),2026-10-02T12:31:45+05:30
IMD,99947,Chennai-Madhavaram,13.15,80.216667,2026-10-01T17:30:00+05:30,,,,34.0,,,,,,,https://city.imd.gov.in/citywx/responsive/api/fetchCity_static.php (POST ID=99947),2026-10-02T12:31:46+05:30
IMD,99948,Chennai-Ennore,13.266667,80.333333,2026-10-01T17:30:00+05:30,,,,34.3,,,,,,,https://city.imd.gov.in/citywx/responsive/api/fetchCity_static.php (POST ID=99948),2026-10-02T12:31:48+05:30
IMD,43278,Chennai-Nungambakkam,13.07,80.2,2026-10-02T08:30:00+05:30,2026-10-01T08:30:00+05:30,2026-10-02T08:30:00+05:30,0.0,,26.3,0.8,83.0,,,,https://city.imd.gov.in/citywx/responsive/api/fetchCity_static.php (POST ID=43278),2026-10-02T12:31:43+05:30
IMD,43279,Chennai-Meenambakkam,13.0,80.18,2026-10-02T08:30:00+05:30,2026-10-01T08:30:00+05:30,2026-10-02T08:30:00+05:30,0.0,,27.3,2.3,77.0,,,,https://city.imd.gov.in/citywx/responsive/api/fetchCity_static.php (POST ID=43279),2026-10-02T12:31:45+05:30
IMD,99947,Chennai-Madhavaram,13.15,80.216667,2026-10-02T08:30:00+05:30,2026-10-01T08:30:00+05:30,2026-10-02T08:30:00+05:30,0.0,,25.8,,,,,,https://city.imd.gov.in/citywx/responsive/api/fetchCity_static.php (POST ID=99947),2026-10-02T12:31:46+05:30
IMD,99948,Chennai-Ennore,13.266667,80.333333,2026-10-02T08:30:00+05:30,2026-10-01T08:30:00+05:30,2026-10-02T08:30:00+05:30,0.0,,25.7,,,,,,https://city.imd.gov.in/citywx/responsive/api/fetchCity_static.php (POST ID=99948),2026-10-02T12:31:48+05:30
