warning_id,issuing_authority,location_id,issued_at,valid_from,valid_to,warning_colour,warning_text,source_url,fetched_at
IMDW-1d81fba2493fbb9d,IMD - district-wise warning (GIS service),IMD_DISTRICT:78:CHENNAI (district-wide; all covered taluks),2026-09-25T12:12:21+05:30,2026-09-25T00:00:00+05:30,2026-09-26T00:00:00+05:30,Green,No Warning,https://reactjs.imd.gov.in/geoserver/wfs?typename=imd:district_warnings_india&CQL_FILTER=District='CHENNAI',2026-09-25T21:15:13+05:30
IMDW-ccce1f9d064b4753,IMD - district-wise warning (GIS service),IMD_DISTRICT:78:CHENNAI (district-wide; all covered taluks),2026-09-25T12:12:21+05:30,2026-09-26T00:00:00+05:30,2026-09-27T00:00:00+05:30,Green,No Warning,https://reactjs.imd.gov.in/geoserver/wfs?typename=imd:district_warnings_india&CQL_FILTER=District='CHENNAI',2026-09-25T21:15:13+05:30
IMDW-b2821655a284d701,IMD - district-wise warning (GIS service),IMD_DISTRICT:78:CHENNAI (district-wide; all covered taluks),2026-09-25T12:12:21+05:30,2026-09-27T00:00:00+05:30,2026-09-28T00:00:00+05:30,Green,No Warning,https://reactjs.imd.gov.in/geoserver/wfs?typename=imd:district_warnings_india&CQL_FILTER=District='CHENNAI',2026-09-25T21:15:13+05:30
IMDW-79253ef37841f408,IMD - district-wise warning (GIS service),IMD_DISTRICT:78:CHENNAI (district-wide; all covered taluks),2026-09-25T12:12:21+05:30,2026-09-28T00:00:00+05:30,2026-09-29T00:00:00+05:30,Green,No Warning,https://reactjs.imd.gov.in/geoserver/wfs?typename=imd:district_warnings_india&CQL_FILTER=District='CHENNAI',2026-09-25T21:15:13+05:30
IMDW-750ad19134e54ba6,IMD - district-wise warning (GIS service),IMD_DISTRICT:78:CHENNAI (district-wide; all covered taluks),2026-09-25T12:12:21+05:30,2026-09-29T00:00:00+05:30,2026-09-30T00:00:00+05:30,Green,No Warning,https://reactjs.imd.gov.in/geoserver/wfs?typename=imd:district_warnings_india&CQL_FILTER=District='CHENNAI',2026-09-25T21:15:13+05:30
IMDW-952eff87cef60f28,IMD RMC Chennai - district-wise nowcast,IMD_DISTRICT:78:CHENNAI (district-wide; all covered taluks),2026-09-25T19:00:00+05:30,2026-09-25T19:00:00+05:30,2026-09-25T22:00:00+05:30,Yellow,Light Thunderstorms with maximum surface wind speed less than 40 kmph; Moderate rain: 5-15 mm/hr,https://mausam.imd.gov.in/imd_latest/contents/districtwisewarnings_mc.php?id=26,2026-09-25T21:15:14+05:30
IMDW-f77f73036fd695e7,IMD - district-wise warning (GIS service),IMD_DISTRICT:78:CHENNAI (district-wide; all covered taluks),2026-09-26T20:56:06+05:30,2026-09-27T00:00:00+05:30,2026-09-28T00:00:00+05:30,Green,No Warning,https://reactjs.imd.gov.in/geoserver/wfs?typename=imd:district_warnings_india&CQL_FILTER=District='CHENNAI',2026-09-27T01:45:50+05:30
IMDW-074af9590539149b,IMD - district-wise warning (GIS service),IMD_DISTRICT:78:CHENNAI (district-wide; all covered taluks),2026-09-26T20:56:06+05:30,2026-09-28T00:00:00+05:30,2026-09-29T00:00:00+05:30,Yellow,"Thunderstorms & Lightning, Squall etc",https://reactjs.imd.gov.in/geoserver/wfs?typename=imd:district_warnings_india&CQL_FILTER=District='CHENNAI',2026-09-27T01:45:50+05:30
IMDW-ab95c24071992762,IMD - district-wise warning (GIS service),IMD_DISTRICT:78:CHENNAI (district-wide; all covered taluks),2026-09-26T20:56:06+05:30,2026-09-29T00:00:00+05:30,2026-09-30T00:00:00+05:30,Yellow,"Thunderstorms & Lightning, Squall etc",https://reactjs.imd.gov.in/geoserver/wfs?typename=imd:district_warnings_india&CQL_FILTER=District='CHENNAI',2026-09-27T01:45:50+05:30
IMDW-d7a7deb1c00399c4,IMD - district-wise warning (GIS service),IMD_DISTRICT:78:CHENNAI (district-wide; all covered taluks),2026-09-26T20:56:06+05:30,2026-09-30T00:00:00+05:30,2026-10-01T00:00:00+05:30,Yellow,"Thunderstorms & Lightning, Squall etc",https://reactjs.imd.gov.in/geoserver/wfs?typename=imd:district_warnings_india&CQL_FILTER=District='CHENNAI',2026-09-27T01:45:50+05:30
IMDW-60ccf6edb5659900,IMD - district-wise warning (GIS service),IMD_DISTRICT:78:CHENNAI (district-wide; all covered taluks),2026-09-26T20:56:06+05:30,2026-10-01T00:00:00+05:30,2026-10-02T00:00:00+05:30,Yellow,"Thunderstorms & Lightning, Squall etc",https://reactjs.imd.gov.in/geoserver/wfs?typename=imd:district_warnings_india&CQL_FILTER=District='CHENNAI',2026-09-27T01:45:50+05:30
IMDW-c323e4afbfd31bfb,IMD RMC Chennai - district-wise nowcast,IMD_DISTRICT:78:CHENNAI (district-wide; all covered taluks),2026-09-27T01:00:00+05:30,2026-09-27T01:00:00+05:30,2026-09-27T04:00:00+05:30,Green,No Warning,https://mausam.imd.gov.in/imd_latest/contents/districtwisewarnings_mc.php?id=26,2026-09-27T01:45:50+05:30
IMDW-e7adb0a859c5c558,IMD - district-wise warning (GIS service),IMD_DISTRICT:78:CHENNAI (district-wide; all covered taluks),2026-09-27T11:14:51+05:30,2026-09-27T00:00:00+05:30,2026-09-28T00:00:00+05:30,Green,No Warning,https://reactjs.imd.gov.in/geoserver/wfs?typename=imd:district_warnings_india&CQL_FILTER=District='CHENNAI',2026-09-27T13:21:17+05:30
IMDW-108e200e82fb462b,IMD - district-wise warning (GIS service),IMD_DISTRICT:78:CHENNAI (district-wide; all covered taluks),2026-09-27T11:14:51+05:30,2026-09-28T00:00:00+05:30,2026-09-29T00:00:00+05:30,Green,No Warning,https://reactjs.imd.gov.in/geoserver/wfs?typename=imd:district_warnings_india&CQL_FILTER=District='CHENNAI',2026-09-27T13:21:17+05:30
IMDW-1e4c0eb26bc5e3f7,IMD - district-wise warning (GIS service),IMD_DISTRICT:78:CHENNAI (district-wide; all covered taluks),2026-09-27T11:14:51+05:30,2026-09-29T00:00:00+05:30,2026-09-30T00:00:00+05:30,Yellow,"Thunderstorms & Lightning, Squall etc",https://reactjs.imd.gov.in/geoserver/wfs?typename=imd:district_warnings_india&CQL_FILTER=District='CHENNAI',2026-09-27T13:21:17+05:30
IMDW-667fa0a648ddc662,IMD - district-wise warning (GIS service),IMD_DISTRICT:78:CHENNAI (district-wide; all covered taluks),2026-09-27T11:14:51+05:30,2026-09-30T00:00:00+05:30,2026-10-01T00:00:00+05:30,Yellow,"Thunderstorms & Lightning, Squall etc",https://reactjs.imd.gov.in/geoserver/wfs?typename=imd:district_warnings_india&CQL_FILTER=District='CHENNAI',2026-09-27T13:21:17+05:30
IMDW-a9bf74ac7b23394c,IMD - district-wise warning (GIS service),IMD_DISTRICT:78:CHENNAI (district-wide; all covered taluks),2026-09-27T11:14:51+05:30,2026-10-01T00:00:00+05:30,2026-10-02T00:00:00+05:30,Yellow,"Thunderstorms & Lightning, Squall etc",https://reactjs.imd.gov.in/geoserver/wfs?typename=imd:district_warnings_india&CQL_FILTER=District='CHENNAI',2026-09-27T13:21:17+05:30
IMDW-20ed85a777a9cb90,IMD RMC Chennai - district-wise nowcast,IMD_DISTRICT:78:CHENNAI (district-wide; all covered taluks),2026-09-27T13:00:00+05:30,2026-09-27T13:00:00+05:30,2026-09-27T16:00:00+05:30,Green,No Warning,https://mausam.imd.gov.in/imd_latest/contents/districtwisewarnings_mc.php?id=26,2026-09-27T13:21:17+05:30
IMDW-0d9ff4d6676a9d37,IMD RMC Chennai - district-wise nowcast,IMD_DISTRICT:78:CHENNAI (district-wide; all covered taluks),2026-09-27T19:00:00+05:30,2026-09-27T19:00:00+05:30,2026-09-27T22:00:00+05:30,Green,No Warning,https://mausam.imd.gov.in/imd_latest/contents/districtwisewarnings_mc.php?id=26,2026-09-27T21:24:27+05:30
IMDW-75a58c4dd611ef4a,IMD - district-wise warning (GIS service),IMD_DISTRICT:78:CHENNAI (district-wide; all covered taluks),2026-09-27T20:11:04+05:30,2026-09-27T00:00:00+05:30,2026-09-28T00:00:00+05:30,Green,No Warning,https://reactjs.imd.gov.in/geoserver/wfs?typename=imd:district_warnings_india&CQL_FILTER=District='CHENNAI',2026-09-27T21:24:27+05:30
IMDW-fc2462b6875b2c61,IMD - district-wise warning (GIS service),IMD_DISTRICT:78:CHENNAI (district-wide; all covered taluks),2026-09-27T20:11:04+05:30,2026-09-28T00:00:00+05:30,2026-09-29T00:00:00+05:30,Yellow,"Thunderstorms & Lightning, Squall etc",https://reactjs.imd.gov.in/geoserver/wfs?typename=imd:district_warnings_india&CQL_FILTER=District='CHENNAI',2026-09-27T21:24:27+05:30
IMDW-7f8eb2aaf9a2392e,IMD - district-wise warning (GIS service),IMD_DISTRICT:78:CHENNAI (district-wide; all covered taluks),2026-09-27T20:11:04+05:30,2026-09-29T00:00:00+05:30,2026-09-30T00:00:00+05:30,Yellow,"Thunderstorms & Lightning, Squall etc",https://reactjs.imd.gov.in/geoserver/wfs?typename=imd:district_warnings_india&CQL_FILTER=District='CHENNAI',2026-09-27T21:24:27+05:30
IMDW-51571f6ae36606ea,IMD - district-wise warning (GIS service),IMD_DISTRICT:78:CHENNAI (district-wide; all covered taluks),2026-09-27T20:11:04+05:30,2026-09-30T00:00:00+05:30,2026-10-01T00:00:00+05:30,Yellow,"Thunderstorms & Lightning, Squall etc",https://reactjs.imd.gov.in/geoserver/wfs?typename=imd:district_warnings_india&CQL_FILTER=District='CHENNAI',2026-09-27T21:24:27+05:30
IMDW-b2656eaba963d4dc,IMD - district-wise warning (GIS service),IMD_DISTRICT:78:CHENNAI (district-wide; all covered taluks),2026-09-27T20:11:04+05:30,2026-10-01T00:00:00+05:30,2026-10-02T00:00:00+05:30,Yellow,"Thunderstorms & Lightning, Squall etc",https://reactjs.imd.gov.in/geoserver/wfs?typename=imd:district_warnings_india&CQL_FILTER=District='CHENNAI',2026-09-27T21:24:27+05:30
IMDW-bae0549f975be19c,IMD RMC Chennai - district-wise nowcast,IMD_DISTRICT:78:CHENNAI (district-wide; all covered taluks),2026-09-28T13:00:00+05:30,2026-09-28T13:00:00+05:30,2026-09-28T16:00:00+05:30,Green,No Warning,https://mausam.imd.gov.in/imd_latest/contents/districtwisewarnings_mc.php?id=26,2026-09-28T14:02:33+05:30
IMDW-9b24b782fe479e39,IMD - district-wise warning (GIS service),IMD_DISTRICT:78:CHENNAI (district-wide; all covered taluks),2026-09-28T18:51:49+05:30,2026-09-28T00:00:00+05:30,2026-09-29T00:00:00+05:30,Yellow,"Thunderstorms & Lightning, Squall etc",https://reactjs.imd.gov.in/geoserver/wfs?typename=imd:district_warnings_india&CQL_FILTER=District='CHENNAI',2026-09-28T14:02:33+05:30
IMDW-a3833b739e54dc76,IMD - district-wise warning (GIS service),IMD_DISTRICT:78:CHENNAI (district-wide; all covered taluks),2026-09-28T18:51:49+05:30,2026-09-29T00:00:00+05:30,2026-09-30T00:00:00+05:30,Yellow,"Thunderstorms & Lightning, Squall etc",https://reactjs.imd.gov.in/geoserver/wfs?typename=imd:district_warnings_india&CQL_FILTER=District='CHENNAI',2026-09-28T14:02:33+05:30
IMDW-4d0bccab6230822b,IMD - district-wise warning (GIS service),IMD_DISTRICT:78:CHENNAI (district-wide; all covered taluks),2026-09-28T18:51:49+05:30,2026-09-30T00:00:00+05:30,2026-10-01T00:00:00+05:30,Yellow,"Thunderstorms & Lightning, Squall etc",https://reactjs.imd.gov.in/geoserver/wfs?typename=imd:district_warnings_india&CQL_FILTER=District='CHENNAI',2026-09-28T14:02:33+05:30
IMDW-03163babc852bd24,IMD - district-wise warning (GIS service),IMD_DISTRICT:78:CHENNAI (district-wide; all covered taluks),2026-09-28T18:51:49+05:30,2026-10-01T00:00:00+05:30,2026-10-02T00:00:00+05:30,Yellow,"Thunderstorms & Lightning, Squall etc",https://reactjs.imd.gov.in/geoserver/wfs?typename=imd:district_warnings_india&CQL_FILTER=District='CHENNAI',2026-09-28T14:02:33+05:30
IMDW-95a669c3818df8f0,IMD - district-wise warning (GIS service),IMD_DISTRICT:78:CHENNAI (district-wide; all covered taluks),2026-09-28T18:51:49+05:30,2026-10-02T00:00:00+05:30,2026-10-03T00:00:00+05:30,Yellow,"Thunderstorms & Lightning, Squall etc",https://reactjs.imd.gov.in/geoserver/wfs?typename=imd:district_warnings_india&CQL_FILTER=District='CHENNAI',2026-09-28T14:02:33+05:30
IMDW-8c758ec85a431830,IMD - district-wise warning (GIS service),IMD_DISTRICT:78:CHENNAI (district-wide; all covered taluks),2026-09-29T18:34:08+05:30,2026-09-29T00:00:00+05:30,2026-09-30T00:00:00+05:30,Yellow,"Thunderstorms & Lightning, Squall etc",https://reactjs.imd.gov.in/geoserver/wfs?typename=imd:district_warnings_india&CQL_FILTER=District='CHENNAI',2026-09-29T19:01:53+05:30
IMDW-09187fb05673cb8c,IMD - district-wise warning (GIS service),IMD_DISTRICT:78:CHENNAI (district-wide; all covered taluks),2026-09-29T18:34:08+05:30,2026-09-30T00:00:00+05:30,2026-10-01T00:00:00+05:30,Yellow,"Thunderstorms & Lightning, Squall etc",https://reactjs.imd.gov.in/geoserver/wfs?typename=imd:district_warnings_india&CQL_FILTER=District='CHENNAI',2026-09-29T19:01:53+05:30
IMDW-054e9f044a21783d,IMD - district-wise warning (GIS service),IMD_DISTRICT:78:CHENNAI (district-wide; all covered taluks),2026-09-29T18:34:08+05:30,2026-10-01T00:00:00+05:30,2026-10-02T00:00:00+05:30,Yellow,"Thunderstorms & Lightning, Squall etc",https://reactjs.imd.gov.in/geoserver/wfs?typename=imd:district_warnings_india&CQL_FILTER=District='CHENNAI',2026-09-29T19:01:53+05:30
IMDW-9b75922094ed0f70,IMD - district-wise warning (GIS service),IMD_DISTRICT:78:CHENNAI (district-wide; all covered taluks),2026-09-29T18:34:08+05:30,2026-10-02T00:00:00+05:30,2026-10-03T00:00:00+05:30,Yellow,"Thunderstorms & Lightning, Squall etc",https://reactjs.imd.gov.in/geoserver/wfs?typename=imd:district_warnings_india&CQL_FILTER=District='CHENNAI',2026-09-29T19:01:53+05:30
IMDW-c68ea4d4baafa120,IMD - district-wise warning (GIS service),IMD_DISTRICT:78:CHENNAI (district-wide; all covered taluks),2026-09-29T18:34:08+05:30,2026-10-03T00:00:00+05:30,2026-10-04T00:00:00+05:30,Green,No Warning,https://reactjs.imd.gov.in/geoserver/wfs?typename=imd:district_warnings_india&CQL_FILTER=District='CHENNAI',2026-09-29T19:01:53+05:30
IMDW-7a92895e9256a276,IMD RMC Chennai - district-wise nowcast,IMD_DISTRICT:78:CHENNAI (district-wide; all covered taluks),2026-09-29T19:00:00+05:30,2026-09-29T19:00:00+05:30,2026-09-29T22:00:00+05:30,Yellow,Light Thunderstorms with maximum surface wind speed less than 40 kmph; Moderate rain: 5-15 mm/hr,https://mausam.imd.gov.in/imd_latest/contents/districtwisewarnings_mc.php?id=26,2026-09-29T19:01:54+05:30
IMDW-47d935598ed17103,IMD RMC Chennai - district-wise nowcast,IMD_DISTRICT:78:CHENNAI (district-wide; all covered taluks),2026-09-30T10:00:00+05:30,2026-09-30T10:00:00+05:30,2026-09-30T13:00:00+05:30,Green,No Warning,https://mausam.imd.gov.in/imd_latest/contents/districtwisewarnings_mc.php?id=26,2026-09-30T12:14:41+05:30
IMDW-57405c2af5aa9cce,IMD - district-wise warning (GIS service),IMD_DISTRICT:78:CHENNAI (district-wide; all covered taluks),2026-09-30T10:49:23+05:30,2026-09-30T00:00:00+05:30,2026-10-01T00:00:00+05:30,Yellow,"Thunderstorms & Lightning, Squall etc",https://reactjs.imd.gov.in/geoserver/wfs?typename=imd:district_warnings_india&CQL_FILTER=District='CHENNAI',2026-09-30T12:14:41+05:30
IMDW-6364fd958e64d1b1,IMD - district-wise warning (GIS service),IMD_DISTRICT:78:CHENNAI (district-wide; all covered taluks),2026-09-30T10:49:23+05:30,2026-10-01T00:00:00+05:30,2026-10-02T00:00:00+05:30,Yellow,"Thunderstorms & Lightning, Squall etc",https://reactjs.imd.gov.in/geoserver/wfs?typename=imd:district_warnings_india&CQL_FILTER=District='CHENNAI',2026-09-30T12:14:41+05:30
IMDW-96c9b4d116fe44e1,IMD - district-wise warning (GIS service),IMD_DISTRICT:78:CHENNAI (district-wide; all covered taluks),2026-09-30T10:49:23+05:30,2026-10-02T00:00:00+05:30,2026-10-03T00:00:00+05:30,Green,No Warning,https://reactjs.imd.gov.in/geoserver/wfs?typename=imd:district_warnings_india&CQL_FILTER=District='CHENNAI',2026-09-30T12:14:41+05:30
IMDW-c565e78b2c245326,IMD - district-wise warning (GIS service),IMD_DISTRICT:78:CHENNAI (district-wide; all covered taluks),2026-09-30T10:49:23+05:30,2026-10-03T00:00:00+05:30,2026-10-04T00:00:00+05:30,Green,No Warning,https://reactjs.imd.gov.in/geoserver/wfs?typename=imd:district_warnings_india&CQL_FILTER=District='CHENNAI',2026-09-30T12:14:41+05:30
IMDW-283bb32b3cdd6062,IMD - district-wise warning (GIS service),IMD_DISTRICT:78:CHENNAI (district-wide; all covered taluks),2026-09-30T10:49:23+05:30,2026-10-04T00:00:00+05:30,2026-10-05T00:00:00+05:30,Green,No Warning,https://reactjs.imd.gov.in/geoserver/wfs?typename=imd:district_warnings_india&CQL_FILTER=District='CHENNAI',2026-09-30T12:14:41+05:30
IMDW-f2bc23fd51f50a28,IMD RMC Chennai - district-wise nowcast,IMD_DISTRICT:78:CHENNAI (district-wide; all covered taluks),2026-10-01T07:00:00+05:30,2026-10-01T07:00:00+05:30,2026-10-01T10:00:00+05:30,Green,No Warning,https://mausam.imd.gov.in/imd_latest/contents/districtwisewarnings_mc.php?id=26,2026-10-01T09:24:23+05:30
IMDW-a83daedf6c955a7f,IMD - district-wise warning (GIS service),IMD_DISTRICT:78:CHENNAI (district-wide; all covered taluks),2026-10-01T11:16:40+05:30,2026-10-01T00:00:00+05:30,2026-10-02T00:00:00+05:30,Yellow,"Thunderstorms & Lightning, Squall etc",https://reactjs.imd.gov.in/geoserver/wfs?typename=imd:district_warnings_india&CQL_FILTER=District='CHENNAI',2026-10-01T09:24:23+05:30
IMDW-2c2ed168fcd2b339,IMD - district-wise warning (GIS service),IMD_DISTRICT:78:CHENNAI (district-wide; all covered taluks),2026-10-01T11:16:40+05:30,2026-10-02T00:00:00+05:30,2026-10-03T00:00:00+05:30,Yellow,"Thunderstorms & Lightning, Squall etc",https://reactjs.imd.gov.in/geoserver/wfs?typename=imd:district_warnings_india&CQL_FILTER=District='CHENNAI',2026-10-01T09:24:23+05:30
IMDW-f3fff56a5b280ec9,IMD - district-wise warning (GIS service),IMD_DISTRICT:78:CHENNAI (district-wide; all covered taluks),2026-10-01T11:16:40+05:30,2026-10-03T00:00:00+05:30,2026-10-04T00:00:00+05:30,Yellow,"Thunderstorms & Lightning, Squall etc",https://reactjs.imd.gov.in/geoserver/wfs?typename=imd:district_warnings_india&CQL_FILTER=District='CHENNAI',2026-10-01T09:24:23+05:30
IMDW-7b48e72808e3f4fb,IMD - district-wise warning (GIS service),IMD_DISTRICT:78:CHENNAI (district-wide; all covered taluks),2026-10-01T11:16:40+05:30,2026-10-04T00:00:00+05:30,2026-10-05T00:00:00+05:30,Green,No Warning,https://reactjs.imd.gov.in/geoserver/wfs?typename=imd:district_warnings_india&CQL_FILTER=District='CHENNAI',2026-10-01T09:24:23+05:30
IMDW-5327132d95bd5618,IMD - district-wise warning (GIS service),IMD_DISTRICT:78:CHENNAI (district-wide; all covered taluks),2026-10-01T11:16:40+05:30,2026-10-05T00:00:00+05:30,2026-10-06T00:00:00+05:30,Green,No Warning,https://reactjs.imd.gov.in/geoserver/wfs?typename=imd:district_warnings_india&CQL_FILTER=District='CHENNAI',2026-10-01T09:24:23+05:30
IMDW-d7d13d8a86140d87,IMD RMC Chennai - district-wise nowcast,IMD_DISTRICT:78:CHENNAI (district-wide; all covered taluks),2026-10-02T10:00:00+05:30,2026-10-02T10:00:00+05:30,2026-10-02T13:00:00+05:30,Green,No Warning,https://mausam.imd.gov.in/imd_latest/contents/districtwisewarnings_mc.php?id=26,2026-10-02T12:31:58+05:30
IMDW-fe51eb7cd283f34d,IMD - district-wise warning (GIS service),IMD_DISTRICT:78:CHENNAI (district-wide; all covered taluks),2026-10-02T11:24:03+05:30,2026-10-02T00:00:00+05:30,2026-10-03T00:00:00+05:30,Green,No Warning,https://reactjs.imd.gov.in/geoserver/wfs?typename=imd:district_warnings_india&CQL_FILTER=District='CHENNAI',2026-10-02T12:31:58+05:30
IMDW-8a997973a2b0284a,IMD - district-wise warning (GIS service),IMD_DISTRICT:78:CHENNAI (district-wide; all covered taluks),2026-10-02T11:24:03+05:30,2026-10-03T00:00:00+05:30,2026-10-04T00:00:00+05:30,Green,No Warning,https://reactjs.imd.gov.in/geoserver/wfs?typename=imd:district_warnings_india&CQL_FILTER=District='CHENNAI',2026-10-02T12:31:58+05:30
IMDW-47c80ac47ef851ef,IMD - district-wise warning (GIS service),IMD_DISTRICT:78:CHENNAI (district-wide; all covered taluks),2026-10-02T11:24:03+05:30,2026-10-04T00:00:00+05:30,2026-10-05T00:00:00+05:30,Green,No Warning,https://reactjs.imd.gov.in/geoserver/wfs?typename=imd:district_warnings_india&CQL_FILTER=District='CHENNAI',2026-10-02T12:31:58+05:30
IMDW-00ffac9c71e11379,IMD - district-wise warning (GIS service),IMD_DISTRICT:78:CHENNAI (district-wide; all covered taluks),2026-10-02T11:24:03+05:30,2026-10-05T00:00:00+05:30,2026-10-06T00:00:00+05:30,Green,No Warning,https://reactjs.imd.gov.in/geoserver/wfs?typename=imd:district_warnings_india&CQL_FILTER=District='CHENNAI',2026-10-02T12:31:58+05:30
IMDW-cc929052f1a125d9,IMD - district-wise warning (GIS service),IMD_DISTRICT:78:CHENNAI (district-wide; all covered taluks),2026-10-02T11:24:03+05:30,2026-10-06T00:00:00+05:30,2026-10-07T00:00:00+05:30,Green,No Warning,https://reactjs.imd.gov.in/geoserver/wfs?typename=imd:district_warnings_india&CQL_FILTER=District='CHENNAI',2026-10-02T12:31:58+05:30
IMDW-7e1c3cdf7ce6104b,IMD RMC Chennai - district-wise nowcast,IMD_DISTRICT:78:CHENNAI (district-wide; all covered taluks),2026-10-02T16:00:00+05:30,2026-10-02T16:00:00+05:30,2026-10-02T19:00:00+05:30,Green,No Warning,https://mausam.imd.gov.in/imd_latest/contents/districtwisewarnings_mc.php?id=26,2026-10-02T18:03:33+05:30
IMDW-cb7be0e74b8ec07e,IMD RMC Chennai - district-wise nowcast,IMD_DISTRICT:78:CHENNAI (district-wide; all covered taluks),2026-10-02T19:00:00+05:30,2026-10-02T19:00:00+05:30,2026-10-02T22:00:00+05:30,Green,No Warning,https://mausam.imd.gov.in/imd_latest/contents/districtwisewarnings_mc.php?id=26,2026-10-02T20:08:24+05:30
IMDW-d1430fbca24324d0,IMD - district-wise warning (GIS service),IMD_DISTRICT:78:CHENNAI (district-wide; all covered taluks),2026-10-02T20:14:34+05:30,2026-10-02T00:00:00+05:30,2026-10-03T00:00:00+05:30,Yellow,"Thunderstorms & Lightning, Squall etc",https://reactjs.imd.gov.in/geoserver/wfs?typename=imd:district_warnings_india&CQL_FILTER=District='CHENNAI',2026-10-02T18:03:33+05:30
IMDW-f2a3eed4170d5f9e,IMD - district-wise warning (GIS service),IMD_DISTRICT:78:CHENNAI (district-wide; all covered taluks),2026-10-02T20:14:34+05:30,2026-10-03T00:00:00+05:30,2026-10-04T00:00:00+05:30,Yellow,"Thunderstorms & Lightning, Squall etc",https://reactjs.imd.gov.in/geoserver/wfs?typename=imd:district_warnings_india&CQL_FILTER=District='CHENNAI',2026-10-02T18:03:33+05:30
IMDW-d1c31562754df1b2,IMD - district-wise warning (GIS service),IMD_DISTRICT:78:CHENNAI (district-wide; all covered taluks),2026-10-02T20:14:34+05:30,2026-10-04T00:00:00+05:30,2026-10-05T00:00:00+05:30,Yellow,"Thunderstorms & Lightning, Squall etc",https://reactjs.imd.gov.in/geoserver/wfs?typename=imd:district_warnings_india&CQL_FILTER=District='CHENNAI',2026-10-02T18:03:33+05:30
IMDW-9ffba1fdbba0f303,IMD - district-wise warning (GIS service),IMD_DISTRICT:78:CHENNAI (district-wide; all covered taluks),2026-10-02T20:14:34+05:30,2026-10-05T00:00:00+05:30,2026-10-06T00:00:00+05:30,Yellow,"Thunderstorms & Lightning, Squall etc",https://reactjs.imd.gov.in/geoserver/wfs?typename=imd:district_warnings_india&CQL_FILTER=District='CHENNAI',2026-10-02T18:03:33+05:30
IMDW-c4e0fca88959b070,IMD - district-wise warning (GIS service),IMD_DISTRICT:78:CHENNAI (district-wide; all covered taluks),2026-10-02T20:14:34+05:30,2026-10-06T00:00:00+05:30,2026-10-07T00:00:00+05:30,Yellow,"Thunderstorms & Lightning, Squall etc",https://reactjs.imd.gov.in/geoserver/wfs?typename=imd:district_warnings_india&CQL_FILTER=District='CHENNAI',2026-10-02T18:03:33+05:30
IMDW-39123559c946c2ef,IMD RMC Chennai - district-wise nowcast,IMD_DISTRICT:78:CHENNAI (district-wide; all covered taluks),2026-10-03T10:00:00+05:30,2026-10-03T10:00:00+05:30,2026-10-03T13:00:00+05:30,Green,No Warning,https://mausam.imd.gov.in/imd_latest/contents/districtwisewarnings_mc.php?id=26,2026-10-03T11:29:39+05:30
IMDW-36f7f5a8aa7bbb1c,IMD - district-wise warning (GIS service),IMD_DISTRICT:78:CHENNAI (district-wide; all covered taluks),2026-10-03T12:30:27+05:30,2026-10-03T00:00:00+05:30,2026-10-04T00:00:00+05:30,Yellow,"Thunderstorms & Lightning, Squall etc",https://reactjs.imd.gov.in/geoserver/wfs?typename=imd:district_warnings_india&CQL_FILTER=District='CHENNAI',2026-10-03T11:29:39+05:30
IMDW-c44a7406898e93d8,IMD - district-wise warning (GIS service),IMD_DISTRICT:78:CHENNAI (district-wide; all covered taluks),2026-10-03T12:30:27+05:30,2026-10-04T00:00:00+05:30,2026-10-05T00:00:00+05:30,Yellow,"Thunderstorms & Lightning, Squall etc",https://reactjs.imd.gov.in/geoserver/wfs?typename=imd:district_warnings_india&CQL_FILTER=District='CHENNAI',2026-10-03T11:29:39+05:30
IMDW-158f1cd9b24b416d,IMD - district-wise warning (GIS service),IMD_DISTRICT:78:CHENNAI (district-wide; all covered taluks),2026-10-03T12:30:27+05:30,2026-10-05T00:00:00+05:30,2026-10-06T00:00:00+05:30,Yellow,"Thunderstorms & Lightning, Squall etc",https://reactjs.imd.gov.in/geoserver/wfs?typename=imd:district_warnings_india&CQL_FILTER=District='CHENNAI',2026-10-03T11:29:39+05:30
IMDW-75eadb2502b0cdde,IMD - district-wise warning (GIS service),IMD_DISTRICT:78:CHENNAI (district-wide; all covered taluks),2026-10-03T12:30:27+05:30,2026-10-06T00:00:00+05:30,2026-10-07T00:00:00+05:30,Yellow,"Thunderstorms & Lightning, Squall etc",https://reactjs.imd.gov.in/geoserver/wfs?typename=imd:district_warnings_india&CQL_FILTER=District='CHENNAI',2026-10-03T11:29:39+05:30
IMDW-7a675e18bc445a5b,IMD - district-wise warning (GIS service),IMD_DISTRICT:78:CHENNAI (district-wide; all covered taluks),2026-10-03T12:30:27+05:30,2026-10-07T00:00:00+05:30,2026-10-08T00:00:00+05:30,Yellow,"Thunderstorms & Lightning, Squall etc",https://reactjs.imd.gov.in/geoserver/wfs?typename=imd:district_warnings_india&CQL_FILTER=District='CHENNAI',2026-10-03T11:29:39+05:30
IMDW-6b8775e5f5866c53,IMD RMC Chennai - district-wise nowcast,IMD_DISTRICT:78:CHENNAI (district-wide; all covered taluks),2026-10-03T16:00:00+05:30,2026-10-03T16:00:00+05:30,2026-10-03T19:00:00+05:30,Green,No Warning,https://mausam.imd.gov.in/imd_latest/contents/districtwisewarnings_mc.php?id=26,2026-10-03T18:30:24+05:30
IMDW-fc075d6ed6fa25a4,IMD - district-wise warning (GIS service),IMD_DISTRICT:78:CHENNAI (district-wide; all covered taluks),2026-10-03T18:48:43+05:30,2026-10-03T00:00:00+05:30,2026-10-04T00:00:00+05:30,Green,No Warning,https://reactjs.imd.gov.in/geoserver/wfs?typename=imd:district_warnings_india&CQL_FILTER=District='CHENNAI',2026-10-03T18:30:24+05:30
IMDW-2b0a16ff6cc48330,IMD - district-wise warning (GIS service),IMD_DISTRICT:78:CHENNAI (district-wide; all covered taluks),2026-10-03T18:48:43+05:30,2026-10-04T00:00:00+05:30,2026-10-05T00:00:00+05:30,Yellow,"Thunderstorms & Lightning, Squall etc",https://reactjs.imd.gov.in/geoserver/wfs?typename=imd:district_warnings_india&CQL_FILTER=District='CHENNAI',2026-10-03T18:30:24+05:30
IMDW-6f9897b117eabe64,IMD - district-wise warning (GIS service),IMD_DISTRICT:78:CHENNAI (district-wide; all covered taluks),2026-10-03T18:48:43+05:30,2026-10-05T00:00:00+05:30,2026-10-06T00:00:00+05:30,Yellow,"Thunderstorms & Lightning, Squall etc",https://reactjs.imd.gov.in/geoserver/wfs?typename=imd:district_warnings_india&CQL_FILTER=District='CHENNAI',2026-10-03T18:30:24+05:30
IMDW-d9d4b17b7d241ea1,IMD - district-wise warning (GIS service),IMD_DISTRICT:78:CHENNAI (district-wide; all covered taluks),2026-10-03T18:48:43+05:30,2026-10-06T00:00:00+05:30,2026-10-07T00:00:00+05:30,Yellow,"Thunderstorms & Lightning, Squall etc",https://reactjs.imd.gov.in/geoserver/wfs?typename=imd:district_warnings_india&CQL_FILTER=District='CHENNAI',2026-10-03T18:30:24+05:30
IMDW-0ad8a2137343aaa1,IMD - district-wise warning (GIS service),IMD_DISTRICT:78:CHENNAI (district-wide; all covered taluks),2026-10-03T18:48:43+05:30,2026-10-07T00:00:00+05:30,2026-10-08T00:00:00+05:30,Green,No Warning,https://reactjs.imd.gov.in/geoserver/wfs?typename=imd:district_warnings_india&CQL_FILTER=District='CHENNAI',2026-10-03T18:30:24+05:30
IMDW-7c0c8cf51bdde540,IMD - district-wise warning (GIS service),IMD_DISTRICT:78:CHENNAI (district-wide; all covered taluks),2026-10-03T18:48:43+05:30,2026-10-08T00:00:00+05:30,2026-10-09T00:00:00+05:30,Green,No Warning,https://reactjs.imd.gov.in/geoserver/wfs?typename=imd:district_warnings_india&CQL_FILTER=District='CHENNAI',2026-10-04T00:07:36+05:30
IMDW-5c6d14a15be31d8b,IMD RMC Chennai - district-wise nowcast,IMD_DISTRICT:78:CHENNAI (district-wide; all covered taluks),2026-10-03T19:00:00+05:30,2026-10-03T19:00:00+05:30,2026-10-03T22:00:00+05:30,Green,No Warning,https://mausam.imd.gov.in/imd_latest/contents/districtwisewarnings_mc.php?id=26,2026-10-03T20:07:52+05:30
IMDW-125297708034212f,IMD RMC Chennai - district-wise nowcast,IMD_DISTRICT:78:CHENNAI (district-wide; all covered taluks),2026-10-03T22:00:00+05:30,2026-10-03T22:00:00+05:30,2026-10-04T01:00:00+05:30,Green,No Warning,https://mausam.imd.gov.in/imd_latest/contents/districtwisewarnings_mc.php?id=26,2026-10-03T22:08:08+05:30
IMDW-ceab57c07fa92ee0,IMD RMC Chennai - district-wise nowcast,IMD_DISTRICT:78:CHENNAI (district-wide; all covered taluks),2026-10-04T09:20:00+05:30,2026-10-04T09:20:00+05:30,2026-10-04T13:00:00+05:30,Green,No Warning,https://mausam.imd.gov.in/imd_latest/contents/districtwisewarnings_mc.php?id=26,2026-10-04T11:25:27+05:30
IMDW-98bfca6962234380,IMD - district-wise warning (GIS service),IMD_DISTRICT:78:CHENNAI (district-wide; all covered taluks),2026-10-04T11:12:22+05:30,2026-10-04T00:00:00+05:30,2026-10-05T00:00:00+05:30,Yellow,"Thunderstorms & Lightning, Squall etc",https://reactjs.imd.gov.in/geoserver/wfs?typename=imd:district_warnings_india&CQL_FILTER=District='CHENNAI',2026-10-04T11:25:26+05:30
IMDW-12f0779eace6c06b,IMD - district-wise warning (GIS service),IMD_DISTRICT:78:CHENNAI (district-wide; all covered taluks),2026-10-04T11:12:22+05:30,2026-10-05T00:00:00+05:30,2026-10-06T00:00:00+05:30,Yellow,"Thunderstorms & Lightning, Squall etc",https://reactjs.imd.gov.in/geoserver/wfs?typename=imd:district_warnings_india&CQL_FILTER=District='CHENNAI',2026-10-04T11:25:26+05:30
IMDW-09bc5bccf5917cc3,IMD - district-wise warning (GIS service),IMD_DISTRICT:78:CHENNAI (district-wide; all covered taluks),2026-10-04T11:12:22+05:30,2026-10-06T00:00:00+05:30,2026-10-07T00:00:00+05:30,Yellow,"Thunderstorms & Lightning, Squall etc",https://reactjs.imd.gov.in/geoserver/wfs?typename=imd:district_warnings_india&CQL_FILTER=District='CHENNAI',2026-10-04T11:25:26+05:30
IMDW-ae822571a5d47974,IMD - district-wise warning (GIS service),IMD_DISTRICT:78:CHENNAI (district-wide; all covered taluks),2026-10-04T11:12:22+05:30,2026-10-07T00:00:00+05:30,2026-10-08T00:00:00+05:30,Green,No Warning,https://reactjs.imd.gov.in/geoserver/wfs?typename=imd:district_warnings_india&CQL_FILTER=District='CHENNAI',2026-10-04T11:25:26+05:30
IMDW-269a3b1d3c5985e8,IMD - district-wise warning (GIS service),IMD_DISTRICT:78:CHENNAI (district-wide; all covered taluks),2026-10-04T11:12:22+05:30,2026-10-08T00:00:00+05:30,2026-10-09T00:00:00+05:30,Green,No Warning,https://reactjs.imd.gov.in/geoserver/wfs?typename=imd:district_warnings_india&CQL_FILTER=District='CHENNAI',2026-10-04T11:25:26+05:30
