run_at,source,retrieval_method,fetch_status,stale,latest_source_observation_time,latest_successful_observation_time,fetched_at,rows_fetched,rows_inserted,rows_updated,rows_unchanged,rows_archived,corrections,district_boundary_exclusions,imd_rows,fallback_rows,coverage_90d_per_station,total_rows_after,notes
2026-09-25T21:14:55+05:30,IMD_CITY_WEATHER,POST JSON city.imd.gov.in/citywx/responsive/api/fetchCity_static.php,ok,False,2026-09-25T17:30:00+05:30,2026-09-25T17:30:00+05:30,2026-09-25T21:14:55+05:30,78.0,78.0,0.0,0.0,,0,"2: 43279 Chennai-Meenambakkam (nearby context, 0.28 km outside); 99948 Chennai-Ennore (nearby context, 3.57 km outside)",50,0,43278 Chennai-Nungambakkam: 8/90; 43279 Chennai-Meenambakkam: 8/90; 99947 Chennai-Madhavaram: 6/90; 99948 Chennai-Ennore: 7/90,obs=50; forecasts=28; warnings=6,"rainfall = 24 h ending 0830 IST as labelled on IMD Local Weather Report; min temp 0830 IST; max temp keyed to 1730 IST of its 'Recorded on' date; no rainfall history or wind published | forecast issued_at = record 'updat' read as UTC (a record holding 0830 IST readings carried updat 04:31, impossible in IST)"
2026-09-25T21:14:55+05:30,IMD_CITY_TEST_PAGE,GET city_weather_test.php?id=43279,http_403,False,,,2026-09-25T21:15:04+05:30,0.0,0.0,0.0,0.0,,0,0,50,0,43278 Chennai-Nungambakkam: 8/90; 43279 Chennai-Meenambakkam: 8/90; 99947 Chennai-Madhavaram: 6/90; 99948 Chennai-Ennore: 7/90,obs=50; forecasts=28; warnings=6,HTTP 403: Forbidden
2026-09-25T21:14:55+05:30,IMD_RMC_CHENNAI_HOME,GET mausam.imd.gov.in/chennai/,no_observation_time,False,,,2026-09-25T21:15:06+05:30,0.0,0.0,0.0,0.0,,0,0,50,0,43278 Chennai-Nungambakkam: 8/90; 43279 Chennai-Meenambakkam: 8/90; 99947 Chennai-Madhavaram: 6/90; 99948 Chennai-Ennore: 7/90,obs=50; forecasts=28; warnings=6,current-weather block has no observation time; not stored
2026-09-25T21:14:55+05:30,IMD_AWS_ARG,GET aws.imd.gov.in:8091/state/TAMIL_NADU,access_restricted,False,,,2026-09-25T21:15:08+05:30,0.0,0.0,0.0,0.0,,0,0,50,0,43278 Chennai-Nungambakkam: 8/90; 43279 Chennai-Meenambakkam: 8/90; 99947 Chennai-Madhavaram: 6/90; 99948 Chennai-Ennore: 7/90,obs=50; forecasts=28; warnings=6,redirects to login + captcha; not bypassed
2026-09-25T21:14:55+05:30,IMD_WARNINGS_API,GET mausam.imd.gov.in/api/warnings_district_api.php,http_401,False,,,2026-09-25T21:15:09+05:30,0.0,0.0,0.0,0.0,,0,0,50,0,43278 Chennai-Nungambakkam: 8/90; 43279 Chennai-Meenambakkam: 8/90; 99947 Chennai-Madhavaram: 6/90; 99948 Chennai-Ennore: 7/90,obs=50; forecasts=28; warnings=6,HTTP 401: IP 103.160.240.113 needs to be whitelisted - falling back
2026-09-25T21:14:55+05:30,IMD_DIST_WARNINGS_GIS,GET WFS imd:district_warnings_india + WMS style + GIS page,ok,False,2026-09-25T12:12:21+05:30,2026-09-25T12:12:21+05:30,2026-09-25T21:15:13+05:30,5.0,5.0,0.0,0.0,,0,0,50,0,43278 Chennai-Nungambakkam: 8/90; 43279 Chennai-Meenambakkam: 8/90; 99947 Chennai-Madhavaram: 6/90; 99948 Chennai-Ennore: 7/90,obs=50; forecasts=28; warnings=6,"issued_at from updated_at as published (Z = UTC); colour codes from the layer's WMS style {'0': '#ffffff', '1': '#F20505', '2': '#F28705', '3': '#F2E205', '4': '#078C03'}; validity = published day, IST calendar date"
2026-09-25T21:14:55+05:30,IMD_DIST_NOWCAST_RMC,GET RMC Chennai districtwisewarnings_mc.php,ok,False,2026-09-25T19:00:00+05:30,2026-09-25T19:00:00+05:30,2026-09-25T21:15:14+05:30,1.0,1.0,0.0,0.0,,0,0,50,0,43278 Chennai-Nungambakkam: 8/90; 43279 Chennai-Meenambakkam: 8/90; 99947 Chennai-Madhavaram: 6/90; 99948 Chennai-Ennore: 7/90,obs=50; forecasts=28; warnings=6,
2026-09-25T21:14:55+05:30,OPEN_METEO_ARCHIVE,GET archive-api.open-meteo.com/v1/archive,blocked_by_robots,False,,,2026-09-25T21:15:17+05:30,0.0,0.0,0.0,0.0,,0,0,50,0,43278 Chennai-Nungambakkam: 8/90; 43279 Chennai-Meenambakkam: 8/90; 99947 Chennai-Madhavaram: 6/90; 99948 Chennai-Ennore: 7/90,obs=50; forecasts=28; warnings=6,disallowed by robots.txt (use --open-meteo-ignore-robots to accept Open-Meteo's API terms)
2026-09-25T21:14:55+05:30,OPEN_METEO_FORECAST,GET api.open-meteo.com/v1/forecast,blocked_by_robots,False,,,2026-09-25T21:15:18+05:30,0.0,0.0,0.0,0.0,,0,0,50,0,43278 Chennai-Nungambakkam: 8/90; 43279 Chennai-Meenambakkam: 8/90; 99947 Chennai-Madhavaram: 6/90; 99948 Chennai-Ennore: 7/90,obs=50; forecasts=28; warnings=6,disallowed by robots.txt (use --open-meteo-ignore-robots to accept Open-Meteo's API terms)
2026-09-25T21:14:55+05:30,ROLLING_WINDOW_ARCHIVE,rows older than 2026-06-28 moved to *_archive.csv,ok,False,nan,nan,2026-09-25T21:15:18+05:30,nan,nan,nan,nan,0,nan,nan,50,0,43278 Chennai-Nungambakkam: 8/90; 43279 Chennai-Meenambakkam: 8/90; 99947 Chennai-Madhavaram: 6/90; 99948 Chennai-Ennore: 7/90,obs=50; forecasts=28; warnings=6,imd_weather_observations_chennai: 0; imd_weather_forecasts_chennai: 0; imd_weather_warnings_chennai: 0
2026-09-25T21:15:20+05:30,IMD_CITY_WEATHER,POST JSON city.imd.gov.in/citywx/responsive/api/fetchCity_static.php,ok,False,2026-09-25T17:30:00+05:30,2026-09-25T17:30:00+05:30,2026-09-25T21:15:20+05:30,78.0,0.0,0.0,78.0,,0,"2: 43279 Chennai-Meenambakkam (nearby context, 0.28 km outside); 99948 Chennai-Ennore (nearby context, 3.57 km outside)",50,0,43278 Chennai-Nungambakkam: 8/90; 43279 Chennai-Meenambakkam: 8/90; 99947 Chennai-Madhavaram: 6/90; 99948 Chennai-Ennore: 7/90,obs=50; forecasts=28; warnings=6,"rainfall = 24 h ending 0830 IST as labelled on IMD Local Weather Report; min temp 0830 IST; max temp keyed to 1730 IST of its 'Recorded on' date; no rainfall history or wind published | forecast issued_at = record 'updat' read as UTC (a record holding 0830 IST readings carried updat 04:31, impossible in IST)"
2026-09-25T21:15:20+05:30,IMD_CITY_TEST_PAGE,GET city_weather_test.php?id=43279,http_403,False,,,2026-09-25T21:15:29+05:30,0.0,0.0,0.0,0.0,,0,0,50,0,43278 Chennai-Nungambakkam: 8/90; 43279 Chennai-Meenambakkam: 8/90; 99947 Chennai-Madhavaram: 6/90; 99948 Chennai-Ennore: 7/90,obs=50; forecasts=28; warnings=6,HTTP 403: Forbidden
2026-09-25T21:15:20+05:30,IMD_RMC_CHENNAI_HOME,GET mausam.imd.gov.in/chennai/,no_observation_time,False,,,2026-09-25T21:15:31+05:30,0.0,0.0,0.0,0.0,,0,0,50,0,43278 Chennai-Nungambakkam: 8/90; 43279 Chennai-Meenambakkam: 8/90; 99947 Chennai-Madhavaram: 6/90; 99948 Chennai-Ennore: 7/90,obs=50; forecasts=28; warnings=6,current-weather block has no observation time; not stored
2026-09-25T21:15:20+05:30,IMD_AWS_ARG,GET aws.imd.gov.in:8091/state/TAMIL_NADU,access_restricted,False,,,2026-09-25T21:15:33+05:30,0.0,0.0,0.0,0.0,,0,0,50,0,43278 Chennai-Nungambakkam: 8/90; 43279 Chennai-Meenambakkam: 8/90; 99947 Chennai-Madhavaram: 6/90; 99948 Chennai-Ennore: 7/90,obs=50; forecasts=28; warnings=6,redirects to login + captcha; not bypassed
2026-09-25T21:15:20+05:30,IMD_WARNINGS_API,GET mausam.imd.gov.in/api/warnings_district_api.php,http_401,False,,,2026-09-25T21:15:33+05:30,0.0,0.0,0.0,0.0,,0,0,50,0,43278 Chennai-Nungambakkam: 8/90; 43279 Chennai-Meenambakkam: 8/90; 99947 Chennai-Madhavaram: 6/90; 99948 Chennai-Ennore: 7/90,obs=50; forecasts=28; warnings=6,HTTP 401: IP 103.160.240.113 needs to be whitelisted - falling back
2026-09-25T21:15:20+05:30,IMD_DIST_WARNINGS_GIS,GET WFS imd:district_warnings_india + WMS style + GIS page,ok,False,2026-09-25T12:12:21+05:30,2026-09-25T12:12:21+05:30,2026-09-25T21:15:38+05:30,5.0,0.0,0.0,5.0,,0,0,50,0,43278 Chennai-Nungambakkam: 8/90; 43279 Chennai-Meenambakkam: 8/90; 99947 Chennai-Madhavaram: 6/90; 99948 Chennai-Ennore: 7/90,obs=50; forecasts=28; warnings=6,"issued_at from updated_at as published (Z = UTC); colour codes from the layer's WMS style {'0': '#ffffff', '1': '#F20505', '2': '#F28705', '3': '#F2E205', '4': '#078C03'}; validity = published day, IST calendar date"
2026-09-25T21:15:20+05:30,IMD_DIST_NOWCAST_RMC,GET RMC Chennai districtwisewarnings_mc.php,ok,False,2026-09-25T19:00:00+05:30,2026-09-25T19:00:00+05:30,2026-09-25T21:15:38+05:30,1.0,0.0,0.0,1.0,,0,0,50,0,43278 Chennai-Nungambakkam: 8/90; 43279 Chennai-Meenambakkam: 8/90; 99947 Chennai-Madhavaram: 6/90; 99948 Chennai-Ennore: 7/90,obs=50; forecasts=28; warnings=6,
2026-09-25T21:15:20+05:30,OPEN_METEO_ARCHIVE,GET archive-api.open-meteo.com/v1/archive,blocked_by_robots,False,,,2026-09-25T21:15:40+05:30,0.0,0.0,0.0,0.0,,0,0,50,0,43278 Chennai-Nungambakkam: 8/90; 43279 Chennai-Meenambakkam: 8/90; 99947 Chennai-Madhavaram: 6/90; 99948 Chennai-Ennore: 7/90,obs=50; forecasts=28; warnings=6,disallowed by robots.txt (use --open-meteo-ignore-robots to accept Open-Meteo's API terms)
2026-09-25T21:15:20+05:30,OPEN_METEO_FORECAST,GET api.open-meteo.com/v1/forecast,blocked_by_robots,False,,,2026-09-25T21:15:41+05:30,0.0,0.0,0.0,0.0,,0,0,50,0,43278 Chennai-Nungambakkam: 8/90; 43279 Chennai-Meenambakkam: 8/90; 99947 Chennai-Madhavaram: 6/90; 99948 Chennai-Ennore: 7/90,obs=50; forecasts=28; warnings=6,disallowed by robots.txt (use --open-meteo-ignore-robots to accept Open-Meteo's API terms)
2026-09-25T21:15:20+05:30,ROLLING_WINDOW_ARCHIVE,rows older than 2026-06-28 moved to *_archive.csv,ok,False,nan,nan,2026-09-25T21:15:41+05:30,nan,nan,nan,nan,0,nan,nan,50,0,43278 Chennai-Nungambakkam: 8/90; 43279 Chennai-Meenambakkam: 8/90; 99947 Chennai-Madhavaram: 6/90; 99948 Chennai-Ennore: 7/90,obs=50; forecasts=28; warnings=6,imd_weather_observations_chennai: 0; imd_weather_forecasts_chennai: 0; imd_weather_warnings_chennai: 0
2026-09-27T01:45:32+05:30,IMD_CITY_WEATHER,POST JSON city.imd.gov.in/citywx/responsive/api/fetchCity_static.php,ok,False,2026-09-26T17:30:00+05:30,2026-09-26T17:30:00+05:30,2026-09-27T01:45:32+05:30,73.0,35.0,0.0,38.0,,0,"2: 43279 Chennai-Meenambakkam (nearby context, 0.28 km outside); 99948 Chennai-Ennore (nearby context, 3.57 km outside)",57,0,43278 Chennai-Nungambakkam: 9/90; 43279 Chennai-Meenambakkam: 9/90; 99947 Chennai-Madhavaram: 7/90; 99948 Chennai-Ennore: 8/90,obs=57; forecasts=56; warnings=12,"99947 reject max: out of range '99.9' | rainfall = 24 h ending 0830 IST as labelled on IMD Local Weather Report; min temp 0830 IST; max temp keyed to 1730 IST of its 'Recorded on' date; no rainfall history or wind published | forecast issued_at = record 'updat' read as UTC (a record holding 0830 IST readings carried updat 04:31, impossible in IST)"
2026-09-27T01:45:32+05:30,IMD_CITY_TEST_PAGE,GET city_weather_test.php?id=43279,http_403,False,,,2026-09-27T01:45:41+05:30,0.0,0.0,0.0,0.0,,0,0,57,0,43278 Chennai-Nungambakkam: 9/90; 43279 Chennai-Meenambakkam: 9/90; 99947 Chennai-Madhavaram: 7/90; 99948 Chennai-Ennore: 8/90,obs=57; forecasts=56; warnings=12,HTTP 403: Forbidden
2026-09-27T01:45:32+05:30,IMD_RMC_CHENNAI_HOME,GET mausam.imd.gov.in/chennai/,no_observation_time,False,,,2026-09-27T01:45:43+05:30,0.0,0.0,0.0,0.0,,0,0,57,0,43278 Chennai-Nungambakkam: 9/90; 43279 Chennai-Meenambakkam: 9/90; 99947 Chennai-Madhavaram: 7/90; 99948 Chennai-Ennore: 8/90,obs=57; forecasts=56; warnings=12,current-weather block has no observation time; not stored
2026-09-27T01:45:32+05:30,IMD_AWS_ARG,GET aws.imd.gov.in:8091/state/TAMIL_NADU,access_restricted,False,,,2026-09-27T01:45:45+05:30,0.0,0.0,0.0,0.0,,0,0,57,0,43278 Chennai-Nungambakkam: 9/90; 43279 Chennai-Meenambakkam: 9/90; 99947 Chennai-Madhavaram: 7/90; 99948 Chennai-Ennore: 8/90,obs=57; forecasts=56; warnings=12,redirects to login + captcha; not bypassed
2026-09-27T01:45:32+05:30,IMD_WARNINGS_API,GET mausam.imd.gov.in/api/warnings_district_api.php,http_401,False,,,2026-09-27T01:45:45+05:30,0.0,0.0,0.0,0.0,,0,0,57,0,43278 Chennai-Nungambakkam: 9/90; 43279 Chennai-Meenambakkam: 9/90; 99947 Chennai-Madhavaram: 7/90; 99948 Chennai-Ennore: 8/90,obs=57; forecasts=56; warnings=12,HTTP 401: IP 103.160.240.113 needs to be whitelisted - falling back
2026-09-27T01:45:32+05:30,IMD_DIST_WARNINGS_GIS,GET WFS imd:district_warnings_india + WMS style + GIS page,ok,False,2026-09-26T20:56:06+05:30,2026-09-26T20:56:06+05:30,2026-09-27T01:45:50+05:30,5.0,5.0,0.0,0.0,,0,0,57,0,43278 Chennai-Nungambakkam: 9/90; 43279 Chennai-Meenambakkam: 9/90; 99947 Chennai-Madhavaram: 7/90; 99948 Chennai-Ennore: 8/90,obs=57; forecasts=56; warnings=12,"Day_1: page label 2026-09-27 differs from Date+0; label used | Day_2: page label 2026-09-28 differs from Date+1; label used | Day_3: page label 2026-09-29 differs from Date+2; label used | Day_4: page label 2026-09-30 differs from Date+3; label used | Day_5: page label 2026-10-01 differs from Date+4; label used | issued_at from updated_at as published (Z = UTC); colour codes from the layer's WMS style {'0': '#ffffff', '1': '#F20505', '2': '#F28705', '3': '#F2E205', '4': '#078C03'}; validity = published day, IST calendar date"
2026-09-27T01:45:32+05:30,IMD_DIST_NOWCAST_RMC,GET RMC Chennai districtwisewarnings_mc.php,ok,False,2026-09-27T01:00:00+05:30,2026-09-27T01:00:00+05:30,2026-09-27T01:45:50+05:30,1.0,1.0,0.0,0.0,,0,0,57,0,43278 Chennai-Nungambakkam: 9/90; 43279 Chennai-Meenambakkam: 9/90; 99947 Chennai-Madhavaram: 7/90; 99948 Chennai-Ennore: 8/90,obs=57; forecasts=56; warnings=12,
2026-09-27T01:45:32+05:30,OPEN_METEO_ARCHIVE,GET archive-api.open-meteo.com/v1/archive,blocked_by_robots,False,,,2026-09-27T01:45:53+05:30,0.0,0.0,0.0,0.0,,0,0,57,0,43278 Chennai-Nungambakkam: 9/90; 43279 Chennai-Meenambakkam: 9/90; 99947 Chennai-Madhavaram: 7/90; 99948 Chennai-Ennore: 8/90,obs=57; forecasts=56; warnings=12,disallowed by robots.txt (use --open-meteo-ignore-robots to accept Open-Meteo's API terms)
2026-09-27T01:45:32+05:30,OPEN_METEO_FORECAST,GET api.open-meteo.com/v1/forecast,blocked_by_robots,False,,,2026-09-27T01:45:53+05:30,0.0,0.0,0.0,0.0,,0,0,57,0,43278 Chennai-Nungambakkam: 9/90; 43279 Chennai-Meenambakkam: 9/90; 99947 Chennai-Madhavaram: 7/90; 99948 Chennai-Ennore: 8/90,obs=57; forecasts=56; warnings=12,disallowed by robots.txt (use --open-meteo-ignore-robots to accept Open-Meteo's API terms)
2026-09-27T01:45:32+05:30,ROLLING_WINDOW_ARCHIVE,rows older than 2026-06-30 moved to *_archive.csv,ok,False,nan,nan,2026-09-27T01:45:53+05:30,nan,nan,nan,nan,0,nan,nan,57,0,43278 Chennai-Nungambakkam: 9/90; 43279 Chennai-Meenambakkam: 9/90; 99947 Chennai-Madhavaram: 7/90; 99948 Chennai-Ennore: 8/90,obs=57; forecasts=56; warnings=12,imd_weather_observations_chennai: 0; imd_weather_forecasts_chennai: 0; imd_weather_warnings_chennai: 0
2026-09-27T02:15:59+05:30,IMD_CITY_WEATHER,POST JSON city.imd.gov.in/citywx/responsive/api/fetchCity_static.php,ok,False,2026-09-26T17:30:00+05:30,2026-09-26T17:30:00+05:30,2026-09-27T02:15:59+05:30,73.0,0.0,0.0,73.0,,0,"2: 43279 Chennai-Meenambakkam (nearby context, 0.28 km outside); 99948 Chennai-Ennore (nearby context, 3.57 km outside)",57,0,43278 Chennai-Nungambakkam: 9/90; 43279 Chennai-Meenambakkam: 9/90; 99947 Chennai-Madhavaram: 7/90; 99948 Chennai-Ennore: 8/90,obs=57; forecasts=56; warnings=12,"99947 reject max: out of range '99.9' | rainfall = 24 h ending 0830 IST as labelled on IMD Local Weather Report; min temp 0830 IST; max temp keyed to 1730 IST of its 'Recorded on' date; no rainfall history or wind published | forecast issued_at = record 'updat' read as UTC (a record holding 0830 IST readings carried updat 04:31, impossible in IST)"
2026-09-27T02:15:59+05:30,IMD_CITY_TEST_PAGE,GET city_weather_test.php?id=43279,http_403,False,,,2026-09-27T02:16:08+05:30,0.0,0.0,0.0,0.0,,0,0,57,0,43278 Chennai-Nungambakkam: 9/90; 43279 Chennai-Meenambakkam: 9/90; 99947 Chennai-Madhavaram: 7/90; 99948 Chennai-Ennore: 8/90,obs=57; forecasts=56; warnings=12,HTTP 403: Forbidden
2026-09-27T02:15:59+05:30,IMD_RMC_CHENNAI_HOME,GET mausam.imd.gov.in/chennai/,no_observation_time,False,,,2026-09-27T02:16:10+05:30,0.0,0.0,0.0,0.0,,0,0,57,0,43278 Chennai-Nungambakkam: 9/90; 43279 Chennai-Meenambakkam: 9/90; 99947 Chennai-Madhavaram: 7/90; 99948 Chennai-Ennore: 8/90,obs=57; forecasts=56; warnings=12,current-weather block has no observation time; not stored
2026-09-27T02:15:59+05:30,IMD_AWS_ARG,GET aws.imd.gov.in:8091/state/TAMIL_NADU,access_restricted,False,,,2026-09-27T02:16:12+05:30,0.0,0.0,0.0,0.0,,0,0,57,0,43278 Chennai-Nungambakkam: 9/90; 43279 Chennai-Meenambakkam: 9/90; 99947 Chennai-Madhavaram: 7/90; 99948 Chennai-Ennore: 8/90,obs=57; forecasts=56; warnings=12,redirects to login + captcha; not bypassed
2026-09-27T02:15:59+05:30,IMD_WARNINGS_API,GET mausam.imd.gov.in/api/warnings_district_api.php,http_401,False,,,2026-09-27T02:16:12+05:30,0.0,0.0,0.0,0.0,,0,0,57,0,43278 Chennai-Nungambakkam: 9/90; 43279 Chennai-Meenambakkam: 9/90; 99947 Chennai-Madhavaram: 7/90; 99948 Chennai-Ennore: 8/90,obs=57; forecasts=56; warnings=12,HTTP 401: IP 103.160.240.113 needs to be whitelisted - falling back
2026-09-27T02:15:59+05:30,IMD_DIST_WARNINGS_GIS,GET WFS imd:district_warnings_india + WMS style + GIS page,ok,False,2026-09-26T20:56:06+05:30,2026-09-26T20:56:06+05:30,2026-09-27T02:16:17+05:30,5.0,0.0,0.0,5.0,,0,0,57,0,43278 Chennai-Nungambakkam: 9/90; 43279 Chennai-Meenambakkam: 9/90; 99947 Chennai-Madhavaram: 7/90; 99948 Chennai-Ennore: 8/90,obs=57; forecasts=56; warnings=12,"Day_1: page label 2026-09-27 differs from Date+0; label used | Day_2: page label 2026-09-28 differs from Date+1; label used | Day_3: page label 2026-09-29 differs from Date+2; label used | Day_4: page label 2026-09-30 differs from Date+3; label used | Day_5: page label 2026-10-01 differs from Date+4; label used | issued_at from updated_at as published (Z = UTC); colour codes from the layer's WMS style {'0': '#ffffff', '1': '#F20505', '2': '#F28705', '3': '#F2E205', '4': '#078C03'}; validity = published day, IST calendar date"
2026-09-27T02:15:59+05:30,IMD_DIST_NOWCAST_RMC,GET RMC Chennai districtwisewarnings_mc.php,ok,False,2026-09-27T01:00:00+05:30,2026-09-27T01:00:00+05:30,2026-09-27T02:16:17+05:30,1.0,0.0,0.0,1.0,,0,0,57,0,43278 Chennai-Nungambakkam: 9/90; 43279 Chennai-Meenambakkam: 9/90; 99947 Chennai-Madhavaram: 7/90; 99948 Chennai-Ennore: 8/90,obs=57; forecasts=56; warnings=12,
2026-09-27T02:15:59+05:30,OPEN_METEO_ARCHIVE,GET archive-api.open-meteo.com/v1/archive,not_needed,False,,,2026-09-27T02:16:19+05:30,0.0,0.0,0.0,0.0,,0,0,57,0,43278 Chennai-Nungambakkam: 9/90; 43279 Chennai-Meenambakkam: 9/90; 99947 Chennai-Madhavaram: 7/90; 99948 Chennai-Ennore: 8/90,obs=57; forecasts=56; warnings=12,every past window day has an IMD inside-district observation
2026-09-27T02:15:59+05:30,ROLLING_WINDOW_ARCHIVE,rows older than 2026-06-30 moved to *_archive.csv,ok,False,nan,nan,2026-09-27T02:16:19+05:30,nan,nan,nan,nan,0,nan,nan,57,0,43278 Chennai-Nungambakkam: 9/90; 43279 Chennai-Meenambakkam: 9/90; 99947 Chennai-Madhavaram: 7/90; 99948 Chennai-Ennore: 8/90,obs=57; forecasts=56; warnings=12,imd_weather_observations_chennai: 0; imd_weather_forecasts_chennai: 0; imd_weather_warnings_chennai: 0
2026-09-27T13:20:59+05:30,IMD_CITY_WEATHER,POST JSON city.imd.gov.in/citywx/responsive/api/fetchCity_static.php,ok,False,2026-09-27T08:30:00+05:30,2026-09-27T08:30:00+05:30,2026-09-27T13:20:59+05:30,77.0,8.0,0.0,69.0,,0,"2: 99948 Chennai-Ennore (nearby context, 3.57 km outside); 43279 Chennai-Meenambakkam (nearby context, 0.28 km outside)",61,0,43278 Chennai-Nungambakkam: 10/90; 43279 Chennai-Meenambakkam: 10/90; 99947 Chennai-Madhavaram: 8/90; 99948 Chennai-Ennore: 9/90,obs=61; forecasts=60; warnings=18,"skipped 43278 2026-09-27T17:30:00+05:30: time invalid or after fetch | skipped 43279 2026-09-27T17:30:00+05:30: time invalid or after fetch | 99947 reject max: out of range '99.9' | rainfall = 24 h ending 0830 IST as labelled on IMD Local Weather Report; min temp 0830 IST; max temp keyed to 1730 IST of its 'Recorded on' date; no rainfall history or wind published | forecast issued_at = record 'updat' read as UTC (a record holding 0830 IST readings carried updat 04:31, impossible in IST)"
2026-09-27T13:20:59+05:30,IMD_CITY_TEST_PAGE,GET city_weather_test.php?id=43279,http_403,False,,,2026-09-27T13:21:08+05:30,0.0,0.0,0.0,0.0,,0,0,61,0,43278 Chennai-Nungambakkam: 10/90; 43279 Chennai-Meenambakkam: 10/90; 99947 Chennai-Madhavaram: 8/90; 99948 Chennai-Ennore: 9/90,obs=61; forecasts=60; warnings=18,HTTP 403: Forbidden
2026-09-27T13:20:59+05:30,IMD_RMC_CHENNAI_HOME,GET mausam.imd.gov.in/chennai/,no_observation_time,False,,,2026-09-27T13:21:10+05:30,0.0,0.0,0.0,0.0,,0,0,61,0,43278 Chennai-Nungambakkam: 10/90; 43279 Chennai-Meenambakkam: 10/90; 99947 Chennai-Madhavaram: 8/90; 99948 Chennai-Ennore: 9/90,obs=61; forecasts=60; warnings=18,current-weather block has no observation time; not stored
2026-09-27T13:20:59+05:30,IMD_AWS_ARG,GET aws.imd.gov.in:8091/state/TAMIL_NADU,access_restricted,False,,,2026-09-27T13:21:12+05:30,0.0,0.0,0.0,0.0,,0,0,61,0,43278 Chennai-Nungambakkam: 10/90; 43279 Chennai-Meenambakkam: 10/90; 99947 Chennai-Madhavaram: 8/90; 99948 Chennai-Ennore: 9/90,obs=61; forecasts=60; warnings=18,redirects to login + captcha; not bypassed
2026-09-27T13:20:59+05:30,IMD_WARNINGS_API,GET mausam.imd.gov.in/api/warnings_district_api.php,http_401,False,,,2026-09-27T13:21:12+05:30,0.0,0.0,0.0,0.0,,0,0,61,0,43278 Chennai-Nungambakkam: 10/90; 43279 Chennai-Meenambakkam: 10/90; 99947 Chennai-Madhavaram: 8/90; 99948 Chennai-Ennore: 9/90,obs=61; forecasts=60; warnings=18,HTTP 401: IP 103.160.240.113 needs to be whitelisted - falling back
2026-09-27T13:20:59+05:30,IMD_DIST_WARNINGS_GIS,GET WFS imd:district_warnings_india + WMS style + GIS page,ok,False,2026-09-27T11:14:51+05:30,2026-09-27T11:14:51+05:30,2026-09-27T13:21:17+05:30,5.0,5.0,0.0,0.0,,0,0,61,0,43278 Chennai-Nungambakkam: 10/90; 43279 Chennai-Meenambakkam: 10/90; 99947 Chennai-Madhavaram: 8/90; 99948 Chennai-Ennore: 9/90,obs=61; forecasts=60; warnings=18,"issued_at from updated_at as published (Z = UTC); colour codes from the layer's WMS style {'0': '#ffffff', '1': '#F20505', '2': '#F28705', '3': '#F2E205', '4': '#078C03'}; validity = published day, IST calendar date"
2026-09-27T13:20:59+05:30,IMD_DIST_NOWCAST_RMC,GET RMC Chennai districtwisewarnings_mc.php,ok,False,2026-09-27T13:00:00+05:30,2026-09-27T13:00:00+05:30,2026-09-27T13:21:17+05:30,1.0,1.0,0.0,0.0,,0,0,61,0,43278 Chennai-Nungambakkam: 10/90; 43279 Chennai-Meenambakkam: 10/90; 99947 Chennai-Madhavaram: 8/90; 99948 Chennai-Ennore: 9/90,obs=61; forecasts=60; warnings=18,
2026-09-27T13:20:59+05:30,OPEN_METEO_ARCHIVE,GET archive-api.open-meteo.com/v1/archive,not_needed,False,,,2026-09-27T13:21:18+05:30,0.0,0.0,0.0,0.0,,0,0,61,0,43278 Chennai-Nungambakkam: 10/90; 43279 Chennai-Meenambakkam: 10/90; 99947 Chennai-Madhavaram: 8/90; 99948 Chennai-Ennore: 9/90,obs=61; forecasts=60; warnings=18,every past window day has an IMD inside-district observation
2026-09-27T13:20:59+05:30,ROLLING_WINDOW_ARCHIVE,rows older than 2026-06-30 moved to *_archive.csv,ok,False,nan,nan,2026-09-27T13:21:18+05:30,nan,nan,nan,nan,0,nan,nan,61,0,43278 Chennai-Nungambakkam: 10/90; 43279 Chennai-Meenambakkam: 10/90; 99947 Chennai-Madhavaram: 8/90; 99948 Chennai-Ennore: 9/90,obs=61; forecasts=60; warnings=18,imd_weather_observations_chennai: 0; imd_weather_forecasts_chennai: 0; imd_weather_warnings_chennai: 0
2026-09-27T21:24:09+05:30,IMD_CITY_WEATHER,POST JSON city.imd.gov.in/citywx/responsive/api/fetchCity_static.php,ok,False,2026-09-27T17:30:00+05:30,2026-09-27T17:30:00+05:30,2026-09-27T21:24:09+05:30,81.0,27.0,1.0,53.0,,1: 99948/2026-09-27T08:30:00+05:30: temp_min_c 26.8->26.7,"2: 99948 Chennai-Ennore (nearby context, 3.57 km outside); 43279 Chennai-Meenambakkam (nearby context, 0.28 km outside)",65,0,43278 Chennai-Nungambakkam: 10/90; 43279 Chennai-Meenambakkam: 10/90; 99947 Chennai-Madhavaram: 8/90; 99948 Chennai-Ennore: 9/90,obs=65; forecasts=83; warnings=24,"99947 reject prevday_max: out of range '99.9' | rainfall = 24 h ending 0830 IST as labelled on IMD Local Weather Report; min temp 0830 IST; max temp keyed to 1730 IST of its 'Recorded on' date; no rainfall history or wind published | forecast issued_at = record 'updat' read as UTC (a record holding 0830 IST readings carried updat 04:31, impossible in IST)"
2026-09-27T21:24:09+05:30,IMD_CITY_TEST_PAGE,GET city_weather_test.php?id=43279,http_403,False,,,2026-09-27T21:24:18+05:30,0.0,0.0,0.0,0.0,,0,0,65,0,43278 Chennai-Nungambakkam: 10/90; 43279 Chennai-Meenambakkam: 10/90; 99947 Chennai-Madhavaram: 8/90; 99948 Chennai-Ennore: 9/90,obs=65; forecasts=83; warnings=24,HTTP 403: Forbidden
2026-09-27T21:24:09+05:30,IMD_RMC_CHENNAI_HOME,GET mausam.imd.gov.in/chennai/,no_observation_time,False,,,2026-09-27T21:24:20+05:30,0.0,0.0,0.0,0.0,,0,0,65,0,43278 Chennai-Nungambakkam: 10/90; 43279 Chennai-Meenambakkam: 10/90; 99947 Chennai-Madhavaram: 8/90; 99948 Chennai-Ennore: 9/90,obs=65; forecasts=83; warnings=24,current-weather block has no observation time; not stored
2026-09-27T21:24:09+05:30,IMD_AWS_ARG,GET aws.imd.gov.in:8091/state/TAMIL_NADU,access_restricted,False,,,2026-09-27T21:24:22+05:30,0.0,0.0,0.0,0.0,,0,0,65,0,43278 Chennai-Nungambakkam: 10/90; 43279 Chennai-Meenambakkam: 10/90; 99947 Chennai-Madhavaram: 8/90; 99948 Chennai-Ennore: 9/90,obs=65; forecasts=83; warnings=24,redirects to login + captcha; not bypassed
2026-09-27T21:24:09+05:30,IMD_WARNINGS_API,GET mausam.imd.gov.in/api/warnings_district_api.php,http_401,False,,,2026-09-27T21:24:22+05:30,0.0,0.0,0.0,0.0,,0,0,65,0,43278 Chennai-Nungambakkam: 10/90; 43279 Chennai-Meenambakkam: 10/90; 99947 Chennai-Madhavaram: 8/90; 99948 Chennai-Ennore: 9/90,obs=65; forecasts=83; warnings=24,HTTP 401: IP 103.160.240.113 needs to be whitelisted - falling back
2026-09-27T21:24:09+05:30,IMD_DIST_WARNINGS_GIS,GET WFS imd:district_warnings_india + WMS style + GIS page,ok,False,2026-09-27T20:11:04+05:30,2026-09-27T20:11:04+05:30,2026-09-27T21:24:27+05:30,5.0,5.0,0.0,0.0,,0,0,65,0,43278 Chennai-Nungambakkam: 10/90; 43279 Chennai-Meenambakkam: 10/90; 99947 Chennai-Madhavaram: 8/90; 99948 Chennai-Ennore: 9/90,obs=65; forecasts=83; warnings=24,"issued_at from updated_at as published (Z = UTC); colour codes from the layer's WMS style {'0': '#ffffff', '1': '#F20505', '2': '#F28705', '3': '#F2E205', '4': '#078C03'}; validity = published day, IST calendar date"
2026-09-27T21:24:09+05:30,IMD_DIST_NOWCAST_RMC,GET RMC Chennai districtwisewarnings_mc.php,ok,False,2026-09-27T19:00:00+05:30,2026-09-27T19:00:00+05:30,2026-09-27T21:24:27+05:30,1.0,1.0,0.0,0.0,,0,0,65,0,43278 Chennai-Nungambakkam: 10/90; 43279 Chennai-Meenambakkam: 10/90; 99947 Chennai-Madhavaram: 8/90; 99948 Chennai-Ennore: 9/90,obs=65; forecasts=83; warnings=24,
2026-09-27T21:24:09+05:30,OPEN_METEO_ARCHIVE,GET archive-api.open-meteo.com/v1/archive,not_needed,False,,,2026-09-27T21:24:29+05:30,0.0,0.0,0.0,0.0,,0,0,65,0,43278 Chennai-Nungambakkam: 10/90; 43279 Chennai-Meenambakkam: 10/90; 99947 Chennai-Madhavaram: 8/90; 99948 Chennai-Ennore: 9/90,obs=65; forecasts=83; warnings=24,every past window day has an IMD inside-district observation
2026-09-27T21:24:09+05:30,ROLLING_WINDOW_ARCHIVE,rows older than 2026-06-30 moved to *_archive.csv,ok,False,nan,nan,2026-09-27T21:24:29+05:30,nan,nan,nan,nan,0,nan,nan,65,0,43278 Chennai-Nungambakkam: 10/90; 43279 Chennai-Meenambakkam: 10/90; 99947 Chennai-Madhavaram: 8/90; 99948 Chennai-Ennore: 9/90,obs=65; forecasts=83; warnings=24,imd_weather_observations_chennai: 0; imd_weather_forecasts_chennai: 0; imd_weather_warnings_chennai: 0
2026-09-28T14:02:16+05:30,IMD_CITY_WEATHER,POST JSON city.imd.gov.in/citywx/responsive/api/fetchCity_static.php,ok,False,2026-09-28T08:30:00+05:30,2026-09-28T08:30:00+05:30,2026-09-28T14:02:16+05:30,75.0,4.0,0.0,71.0,,0,"2: 99948 Chennai-Ennore (nearby context, 3.57 km outside); 43279 Chennai-Meenambakkam (nearby context, 0.28 km outside)",67,0,43278 Chennai-Nungambakkam: 11/90; 43279 Chennai-Meenambakkam: 11/90; 99947 Chennai-Madhavaram: 8/90; 99948 Chennai-Ennore: 9/90,obs=67; forecasts=85; warnings=30,"skipped 43278 2026-09-28T17:30:00+05:30: time invalid or after fetch | skipped 43279 2026-09-28T17:30:00+05:30: time invalid or after fetch | rainfall = 24 h ending 0830 IST as labelled on IMD Local Weather Report; min temp 0830 IST; max temp keyed to 1730 IST of its 'Recorded on' date; no rainfall history or wind published | forecast issued_at = record 'updat' read as UTC (a record holding 0830 IST readings carried updat 04:31, impossible in IST)"
2026-09-28T14:02:16+05:30,IMD_CITY_TEST_PAGE,GET city_weather_test.php?id=43279,http_403,False,,,2026-09-28T14:02:25+05:30,0.0,0.0,0.0,0.0,,0,0,67,0,43278 Chennai-Nungambakkam: 11/90; 43279 Chennai-Meenambakkam: 11/90; 99947 Chennai-Madhavaram: 8/90; 99948 Chennai-Ennore: 9/90,obs=67; forecasts=85; warnings=30,HTTP 403: Forbidden
2026-09-28T14:02:16+05:30,IMD_RMC_CHENNAI_HOME,GET mausam.imd.gov.in/chennai/,no_observation_time,False,,,2026-09-28T14:02:26+05:30,0.0,0.0,0.0,0.0,,0,0,67,0,43278 Chennai-Nungambakkam: 11/90; 43279 Chennai-Meenambakkam: 11/90; 99947 Chennai-Madhavaram: 8/90; 99948 Chennai-Ennore: 9/90,obs=67; forecasts=85; warnings=30,current-weather block has no observation time; not stored
2026-09-28T14:02:16+05:30,IMD_AWS_ARG,GET aws.imd.gov.in:8091/state/TAMIL_NADU,access_restricted,False,,,2026-09-28T14:02:28+05:30,0.0,0.0,0.0,0.0,,0,0,67,0,43278 Chennai-Nungambakkam: 11/90; 43279 Chennai-Meenambakkam: 11/90; 99947 Chennai-Madhavaram: 8/90; 99948 Chennai-Ennore: 9/90,obs=67; forecasts=85; warnings=30,redirects to login + captcha; not bypassed
2026-09-28T14:02:16+05:30,IMD_WARNINGS_API,GET mausam.imd.gov.in/api/warnings_district_api.php,http_401,False,,,2026-09-28T14:02:28+05:30,0.0,0.0,0.0,0.0,,0,0,67,0,43278 Chennai-Nungambakkam: 11/90; 43279 Chennai-Meenambakkam: 11/90; 99947 Chennai-Madhavaram: 8/90; 99948 Chennai-Ennore: 9/90,obs=67; forecasts=85; warnings=30,HTTP 401: IP 14.139.180.98 needs to be whitelisted - falling back
2026-09-28T14:02:16+05:30,IMD_DIST_WARNINGS_GIS,GET WFS imd:district_warnings_india + WMS style + GIS page,ok,False,2026-09-28T18:51:49+05:30,2026-09-28T18:51:49+05:30,2026-09-28T14:02:33+05:30,5.0,5.0,0.0,0.0,,0,0,67,0,43278 Chennai-Nungambakkam: 11/90; 43279 Chennai-Meenambakkam: 11/90; 99947 Chennai-Madhavaram: 8/90; 99948 Chennai-Ennore: 9/90,obs=67; forecasts=85; warnings=30,"issued_at from updated_at as published (Z = UTC); colour codes from the layer's WMS style {'0': '#ffffff', '1': '#F20505', '2': '#F28705', '3': '#F2E205', '4': '#078C03'}; validity = published day, IST calendar date"
2026-09-28T14:02:16+05:30,IMD_DIST_NOWCAST_RMC,GET RMC Chennai districtwisewarnings_mc.php,ok,False,2026-09-28T13:00:00+05:30,2026-09-28T13:00:00+05:30,2026-09-28T14:02:33+05:30,1.0,1.0,0.0,0.0,,0,0,67,0,43278 Chennai-Nungambakkam: 11/90; 43279 Chennai-Meenambakkam: 11/90; 99947 Chennai-Madhavaram: 8/90; 99948 Chennai-Ennore: 9/90,obs=67; forecasts=85; warnings=30,
2026-09-28T14:02:16+05:30,OPEN_METEO_ARCHIVE,GET archive-api.open-meteo.com/v1/archive,not_needed,False,,,2026-09-28T14:02:35+05:30,0.0,0.0,0.0,0.0,,0,0,67,0,43278 Chennai-Nungambakkam: 11/90; 43279 Chennai-Meenambakkam: 11/90; 99947 Chennai-Madhavaram: 8/90; 99948 Chennai-Ennore: 9/90,obs=67; forecasts=85; warnings=30,every past window day has an IMD inside-district observation
2026-09-28T14:02:16+05:30,ROLLING_WINDOW_ARCHIVE,rows older than 2026-07-01 moved to *_archive.csv,ok,False,nan,nan,2026-09-28T14:02:35+05:30,nan,nan,nan,nan,0,nan,nan,67,0,43278 Chennai-Nungambakkam: 11/90; 43279 Chennai-Meenambakkam: 11/90; 99947 Chennai-Madhavaram: 8/90; 99948 Chennai-Ennore: 9/90,obs=67; forecasts=85; warnings=30,imd_weather_observations_chennai: 0; imd_weather_forecasts_chennai: 0; imd_weather_warnings_chennai: 0
2026-09-29T19:01:36+05:30,IMD_CITY_WEATHER,POST JSON city.imd.gov.in/citywx/responsive/api/fetchCity_static.php,ok,False,2026-09-29T17:30:00+05:30,2026-09-29T17:30:00+05:30,2026-09-29T19:01:36+05:30,83.0,42.0,2.0,39.0,,0,"2: 99948 Chennai-Ennore (nearby context, 3.57 km outside); 43279 Chennai-Meenambakkam (nearby context, 0.28 km outside)",81,0,43278 Chennai-Nungambakkam: 12/90; 43279 Chennai-Meenambakkam: 12/90; 99947 Chennai-Madhavaram: 10/90; 99948 Chennai-Ennore: 11/90,obs=81; forecasts=113; warnings=36,"rainfall = 24 h ending 0830 IST as labelled on IMD Local Weather Report; min temp 0830 IST; max temp keyed to 1730 IST of its 'Recorded on' date; no rainfall history or wind published | forecast issued_at = record 'updat' read as UTC (a record holding 0830 IST readings carried updat 04:31, impossible in IST)"
2026-09-29T19:01:36+05:30,IMD_CITY_TEST_PAGE,GET city_weather_test.php?id=43279,http_403,False,,,2026-09-29T19:01:45+05:30,0.0,0.0,0.0,0.0,,0,0,81,0,43278 Chennai-Nungambakkam: 12/90; 43279 Chennai-Meenambakkam: 12/90; 99947 Chennai-Madhavaram: 10/90; 99948 Chennai-Ennore: 11/90,obs=81; forecasts=113; warnings=36,HTTP 403: Forbidden
2026-09-29T19:01:36+05:30,IMD_RMC_CHENNAI_HOME,GET mausam.imd.gov.in/chennai/,no_observation_time,False,,,2026-09-29T19:01:46+05:30,0.0,0.0,0.0,0.0,,0,0,81,0,43278 Chennai-Nungambakkam: 12/90; 43279 Chennai-Meenambakkam: 12/90; 99947 Chennai-Madhavaram: 10/90; 99948 Chennai-Ennore: 11/90,obs=81; forecasts=113; warnings=36,current-weather block has no observation time; not stored
2026-09-29T19:01:36+05:30,IMD_AWS_ARG,GET aws.imd.gov.in:8091/state/TAMIL_NADU,access_restricted,False,,,2026-09-29T19:01:48+05:30,0.0,0.0,0.0,0.0,,0,0,81,0,43278 Chennai-Nungambakkam: 12/90; 43279 Chennai-Meenambakkam: 12/90; 99947 Chennai-Madhavaram: 10/90; 99948 Chennai-Ennore: 11/90,obs=81; forecasts=113; warnings=36,redirects to login + captcha; not bypassed
2026-09-29T19:01:36+05:30,IMD_WARNINGS_API,GET mausam.imd.gov.in/api/warnings_district_api.php,http_401,False,,,2026-09-29T19:01:49+05:30,0.0,0.0,0.0,0.0,,0,0,81,0,43278 Chennai-Nungambakkam: 12/90; 43279 Chennai-Meenambakkam: 12/90; 99947 Chennai-Madhavaram: 10/90; 99948 Chennai-Ennore: 11/90,obs=81; forecasts=113; warnings=36,HTTP 401: IP 103.160.240.113 needs to be whitelisted - falling back
2026-09-29T19:01:36+05:30,IMD_DIST_WARNINGS_GIS,GET WFS imd:district_warnings_india + WMS style + GIS page,ok,False,2026-09-29T18:34:08+05:30,2026-09-29T18:34:08+05:30,2026-09-29T19:01:53+05:30,5.0,5.0,0.0,0.0,,0,0,81,0,43278 Chennai-Nungambakkam: 12/90; 43279 Chennai-Meenambakkam: 12/90; 99947 Chennai-Madhavaram: 10/90; 99948 Chennai-Ennore: 11/90,obs=81; forecasts=113; warnings=36,"issued_at from updated_at as published (Z = UTC); colour codes from the layer's WMS style {'0': '#ffffff', '1': '#F20505', '2': '#F28705', '3': '#F2E205', '4': '#078C03'}; validity = published day, IST calendar date"
2026-09-29T19:01:36+05:30,IMD_DIST_NOWCAST_RMC,GET RMC Chennai districtwisewarnings_mc.php,ok,False,2026-09-29T19:00:00+05:30,2026-09-29T19:00:00+05:30,2026-09-29T19:01:54+05:30,1.0,1.0,0.0,0.0,,0,0,81,0,43278 Chennai-Nungambakkam: 12/90; 43279 Chennai-Meenambakkam: 12/90; 99947 Chennai-Madhavaram: 10/90; 99948 Chennai-Ennore: 11/90,obs=81; forecasts=113; warnings=36,
2026-09-29T19:01:36+05:30,OPEN_METEO_ARCHIVE,GET archive-api.open-meteo.com/v1/archive,not_needed,False,,,2026-09-29T19:01:55+05:30,0.0,0.0,0.0,0.0,,0,0,81,0,43278 Chennai-Nungambakkam: 12/90; 43279 Chennai-Meenambakkam: 12/90; 99947 Chennai-Madhavaram: 10/90; 99948 Chennai-Ennore: 11/90,obs=81; forecasts=113; warnings=36,every past window day has an IMD inside-district observation
2026-09-29T19:01:36+05:30,ROLLING_WINDOW_ARCHIVE,rows older than 2026-07-02 moved to *_archive.csv,ok,False,nan,nan,2026-09-29T19:01:55+05:30,nan,nan,nan,nan,0,nan,nan,81,0,43278 Chennai-Nungambakkam: 12/90; 43279 Chennai-Meenambakkam: 12/90; 99947 Chennai-Madhavaram: 10/90; 99948 Chennai-Ennore: 11/90,obs=81; forecasts=113; warnings=36,imd_weather_observations_chennai: 0; imd_weather_forecasts_chennai: 0; imd_weather_warnings_chennai: 0
2026-09-30T12:14:24+05:30,IMD_CITY_WEATHER,POST JSON city.imd.gov.in/citywx/responsive/api/fetchCity_static.php,ok,False,2026-09-30T08:30:00+05:30,2026-09-30T08:30:00+05:30,2026-09-30T12:14:24+05:30,81.0,8.0,0.0,73.0,,0,"2: 99948 Chennai-Ennore (nearby context, 3.57 km outside); 43279 Chennai-Meenambakkam (nearby context, 0.28 km outside)",85,0,43278 Chennai-Nungambakkam: 13/90; 43279 Chennai-Meenambakkam: 13/90; 99947 Chennai-Madhavaram: 11/90; 99948 Chennai-Ennore: 12/90,obs=85; forecasts=117; warnings=42,"99947 reject min: out of range '99.9' | skipped 43278 2026-09-30T17:30:00+05:30: time invalid or after fetch | skipped 43279 2026-09-30T17:30:00+05:30: time invalid or after fetch | rainfall = 24 h ending 0830 IST as labelled on IMD Local Weather Report; min temp 0830 IST; max temp keyed to 1730 IST of its 'Recorded on' date; no rainfall history or wind published | forecast issued_at = record 'updat' read as UTC (a record holding 0830 IST readings carried updat 04:31, impossible in IST)"
2026-09-30T12:14:24+05:30,IMD_CITY_TEST_PAGE,GET city_weather_test.php?id=43279,http_403,False,,,2026-09-30T12:14:33+05:30,0.0,0.0,0.0,0.0,,0,0,85,0,43278 Chennai-Nungambakkam: 13/90; 43279 Chennai-Meenambakkam: 13/90; 99947 Chennai-Madhavaram: 11/90; 99948 Chennai-Ennore: 12/90,obs=85; forecasts=117; warnings=42,HTTP 403: Forbidden
2026-09-30T12:14:24+05:30,IMD_RMC_CHENNAI_HOME,GET mausam.imd.gov.in/chennai/,no_observation_time,False,,,2026-09-30T12:14:34+05:30,0.0,0.0,0.0,0.0,,0,0,85,0,43278 Chennai-Nungambakkam: 13/90; 43279 Chennai-Meenambakkam: 13/90; 99947 Chennai-Madhavaram: 11/90; 99948 Chennai-Ennore: 12/90,obs=85; forecasts=117; warnings=42,current-weather block has no observation time; not stored
2026-09-30T12:14:24+05:30,IMD_AWS_ARG,GET aws.imd.gov.in:8091/state/TAMIL_NADU,access_restricted,False,,,2026-09-30T12:14:36+05:30,0.0,0.0,0.0,0.0,,0,0,85,0,43278 Chennai-Nungambakkam: 13/90; 43279 Chennai-Meenambakkam: 13/90; 99947 Chennai-Madhavaram: 11/90; 99948 Chennai-Ennore: 12/90,obs=85; forecasts=117; warnings=42,redirects to login + captcha; not bypassed
2026-09-30T12:14:24+05:30,IMD_WARNINGS_API,GET mausam.imd.gov.in/api/warnings_district_api.php,http_401,False,,,2026-09-30T12:14:36+05:30,0.0,0.0,0.0,0.0,,0,0,85,0,43278 Chennai-Nungambakkam: 13/90; 43279 Chennai-Meenambakkam: 13/90; 99947 Chennai-Madhavaram: 11/90; 99948 Chennai-Ennore: 12/90,obs=85; forecasts=117; warnings=42,HTTP 401: IP 14.139.180.98 needs to be whitelisted - falling back
2026-09-30T12:14:24+05:30,IMD_DIST_WARNINGS_GIS,GET WFS imd:district_warnings_india + WMS style + GIS page,ok,False,2026-09-30T10:49:23+05:30,2026-09-30T10:49:23+05:30,2026-09-30T12:14:41+05:30,5.0,5.0,0.0,0.0,,0,0,85,0,43278 Chennai-Nungambakkam: 13/90; 43279 Chennai-Meenambakkam: 13/90; 99947 Chennai-Madhavaram: 11/90; 99948 Chennai-Ennore: 12/90,obs=85; forecasts=117; warnings=42,"Day_1: page label 2026-09-30 differs from Date+0; label used | Day_2: page label 2026-10-01 differs from Date+1; label used | Day_3: page label 2026-10-02 differs from Date+2; label used | Day_4: page label 2026-10-03 differs from Date+3; label used | Day_5: page label 2026-10-04 differs from Date+4; label used | issued_at from updated_at as published (Z = UTC); colour codes from the layer's WMS style {'0': '#ffffff', '1': '#F20505', '2': '#F28705', '3': '#F2E205', '4': '#078C03'}; validity = published day, IST calendar date"
2026-09-30T12:14:24+05:30,IMD_DIST_NOWCAST_RMC,GET RMC Chennai districtwisewarnings_mc.php,ok,False,2026-09-30T10:00:00+05:30,2026-09-30T10:00:00+05:30,2026-09-30T12:14:41+05:30,1.0,1.0,0.0,0.0,,0,0,85,0,43278 Chennai-Nungambakkam: 13/90; 43279 Chennai-Meenambakkam: 13/90; 99947 Chennai-Madhavaram: 11/90; 99948 Chennai-Ennore: 12/90,obs=85; forecasts=117; warnings=42,
2026-09-30T12:14:24+05:30,OPEN_METEO_ARCHIVE,GET archive-api.open-meteo.com/v1/archive,not_needed,False,,,2026-09-30T12:14:42+05:30,0.0,0.0,0.0,0.0,,0,0,85,0,43278 Chennai-Nungambakkam: 13/90; 43279 Chennai-Meenambakkam: 13/90; 99947 Chennai-Madhavaram: 11/90; 99948 Chennai-Ennore: 12/90,obs=85; forecasts=117; warnings=42,every past window day has an IMD inside-district observation
2026-09-30T12:14:24+05:30,ROLLING_WINDOW_ARCHIVE,rows older than 2026-07-03 moved to *_archive.csv,ok,False,nan,nan,2026-09-30T12:14:42+05:30,nan,nan,nan,nan,0,nan,nan,85,0,43278 Chennai-Nungambakkam: 13/90; 43279 Chennai-Meenambakkam: 13/90; 99947 Chennai-Madhavaram: 11/90; 99948 Chennai-Ennore: 12/90,obs=85; forecasts=117; warnings=42,imd_weather_observations_chennai: 0; imd_weather_forecasts_chennai: 0; imd_weather_warnings_chennai: 0
2026-10-01T09:24:06+05:30,IMD_CITY_WEATHER,POST JSON city.imd.gov.in/citywx/responsive/api/fetchCity_static.php,ok,False,2026-10-01T08:30:00+05:30,2026-10-01T08:30:00+05:30,2026-10-01T09:24:06+05:30,73.0,19.0,0.0,54.0,,0,"2: 99948 Chennai-Ennore (nearby context, 3.57 km outside); 43279 Chennai-Meenambakkam (nearby context, 0.28 km outside)",89,0,43278 Chennai-Nungambakkam: 13/90; 43279 Chennai-Meenambakkam: 14/90; 99947 Chennai-Madhavaram: 11/90; 99948 Chennai-Ennore: 12/90,obs=89; forecasts=132; warnings=48,"99947 reject max: out of range '99.9' | skipped 43278 2026-10-01T17:30:00+05:30: time invalid or after fetch | skipped 43279 2026-10-01T17:30:00+05:30: time invalid or after fetch | rainfall = 24 h ending 0830 IST as labelled on IMD Local Weather Report; min temp 0830 IST; max temp keyed to 1730 IST of its 'Recorded on' date; no rainfall history or wind published | forecast issued_at = record 'updat' read as UTC (a record holding 0830 IST readings carried updat 04:31, impossible in IST)"
2026-10-01T09:24:06+05:30,IMD_CITY_TEST_PAGE,GET city_weather_test.php?id=43279,http_403,False,,,2026-10-01T09:24:15+05:30,0.0,0.0,0.0,0.0,,0,0,89,0,43278 Chennai-Nungambakkam: 13/90; 43279 Chennai-Meenambakkam: 14/90; 99947 Chennai-Madhavaram: 11/90; 99948 Chennai-Ennore: 12/90,obs=89; forecasts=132; warnings=48,HTTP 403: Forbidden
2026-10-01T09:24:06+05:30,IMD_RMC_CHENNAI_HOME,GET mausam.imd.gov.in/chennai/,no_observation_time,False,,,2026-10-01T09:24:16+05:30,0.0,0.0,0.0,0.0,,0,0,89,0,43278 Chennai-Nungambakkam: 13/90; 43279 Chennai-Meenambakkam: 14/90; 99947 Chennai-Madhavaram: 11/90; 99948 Chennai-Ennore: 12/90,obs=89; forecasts=132; warnings=48,current-weather block has no observation time; not stored
2026-10-01T09:24:06+05:30,IMD_AWS_ARG,GET aws.imd.gov.in:8091/state/TAMIL_NADU,access_restricted,False,,,2026-10-01T09:24:18+05:30,0.0,0.0,0.0,0.0,,0,0,89,0,43278 Chennai-Nungambakkam: 13/90; 43279 Chennai-Meenambakkam: 14/90; 99947 Chennai-Madhavaram: 11/90; 99948 Chennai-Ennore: 12/90,obs=89; forecasts=132; warnings=48,redirects to login + captcha; not bypassed
2026-10-01T09:24:06+05:30,IMD_WARNINGS_API,GET mausam.imd.gov.in/api/warnings_district_api.php,http_401,False,,,2026-10-01T09:24:18+05:30,0.0,0.0,0.0,0.0,,0,0,89,0,43278 Chennai-Nungambakkam: 13/90; 43279 Chennai-Meenambakkam: 14/90; 99947 Chennai-Madhavaram: 11/90; 99948 Chennai-Ennore: 12/90,obs=89; forecasts=132; warnings=48,HTTP 401: IP 14.139.180.98 needs to be whitelisted - falling back
2026-10-01T09:24:06+05:30,IMD_DIST_WARNINGS_GIS,GET WFS imd:district_warnings_india + WMS style + GIS page,ok,False,2026-10-01T11:16:40+05:30,2026-10-01T11:16:40+05:30,2026-10-01T09:24:23+05:30,5.0,5.0,0.0,0.0,,0,0,89,0,43278 Chennai-Nungambakkam: 13/90; 43279 Chennai-Meenambakkam: 14/90; 99947 Chennai-Madhavaram: 11/90; 99948 Chennai-Ennore: 12/90,obs=89; forecasts=132; warnings=48,"issued_at from updated_at as published (Z = UTC); colour codes from the layer's WMS style {'0': '#ffffff', '1': '#F20505', '2': '#F28705', '3': '#F2E205', '4': '#078C03'}; validity = published day, IST calendar date"
2026-10-01T09:24:06+05:30,IMD_DIST_NOWCAST_RMC,GET RMC Chennai districtwisewarnings_mc.php,ok,False,2026-10-01T07:00:00+05:30,2026-10-01T07:00:00+05:30,2026-10-01T09:24:23+05:30,1.0,1.0,0.0,0.0,,0,0,89,0,43278 Chennai-Nungambakkam: 13/90; 43279 Chennai-Meenambakkam: 14/90; 99947 Chennai-Madhavaram: 11/90; 99948 Chennai-Ennore: 12/90,obs=89; forecasts=132; warnings=48,
2026-10-01T09:24:06+05:30,OPEN_METEO_ARCHIVE,GET archive-api.open-meteo.com/v1/archive,not_needed,False,,,2026-10-01T09:24:24+05:30,0.0,0.0,0.0,0.0,,0,0,89,0,43278 Chennai-Nungambakkam: 13/90; 43279 Chennai-Meenambakkam: 14/90; 99947 Chennai-Madhavaram: 11/90; 99948 Chennai-Ennore: 12/90,obs=89; forecasts=132; warnings=48,every past window day has an IMD inside-district observation
2026-10-01T09:24:06+05:30,ROLLING_WINDOW_ARCHIVE,rows older than 2026-07-04 moved to *_archive.csv,ok,False,nan,nan,2026-10-01T09:24:24+05:30,nan,nan,nan,nan,0,nan,nan,89,0,43278 Chennai-Nungambakkam: 13/90; 43279 Chennai-Meenambakkam: 14/90; 99947 Chennai-Madhavaram: 11/90; 99948 Chennai-Ennore: 12/90,obs=89; forecasts=132; warnings=48,imd_weather_observations_chennai: 0; imd_weather_forecasts_chennai: 0; imd_weather_warnings_chennai: 0
2026-10-02T12:31:40+05:30,IMD_CITY_WEATHER,POST JSON city.imd.gov.in/citywx/responsive/api/fetchCity_static.php,ok,False,2026-10-02T08:30:00+05:30,2026-10-02T08:30:00+05:30,2026-10-02T12:31:40+05:30,80.0,38.0,0.0,42.0,,0,"2: 43279 Chennai-Meenambakkam (nearby context, 0.28 km outside); 99948 Chennai-Ennore (nearby context, 3.57 km outside)",100,0,43278 Chennai-Nungambakkam: 15/90; 43279 Chennai-Meenambakkam: 15/90; 99947 Chennai-Madhavaram: 13/90; 99948 Chennai-Ennore: 14/90,obs=100; forecasts=159; warnings=54,"skipped 43278 2026-10-02T17:30:00+05:30: time invalid or after fetch | skipped 43279 2026-10-02T17:30:00+05:30: time invalid or after fetch | rainfall = 24 h ending 0830 IST as labelled on IMD Local Weather Report; min temp 0830 IST; max temp keyed to 1730 IST of its 'Recorded on' date; no rainfall history or wind published | forecast issued_at = record 'updat' read as UTC (a record holding 0830 IST readings carried updat 04:31, impossible in IST)"
2026-10-02T12:31:40+05:30,IMD_CITY_TEST_PAGE,GET city_weather_test.php?id=43279,http_403,False,,,2026-10-02T12:31:49+05:30,0.0,0.0,0.0,0.0,,0,0,100,0,43278 Chennai-Nungambakkam: 15/90; 43279 Chennai-Meenambakkam: 15/90; 99947 Chennai-Madhavaram: 13/90; 99948 Chennai-Ennore: 14/90,obs=100; forecasts=159; warnings=54,HTTP 403: Forbidden
2026-10-02T12:31:40+05:30,IMD_RMC_CHENNAI_HOME,GET mausam.imd.gov.in/chennai/,no_observation_time,False,,,2026-10-02T12:31:51+05:30,0.0,0.0,0.0,0.0,,0,0,100,0,43278 Chennai-Nungambakkam: 15/90; 43279 Chennai-Meenambakkam: 15/90; 99947 Chennai-Madhavaram: 13/90; 99948 Chennai-Ennore: 14/90,obs=100; forecasts=159; warnings=54,current-weather block has no observation time; not stored
2026-10-02T12:31:40+05:30,IMD_AWS_ARG,GET aws.imd.gov.in:8091/state/TAMIL_NADU,access_restricted,False,,,2026-10-02T12:31:53+05:30,0.0,0.0,0.0,0.0,,0,0,100,0,43278 Chennai-Nungambakkam: 15/90; 43279 Chennai-Meenambakkam: 15/90; 99947 Chennai-Madhavaram: 13/90; 99948 Chennai-Ennore: 14/90,obs=100; forecasts=159; warnings=54,redirects to login + captcha; not bypassed
2026-10-02T12:31:40+05:30,IMD_WARNINGS_API,GET mausam.imd.gov.in/api/warnings_district_api.php,http_401,False,,,2026-10-02T12:31:53+05:30,0.0,0.0,0.0,0.0,,0,0,100,0,43278 Chennai-Nungambakkam: 15/90; 43279 Chennai-Meenambakkam: 15/90; 99947 Chennai-Madhavaram: 13/90; 99948 Chennai-Ennore: 14/90,obs=100; forecasts=159; warnings=54,HTTP 401: IP 103.160.240.113 needs to be whitelisted - falling back
2026-10-02T12:31:40+05:30,IMD_DIST_WARNINGS_GIS,GET WFS imd:district_warnings_india + WMS style + GIS page,ok,False,2026-10-02T11:24:03+05:30,2026-10-02T11:24:03+05:30,2026-10-02T12:31:58+05:30,5.0,5.0,0.0,0.0,,0,0,100,0,43278 Chennai-Nungambakkam: 15/90; 43279 Chennai-Meenambakkam: 15/90; 99947 Chennai-Madhavaram: 13/90; 99948 Chennai-Ennore: 14/90,obs=100; forecasts=159; warnings=54,"issued_at from updated_at as published (Z = UTC); colour codes from the layer's WMS style {'0': '#ffffff', '1': '#F20505', '2': '#F28705', '3': '#F2E205', '4': '#078C03'}; validity = published day, IST calendar date"
2026-10-02T12:31:40+05:30,IMD_DIST_NOWCAST_RMC,GET RMC Chennai districtwisewarnings_mc.php,ok,False,2026-10-02T10:00:00+05:30,2026-10-02T10:00:00+05:30,2026-10-02T12:31:58+05:30,1.0,1.0,0.0,0.0,,0,0,100,0,43278 Chennai-Nungambakkam: 15/90; 43279 Chennai-Meenambakkam: 15/90; 99947 Chennai-Madhavaram: 13/90; 99948 Chennai-Ennore: 14/90,obs=100; forecasts=159; warnings=54,
2026-10-02T12:31:40+05:30,OPEN_METEO_ARCHIVE,GET archive-api.open-meteo.com/v1/archive,not_needed,False,,,2026-10-02T12:31:59+05:30,0.0,0.0,0.0,0.0,,0,0,100,0,43278 Chennai-Nungambakkam: 15/90; 43279 Chennai-Meenambakkam: 15/90; 99947 Chennai-Madhavaram: 13/90; 99948 Chennai-Ennore: 14/90,obs=100; forecasts=159; warnings=54,every past window day has an IMD inside-district observation
2026-10-02T12:31:40+05:30,ROLLING_WINDOW_ARCHIVE,rows older than 2026-07-05 moved to *_archive.csv,ok,False,nan,nan,2026-10-02T12:31:59+05:30,nan,nan,nan,nan,0,nan,nan,100,0,43278 Chennai-Nungambakkam: 15/90; 43279 Chennai-Meenambakkam: 15/90; 99947 Chennai-Madhavaram: 13/90; 99948 Chennai-Ennore: 14/90,obs=100; forecasts=159; warnings=54,imd_weather_observations_chennai: 0; imd_weather_forecasts_chennai: 0; imd_weather_warnings_chennai: 0
2026-10-02T18:03:15+05:30,IMD_CITY_WEATHER,POST JSON city.imd.gov.in/citywx/responsive/api/fetchCity_static.php,ok,False,2026-10-02T17:30:00+05:30,2026-10-02T17:30:00+05:30,2026-10-02T18:03:15+05:30,82.0,2.0,2.0,78.0,,0,"2: 43279 Chennai-Meenambakkam (nearby context, 0.28 km outside); 99948 Chennai-Ennore (nearby context, 3.57 km outside)",102,0,43278 Chennai-Nungambakkam: 15/90; 43279 Chennai-Meenambakkam: 15/90; 99947 Chennai-Madhavaram: 13/90; 99948 Chennai-Ennore: 14/90,obs=102; forecasts=159; warnings=60,"rainfall = 24 h ending 0830 IST as labelled on IMD Local Weather Report; min temp 0830 IST; max temp keyed to 1730 IST of its 'Recorded on' date; no rainfall history or wind published | forecast issued_at = record 'updat' read as UTC (a record holding 0830 IST readings carried updat 04:31, impossible in IST)"
2026-10-02T18:03:15+05:30,IMD_CITY_TEST_PAGE,GET city_weather_test.php?id=43279,http_403,False,,,2026-10-02T18:03:24+05:30,0.0,0.0,0.0,0.0,,0,0,102,0,43278 Chennai-Nungambakkam: 15/90; 43279 Chennai-Meenambakkam: 15/90; 99947 Chennai-Madhavaram: 13/90; 99948 Chennai-Ennore: 14/90,obs=102; forecasts=159; warnings=60,HTTP 403: Forbidden
2026-10-02T18:03:15+05:30,IMD_RMC_CHENNAI_HOME,GET mausam.imd.gov.in/chennai/,no_observation_time,False,,,2026-10-02T18:03:25+05:30,0.0,0.0,0.0,0.0,,0,0,102,0,43278 Chennai-Nungambakkam: 15/90; 43279 Chennai-Meenambakkam: 15/90; 99947 Chennai-Madhavaram: 13/90; 99948 Chennai-Ennore: 14/90,obs=102; forecasts=159; warnings=60,current-weather block has no observation time; not stored
2026-10-02T18:03:15+05:30,IMD_AWS_ARG,GET aws.imd.gov.in:8091/state/TAMIL_NADU,access_restricted,False,,,2026-10-02T18:03:27+05:30,0.0,0.0,0.0,0.0,,0,0,102,0,43278 Chennai-Nungambakkam: 15/90; 43279 Chennai-Meenambakkam: 15/90; 99947 Chennai-Madhavaram: 13/90; 99948 Chennai-Ennore: 14/90,obs=102; forecasts=159; warnings=60,redirects to login + captcha; not bypassed
2026-10-02T18:03:15+05:30,IMD_WARNINGS_API,GET mausam.imd.gov.in/api/warnings_district_api.php,http_401,False,,,2026-10-02T18:03:27+05:30,0.0,0.0,0.0,0.0,,0,0,102,0,43278 Chennai-Nungambakkam: 15/90; 43279 Chennai-Meenambakkam: 15/90; 99947 Chennai-Madhavaram: 13/90; 99948 Chennai-Ennore: 14/90,obs=102; forecasts=159; warnings=60,HTTP 401: IP 103.160.240.113 needs to be whitelisted - falling back
2026-10-02T18:03:15+05:30,IMD_DIST_WARNINGS_GIS,GET WFS imd:district_warnings_india + WMS style + GIS page,ok,False,2026-10-02T20:14:34+05:30,2026-10-02T20:14:34+05:30,2026-10-02T18:03:33+05:30,5.0,5.0,0.0,0.0,,0,0,102,0,43278 Chennai-Nungambakkam: 15/90; 43279 Chennai-Meenambakkam: 15/90; 99947 Chennai-Madhavaram: 13/90; 99948 Chennai-Ennore: 14/90,obs=102; forecasts=159; warnings=60,"issued_at from updated_at as published (Z = UTC); colour codes from the layer's WMS style {'0': '#ffffff', '1': '#F20505', '2': '#F28705', '3': '#F2E205', '4': '#078C03'}; validity = published day, IST calendar date"
2026-10-02T18:03:15+05:30,IMD_DIST_NOWCAST_RMC,GET RMC Chennai districtwisewarnings_mc.php,ok,False,2026-10-02T16:00:00+05:30,2026-10-02T16:00:00+05:30,2026-10-02T18:03:33+05:30,1.0,1.0,0.0,0.0,,0,0,102,0,43278 Chennai-Nungambakkam: 15/90; 43279 Chennai-Meenambakkam: 15/90; 99947 Chennai-Madhavaram: 13/90; 99948 Chennai-Ennore: 14/90,obs=102; forecasts=159; warnings=60,
2026-10-02T18:03:15+05:30,OPEN_METEO_ARCHIVE,GET archive-api.open-meteo.com/v1/archive,not_needed,False,,,2026-10-02T18:03:35+05:30,0.0,0.0,0.0,0.0,,0,0,102,0,43278 Chennai-Nungambakkam: 15/90; 43279 Chennai-Meenambakkam: 15/90; 99947 Chennai-Madhavaram: 13/90; 99948 Chennai-Ennore: 14/90,obs=102; forecasts=159; warnings=60,every past window day has an IMD inside-district observation
2026-10-02T18:03:15+05:30,ROLLING_WINDOW_ARCHIVE,rows older than 2026-07-05 moved to *_archive.csv,ok,False,nan,nan,2026-10-02T18:03:35+05:30,nan,nan,nan,nan,0,nan,nan,102,0,43278 Chennai-Nungambakkam: 15/90; 43279 Chennai-Meenambakkam: 15/90; 99947 Chennai-Madhavaram: 13/90; 99948 Chennai-Ennore: 14/90,obs=102; forecasts=159; warnings=60,imd_weather_observations_chennai: 0; imd_weather_forecasts_chennai: 0; imd_weather_warnings_chennai: 0
2026-10-02T20:08:06+05:30,IMD_CITY_WEATHER,POST JSON city.imd.gov.in/citywx/responsive/api/fetchCity_static.php,ok,False,2026-10-02T17:30:00+05:30,2026-10-02T17:30:00+05:30,2026-10-02T20:08:06+05:30,83.0,15.0,0.0,68.0,,0,"2: 43279 Chennai-Meenambakkam (nearby context, 0.28 km outside); 99948 Chennai-Ennore (nearby context, 3.57 km outside)",103,0,43278 Chennai-Nungambakkam: 15/90; 43279 Chennai-Meenambakkam: 15/90; 99947 Chennai-Madhavaram: 13/90; 99948 Chennai-Ennore: 14/90,obs=103; forecasts=173; warnings=61,"rainfall = 24 h ending 0830 IST as labelled on IMD Local Weather Report; min temp 0830 IST; max temp keyed to 1730 IST of its 'Recorded on' date; no rainfall history or wind published | forecast issued_at = record 'updat' read as UTC (a record holding 0830 IST readings carried updat 04:31, impossible in IST)"
2026-10-02T20:08:06+05:30,IMD_CITY_TEST_PAGE,GET city_weather_test.php?id=43279,http_403,False,,,2026-10-02T20:08:15+05:30,0.0,0.0,0.0,0.0,,0,0,103,0,43278 Chennai-Nungambakkam: 15/90; 43279 Chennai-Meenambakkam: 15/90; 99947 Chennai-Madhavaram: 13/90; 99948 Chennai-Ennore: 14/90,obs=103; forecasts=173; warnings=61,HTTP 403: Forbidden
2026-10-02T20:08:06+05:30,IMD_RMC_CHENNAI_HOME,GET mausam.imd.gov.in/chennai/,no_observation_time,False,,,2026-10-02T20:08:16+05:30,0.0,0.0,0.0,0.0,,0,0,103,0,43278 Chennai-Nungambakkam: 15/90; 43279 Chennai-Meenambakkam: 15/90; 99947 Chennai-Madhavaram: 13/90; 99948 Chennai-Ennore: 14/90,obs=103; forecasts=173; warnings=61,current-weather block has no observation time; not stored
2026-10-02T20:08:06+05:30,IMD_AWS_ARG,GET aws.imd.gov.in:8091/state/TAMIL_NADU,access_restricted,False,,,2026-10-02T20:08:19+05:30,0.0,0.0,0.0,0.0,,0,0,103,0,43278 Chennai-Nungambakkam: 15/90; 43279 Chennai-Meenambakkam: 15/90; 99947 Chennai-Madhavaram: 13/90; 99948 Chennai-Ennore: 14/90,obs=103; forecasts=173; warnings=61,redirects to login + captcha; not bypassed
2026-10-02T20:08:06+05:30,IMD_WARNINGS_API,GET mausam.imd.gov.in/api/warnings_district_api.php,http_401,False,,,2026-10-02T20:08:19+05:30,0.0,0.0,0.0,0.0,,0,0,103,0,43278 Chennai-Nungambakkam: 15/90; 43279 Chennai-Meenambakkam: 15/90; 99947 Chennai-Madhavaram: 13/90; 99948 Chennai-Ennore: 14/90,obs=103; forecasts=173; warnings=61,HTTP 401: IP 103.160.240.113 needs to be whitelisted - falling back
2026-10-02T20:08:06+05:30,IMD_DIST_WARNINGS_GIS,GET WFS imd:district_warnings_india + WMS style + GIS page,ok,False,2026-10-02T20:14:34+05:30,2026-10-02T20:14:34+05:30,2026-10-02T20:08:24+05:30,5.0,0.0,0.0,5.0,,0,0,103,0,43278 Chennai-Nungambakkam: 15/90; 43279 Chennai-Meenambakkam: 15/90; 99947 Chennai-Madhavaram: 13/90; 99948 Chennai-Ennore: 14/90,obs=103; forecasts=173; warnings=61,"issued_at from updated_at as published (Z = UTC); colour codes from the layer's WMS style {'0': '#ffffff', '1': '#F20505', '2': '#F28705', '3': '#F2E205', '4': '#078C03'}; validity = published day, IST calendar date"
2026-10-02T20:08:06+05:30,IMD_DIST_NOWCAST_RMC,GET RMC Chennai districtwisewarnings_mc.php,ok,False,2026-10-02T19:00:00+05:30,2026-10-02T19:00:00+05:30,2026-10-02T20:08:24+05:30,1.0,1.0,0.0,0.0,,0,0,103,0,43278 Chennai-Nungambakkam: 15/90; 43279 Chennai-Meenambakkam: 15/90; 99947 Chennai-Madhavaram: 13/90; 99948 Chennai-Ennore: 14/90,obs=103; forecasts=173; warnings=61,
2026-10-02T20:08:06+05:30,OPEN_METEO_ARCHIVE,GET archive-api.open-meteo.com/v1/archive,not_needed,False,,,2026-10-02T20:08:26+05:30,0.0,0.0,0.0,0.0,,0,0,103,0,43278 Chennai-Nungambakkam: 15/90; 43279 Chennai-Meenambakkam: 15/90; 99947 Chennai-Madhavaram: 13/90; 99948 Chennai-Ennore: 14/90,obs=103; forecasts=173; warnings=61,every past window day has an IMD inside-district observation
2026-10-02T20:08:06+05:30,ROLLING_WINDOW_ARCHIVE,rows older than 2026-07-05 moved to *_archive.csv,ok,False,nan,nan,2026-10-02T20:08:26+05:30,nan,nan,nan,nan,0,nan,nan,103,0,43278 Chennai-Nungambakkam: 15/90; 43279 Chennai-Meenambakkam: 15/90; 99947 Chennai-Madhavaram: 13/90; 99948 Chennai-Ennore: 14/90,obs=103; forecasts=173; warnings=61,imd_weather_observations_chennai: 0; imd_weather_forecasts_chennai: 0; imd_weather_warnings_chennai: 0
2026-10-02T22:08:27+05:30,IMD_CITY_WEATHER,POST JSON city.imd.gov.in/citywx/responsive/api/fetchCity_static.php,ok,False,2026-10-02T17:30:00+05:30,2026-10-02T17:30:00+05:30,2026-10-02T22:08:27+05:30,83.0,0.0,0.0,83.0,,0,"2: 43279 Chennai-Meenambakkam (nearby context, 0.28 km outside); 99948 Chennai-Ennore (nearby context, 3.57 km outside)",103,0,43278 Chennai-Nungambakkam: 15/90; 43279 Chennai-Meenambakkam: 15/90; 99947 Chennai-Madhavaram: 13/90; 99948 Chennai-Ennore: 14/90,obs=103; forecasts=173; warnings=61,"rainfall = 24 h ending 0830 IST as labelled on IMD Local Weather Report; min temp 0830 IST; max temp keyed to 1730 IST of its 'Recorded on' date; no rainfall history or wind published | forecast issued_at = record 'updat' read as UTC (a record holding 0830 IST readings carried updat 04:31, impossible in IST)"
2026-10-02T22:08:27+05:30,IMD_CITY_TEST_PAGE,GET city_weather_test.php?id=43279,http_403,False,,,2026-10-02T22:08:36+05:30,0.0,0.0,0.0,0.0,,0,0,103,0,43278 Chennai-Nungambakkam: 15/90; 43279 Chennai-Meenambakkam: 15/90; 99947 Chennai-Madhavaram: 13/90; 99948 Chennai-Ennore: 14/90,obs=103; forecasts=173; warnings=61,HTTP 403: Forbidden
2026-10-02T22:08:27+05:30,IMD_RMC_CHENNAI_HOME,GET mausam.imd.gov.in/chennai/,no_observation_time,False,,,2026-10-02T22:08:37+05:30,0.0,0.0,0.0,0.0,,0,0,103,0,43278 Chennai-Nungambakkam: 15/90; 43279 Chennai-Meenambakkam: 15/90; 99947 Chennai-Madhavaram: 13/90; 99948 Chennai-Ennore: 14/90,obs=103; forecasts=173; warnings=61,current-weather block has no observation time; not stored
2026-10-02T22:08:27+05:30,IMD_AWS_ARG,GET aws.imd.gov.in:8091/state/TAMIL_NADU,access_restricted,False,,,2026-10-02T22:08:39+05:30,0.0,0.0,0.0,0.0,,0,0,103,0,43278 Chennai-Nungambakkam: 15/90; 43279 Chennai-Meenambakkam: 15/90; 99947 Chennai-Madhavaram: 13/90; 99948 Chennai-Ennore: 14/90,obs=103; forecasts=173; warnings=61,redirects to login + captcha; not bypassed
2026-10-02T22:08:27+05:30,IMD_WARNINGS_API,GET mausam.imd.gov.in/api/warnings_district_api.php,http_401,False,,,2026-10-02T22:08:39+05:30,0.0,0.0,0.0,0.0,,0,0,103,0,43278 Chennai-Nungambakkam: 15/90; 43279 Chennai-Meenambakkam: 15/90; 99947 Chennai-Madhavaram: 13/90; 99948 Chennai-Ennore: 14/90,obs=103; forecasts=173; warnings=61,HTTP 401: IP 103.160.240.113 needs to be whitelisted - falling back
2026-10-02T22:08:27+05:30,IMD_DIST_WARNINGS_GIS,GET WFS imd:district_warnings_india + WMS style + GIS page,ok,False,2026-10-02T20:14:34+05:30,2026-10-02T20:14:34+05:30,2026-10-02T22:08:44+05:30,5.0,0.0,0.0,5.0,,0,0,103,0,43278 Chennai-Nungambakkam: 15/90; 43279 Chennai-Meenambakkam: 15/90; 99947 Chennai-Madhavaram: 13/90; 99948 Chennai-Ennore: 14/90,obs=103; forecasts=173; warnings=61,"issued_at from updated_at as published (Z = UTC); colour codes from the layer's WMS style {'0': '#ffffff', '1': '#F20505', '2': '#F28705', '3': '#F2E205', '4': '#078C03'}; validity = published day, IST calendar date"
2026-10-02T22:08:27+05:30,IMD_DIST_NOWCAST_RMC,GET RMC Chennai districtwisewarnings_mc.php,ok,False,2026-10-02T19:00:00+05:30,2026-10-02T19:00:00+05:30,2026-10-02T22:08:45+05:30,1.0,0.0,0.0,1.0,,0,0,103,0,43278 Chennai-Nungambakkam: 15/90; 43279 Chennai-Meenambakkam: 15/90; 99947 Chennai-Madhavaram: 13/90; 99948 Chennai-Ennore: 14/90,obs=103; forecasts=173; warnings=61,
2026-10-02T22:08:27+05:30,OPEN_METEO_ARCHIVE,GET archive-api.open-meteo.com/v1/archive,not_needed,False,,,2026-10-02T22:08:46+05:30,0.0,0.0,0.0,0.0,,0,0,103,0,43278 Chennai-Nungambakkam: 15/90; 43279 Chennai-Meenambakkam: 15/90; 99947 Chennai-Madhavaram: 13/90; 99948 Chennai-Ennore: 14/90,obs=103; forecasts=173; warnings=61,every past window day has an IMD inside-district observation
2026-10-02T22:08:27+05:30,ROLLING_WINDOW_ARCHIVE,rows older than 2026-07-05 moved to *_archive.csv,ok,False,nan,nan,2026-10-02T22:08:46+05:30,nan,nan,nan,nan,0,nan,nan,103,0,43278 Chennai-Nungambakkam: 15/90; 43279 Chennai-Meenambakkam: 15/90; 99947 Chennai-Madhavaram: 13/90; 99948 Chennai-Ennore: 14/90,obs=103; forecasts=173; warnings=61,imd_weather_observations_chennai: 0; imd_weather_forecasts_chennai: 0; imd_weather_warnings_chennai: 0
2026-10-03T11:29:22+05:30,IMD_CITY_WEATHER,POST JSON city.imd.gov.in/citywx/responsive/api/fetchCity_static.php,partial,True,2026-10-03T08:30:00+05:30,2026-10-03T08:30:00+05:30,2026-10-03T11:29:22+05:30,62.0,6.0,0.0,56.0,,0,"2: 99948 Chennai-Ennore (nearby context, 3.57 km outside); 43279 Chennai-Meenambakkam (nearby context, 0.28 km outside)",106,0,43278 Chennai-Nungambakkam: 16/90; 43279 Chennai-Meenambakkam: 16/90; 99947 Chennai-Madhavaram: 13/90; 99948 Chennai-Ennore: 15/90,obs=106; forecasts=176; warnings=67,"99947: parse error - Invalid isoformat string: 'NA' | skipped 43278 2026-10-03T17:30:00+05:30: time invalid or after fetch | skipped 43279 2026-10-03T17:30:00+05:30: time invalid or after fetch | rainfall = 24 h ending 0830 IST as labelled on IMD Local Weather Report; min temp 0830 IST; max temp keyed to 1730 IST of its 'Recorded on' date; no rainfall history or wind published | forecast issued_at = record 'updat' read as UTC (a record holding 0830 IST readings carried updat 04:31, impossible in IST)"
2026-10-03T11:29:22+05:30,IMD_CITY_TEST_PAGE,GET city_weather_test.php?id=43279,http_403,False,,,2026-10-03T11:29:31+05:30,0.0,0.0,0.0,0.0,,0,0,106,0,43278 Chennai-Nungambakkam: 16/90; 43279 Chennai-Meenambakkam: 16/90; 99947 Chennai-Madhavaram: 13/90; 99948 Chennai-Ennore: 15/90,obs=106; forecasts=176; warnings=67,HTTP 403: Forbidden
2026-10-03T11:29:22+05:30,IMD_RMC_CHENNAI_HOME,GET mausam.imd.gov.in/chennai/,no_observation_time,False,,,2026-10-03T11:29:32+05:30,0.0,0.0,0.0,0.0,,0,0,106,0,43278 Chennai-Nungambakkam: 16/90; 43279 Chennai-Meenambakkam: 16/90; 99947 Chennai-Madhavaram: 13/90; 99948 Chennai-Ennore: 15/90,obs=106; forecasts=176; warnings=67,current-weather block has no observation time; not stored
2026-10-03T11:29:22+05:30,IMD_AWS_ARG,GET aws.imd.gov.in:8091/state/TAMIL_NADU,access_restricted,False,,,2026-10-03T11:29:34+05:30,0.0,0.0,0.0,0.0,,0,0,106,0,43278 Chennai-Nungambakkam: 16/90; 43279 Chennai-Meenambakkam: 16/90; 99947 Chennai-Madhavaram: 13/90; 99948 Chennai-Ennore: 15/90,obs=106; forecasts=176; warnings=67,redirects to login + captcha; not bypassed
2026-10-03T11:29:22+05:30,IMD_WARNINGS_API,GET mausam.imd.gov.in/api/warnings_district_api.php,http_401,False,,,2026-10-03T11:29:35+05:30,0.0,0.0,0.0,0.0,,0,0,106,0,43278 Chennai-Nungambakkam: 16/90; 43279 Chennai-Meenambakkam: 16/90; 99947 Chennai-Madhavaram: 13/90; 99948 Chennai-Ennore: 15/90,obs=106; forecasts=176; warnings=67,HTTP 401: IP 103.160.240.113 needs to be whitelisted - falling back
2026-10-03T11:29:22+05:30,IMD_DIST_WARNINGS_GIS,GET WFS imd:district_warnings_india + WMS style + GIS page,ok,False,2026-10-03T12:30:27+05:30,2026-10-03T12:30:27+05:30,2026-10-03T11:29:39+05:30,5.0,5.0,0.0,0.0,,0,0,106,0,43278 Chennai-Nungambakkam: 16/90; 43279 Chennai-Meenambakkam: 16/90; 99947 Chennai-Madhavaram: 13/90; 99948 Chennai-Ennore: 15/90,obs=106; forecasts=176; warnings=67,"issued_at from updated_at as published (Z = UTC); colour codes from the layer's WMS style {'0': '#ffffff', '1': '#F20505', '2': '#F28705', '3': '#F2E205', '4': '#078C03'}; validity = published day, IST calendar date"
2026-10-03T11:29:22+05:30,IMD_DIST_NOWCAST_RMC,GET RMC Chennai districtwisewarnings_mc.php,ok,False,2026-10-03T10:00:00+05:30,2026-10-03T10:00:00+05:30,2026-10-03T11:29:39+05:30,1.0,1.0,0.0,0.0,,0,0,106,0,43278 Chennai-Nungambakkam: 16/90; 43279 Chennai-Meenambakkam: 16/90; 99947 Chennai-Madhavaram: 13/90; 99948 Chennai-Ennore: 15/90,obs=106; forecasts=176; warnings=67,
2026-10-03T11:29:22+05:30,OPEN_METEO_ARCHIVE,GET archive-api.open-meteo.com/v1/archive,not_needed,False,,,2026-10-03T11:29:40+05:30,0.0,0.0,0.0,0.0,,0,0,106,0,43278 Chennai-Nungambakkam: 16/90; 43279 Chennai-Meenambakkam: 16/90; 99947 Chennai-Madhavaram: 13/90; 99948 Chennai-Ennore: 15/90,obs=106; forecasts=176; warnings=67,every past window day has an IMD inside-district observation
2026-10-03T11:29:22+05:30,ROLLING_WINDOW_ARCHIVE,rows older than 2026-07-06 moved to *_archive.csv,ok,False,nan,nan,2026-10-03T11:29:40+05:30,nan,nan,nan,nan,0,nan,nan,106,0,43278 Chennai-Nungambakkam: 16/90; 43279 Chennai-Meenambakkam: 16/90; 99947 Chennai-Madhavaram: 13/90; 99948 Chennai-Ennore: 15/90,obs=106; forecasts=176; warnings=67,imd_weather_observations_chennai: 0; imd_weather_forecasts_chennai: 0; imd_weather_warnings_chennai: 0
2026-10-03T12:53:47+05:30,IMD_CITY_WEATHER,POST JSON city.imd.gov.in/citywx/responsive/api/fetchCity_static.php,partial,True,2026-10-03T08:30:00+05:30,2026-10-03T08:30:00+05:30,2026-10-03T12:53:47+05:30,62.0,0.0,0.0,62.0,,0,"2: 99948 Chennai-Ennore (nearby context, 3.57 km outside); 43279 Chennai-Meenambakkam (nearby context, 0.28 km outside)",106,0,43278 Chennai-Nungambakkam: 16/90; 43279 Chennai-Meenambakkam: 16/90; 99947 Chennai-Madhavaram: 13/90; 99948 Chennai-Ennore: 15/90,obs=106; forecasts=176; warnings=67,"99947: parse error - Invalid isoformat string: 'NA' | skipped 43278 2026-10-03T17:30:00+05:30: time invalid or after fetch | skipped 43279 2026-10-03T17:30:00+05:30: time invalid or after fetch | rainfall = 24 h ending 0830 IST as labelled on IMD Local Weather Report; min temp 0830 IST; max temp keyed to 1730 IST of its 'Recorded on' date; no rainfall history or wind published | forecast issued_at = record 'updat' read as UTC (a record holding 0830 IST readings carried updat 04:31, impossible in IST)"
2026-10-03T12:53:47+05:30,IMD_CITY_TEST_PAGE,GET city_weather_test.php?id=43279,http_403,False,,,2026-10-03T12:53:56+05:30,0.0,0.0,0.0,0.0,,0,0,106,0,43278 Chennai-Nungambakkam: 16/90; 43279 Chennai-Meenambakkam: 16/90; 99947 Chennai-Madhavaram: 13/90; 99948 Chennai-Ennore: 15/90,obs=106; forecasts=176; warnings=67,HTTP 403: Forbidden
2026-10-03T12:53:47+05:30,IMD_RMC_CHENNAI_HOME,GET mausam.imd.gov.in/chennai/,no_observation_time,False,,,2026-10-03T12:53:57+05:30,0.0,0.0,0.0,0.0,,0,0,106,0,43278 Chennai-Nungambakkam: 16/90; 43279 Chennai-Meenambakkam: 16/90; 99947 Chennai-Madhavaram: 13/90; 99948 Chennai-Ennore: 15/90,obs=106; forecasts=176; warnings=67,current-weather block has no observation time; not stored
2026-10-03T12:53:47+05:30,IMD_AWS_ARG,GET aws.imd.gov.in:8091/state/TAMIL_NADU,access_restricted,False,,,2026-10-03T12:53:59+05:30,0.0,0.0,0.0,0.0,,0,0,106,0,43278 Chennai-Nungambakkam: 16/90; 43279 Chennai-Meenambakkam: 16/90; 99947 Chennai-Madhavaram: 13/90; 99948 Chennai-Ennore: 15/90,obs=106; forecasts=176; warnings=67,redirects to login + captcha; not bypassed
2026-10-03T12:53:47+05:30,IMD_WARNINGS_API,GET mausam.imd.gov.in/api/warnings_district_api.php,http_401,False,,,2026-10-03T12:54:00+05:30,0.0,0.0,0.0,0.0,,0,0,106,0,43278 Chennai-Nungambakkam: 16/90; 43279 Chennai-Meenambakkam: 16/90; 99947 Chennai-Madhavaram: 13/90; 99948 Chennai-Ennore: 15/90,obs=106; forecasts=176; warnings=67,HTTP 401: IP 103.160.240.113 needs to be whitelisted - falling back
2026-10-03T12:53:47+05:30,IMD_DIST_WARNINGS_GIS,GET WFS imd:district_warnings_india + WMS style + GIS page,ok,False,2026-10-03T12:30:27+05:30,2026-10-03T12:30:27+05:30,2026-10-03T12:54:04+05:30,5.0,0.0,0.0,5.0,,0,0,106,0,43278 Chennai-Nungambakkam: 16/90; 43279 Chennai-Meenambakkam: 16/90; 99947 Chennai-Madhavaram: 13/90; 99948 Chennai-Ennore: 15/90,obs=106; forecasts=176; warnings=67,"issued_at from updated_at as published (Z = UTC); colour codes from the layer's WMS style {'0': '#ffffff', '1': '#F20505', '2': '#F28705', '3': '#F2E205', '4': '#078C03'}; validity = published day, IST calendar date"
2026-10-03T12:53:47+05:30,IMD_DIST_NOWCAST_RMC,GET RMC Chennai districtwisewarnings_mc.php,ok,False,2026-10-03T10:00:00+05:30,2026-10-03T10:00:00+05:30,2026-10-03T12:54:05+05:30,1.0,0.0,0.0,1.0,,0,0,106,0,43278 Chennai-Nungambakkam: 16/90; 43279 Chennai-Meenambakkam: 16/90; 99947 Chennai-Madhavaram: 13/90; 99948 Chennai-Ennore: 15/90,obs=106; forecasts=176; warnings=67,
2026-10-03T12:53:47+05:30,OPEN_METEO_ARCHIVE,GET archive-api.open-meteo.com/v1/archive,not_needed,False,,,2026-10-03T12:54:07+05:30,0.0,0.0,0.0,0.0,,0,0,106,0,43278 Chennai-Nungambakkam: 16/90; 43279 Chennai-Meenambakkam: 16/90; 99947 Chennai-Madhavaram: 13/90; 99948 Chennai-Ennore: 15/90,obs=106; forecasts=176; warnings=67,every past window day has an IMD inside-district observation
2026-10-03T12:53:47+05:30,ROLLING_WINDOW_ARCHIVE,rows older than 2026-07-06 moved to *_archive.csv,ok,False,nan,nan,2026-10-03T12:54:07+05:30,nan,nan,nan,nan,0,nan,nan,106,0,43278 Chennai-Nungambakkam: 16/90; 43279 Chennai-Meenambakkam: 16/90; 99947 Chennai-Madhavaram: 13/90; 99948 Chennai-Ennore: 15/90,obs=106; forecasts=176; warnings=67,imd_weather_observations_chennai: 0; imd_weather_forecasts_chennai: 0; imd_weather_warnings_chennai: 0
2026-10-03T18:30:01+05:30,IMD_CITY_WEATHER,POST JSON city.imd.gov.in/citywx/responsive/api/fetchCity_static.php,ok,False,2026-10-03T17:30:00+05:30,2026-10-03T17:30:00+05:30,2026-10-03T18:30:01+05:30,83.0,29.0,0.0,54.0,,0,"2: 99948 Chennai-Ennore (nearby context, 3.57 km outside); 43279 Chennai-Meenambakkam (nearby context, 0.28 km outside)",110,0,43278 Chennai-Nungambakkam: 16/90; 43279 Chennai-Meenambakkam: 16/90; 99947 Chennai-Madhavaram: 14/90; 99948 Chennai-Ennore: 15/90,obs=110; forecasts=201; warnings=73,"99947 reject min: out of range '99.9' | 99947 reject max: out of range '99.9' | rainfall = 24 h ending 0830 IST as labelled on IMD Local Weather Report; min temp 0830 IST; max temp keyed to 1730 IST of its 'Recorded on' date; no rainfall history or wind published | forecast issued_at = record 'updat' read as UTC (a record holding 0830 IST readings carried updat 04:31, impossible in IST)"
2026-10-03T18:30:01+05:30,IMD_CITY_TEST_PAGE,GET city_weather_test.php?id=43279,http_403,False,,,2026-10-03T18:30:11+05:30,0.0,0.0,0.0,0.0,,0,0,110,0,43278 Chennai-Nungambakkam: 16/90; 43279 Chennai-Meenambakkam: 16/90; 99947 Chennai-Madhavaram: 14/90; 99948 Chennai-Ennore: 15/90,obs=110; forecasts=201; warnings=73,HTTP 403: Forbidden
2026-10-03T18:30:01+05:30,IMD_RMC_CHENNAI_HOME,GET mausam.imd.gov.in/chennai/,no_observation_time,False,,,2026-10-03T18:30:12+05:30,0.0,0.0,0.0,0.0,,0,0,110,0,43278 Chennai-Nungambakkam: 16/90; 43279 Chennai-Meenambakkam: 16/90; 99947 Chennai-Madhavaram: 14/90; 99948 Chennai-Ennore: 15/90,obs=110; forecasts=201; warnings=73,current-weather block has no observation time; not stored
2026-10-03T18:30:01+05:30,IMD_AWS_ARG,GET aws.imd.gov.in:8091/state/TAMIL_NADU,access_restricted,False,,,2026-10-03T18:30:14+05:30,0.0,0.0,0.0,0.0,,0,0,110,0,43278 Chennai-Nungambakkam: 16/90; 43279 Chennai-Meenambakkam: 16/90; 99947 Chennai-Madhavaram: 14/90; 99948 Chennai-Ennore: 15/90,obs=110; forecasts=201; warnings=73,redirects to login + captcha; not bypassed
2026-10-03T18:30:01+05:30,IMD_WARNINGS_API,GET mausam.imd.gov.in/api/warnings_district_api.php,http_401,False,,,2026-10-03T18:30:19+05:30,0.0,0.0,0.0,0.0,,0,0,110,0,43278 Chennai-Nungambakkam: 16/90; 43279 Chennai-Meenambakkam: 16/90; 99947 Chennai-Madhavaram: 14/90; 99948 Chennai-Ennore: 15/90,obs=110; forecasts=201; warnings=73,HTTP 401: IP 103.160.240.113 needs to be whitelisted - falling back
2026-10-03T18:30:01+05:30,IMD_DIST_WARNINGS_GIS,GET WFS imd:district_warnings_india + WMS style + GIS page,ok,False,2026-10-03T18:48:43+05:30,2026-10-03T18:48:43+05:30,2026-10-03T18:30:24+05:30,5.0,5.0,0.0,0.0,,0,0,110,0,43278 Chennai-Nungambakkam: 16/90; 43279 Chennai-Meenambakkam: 16/90; 99947 Chennai-Madhavaram: 14/90; 99948 Chennai-Ennore: 15/90,obs=110; forecasts=201; warnings=73,"issued_at from updated_at as published (Z = UTC); colour codes from the layer's WMS style {'0': '#ffffff', '1': '#F20505', '2': '#F28705', '3': '#F2E205', '4': '#078C03'}; validity = published day, IST calendar date"
2026-10-03T18:30:01+05:30,IMD_DIST_NOWCAST_RMC,GET RMC Chennai districtwisewarnings_mc.php,ok,False,2026-10-03T16:00:00+05:30,2026-10-03T16:00:00+05:30,2026-10-03T18:30:24+05:30,1.0,1.0,0.0,0.0,,0,0,110,0,43278 Chennai-Nungambakkam: 16/90; 43279 Chennai-Meenambakkam: 16/90; 99947 Chennai-Madhavaram: 14/90; 99948 Chennai-Ennore: 15/90,obs=110; forecasts=201; warnings=73,
2026-10-03T18:30:01+05:30,OPEN_METEO_ARCHIVE,GET archive-api.open-meteo.com/v1/archive,not_needed,False,,,2026-10-03T18:30:25+05:30,0.0,0.0,0.0,0.0,,0,0,110,0,43278 Chennai-Nungambakkam: 16/90; 43279 Chennai-Meenambakkam: 16/90; 99947 Chennai-Madhavaram: 14/90; 99948 Chennai-Ennore: 15/90,obs=110; forecasts=201; warnings=73,every past window day has an IMD inside-district observation
2026-10-03T18:30:01+05:30,ROLLING_WINDOW_ARCHIVE,rows older than 2026-07-06 moved to *_archive.csv,ok,False,nan,nan,2026-10-03T18:30:25+05:30,nan,nan,nan,nan,0,nan,nan,110,0,43278 Chennai-Nungambakkam: 16/90; 43279 Chennai-Meenambakkam: 16/90; 99947 Chennai-Madhavaram: 14/90; 99948 Chennai-Ennore: 15/90,obs=110; forecasts=201; warnings=73,imd_weather_observations_chennai: 0; imd_weather_forecasts_chennai: 0; imd_weather_warnings_chennai: 0
2026-10-03T20:07:33+05:30,IMD_CITY_WEATHER,POST JSON city.imd.gov.in/citywx/responsive/api/fetchCity_static.php,ok,False,2026-10-03T17:30:00+05:30,2026-10-03T17:30:00+05:30,2026-10-03T20:07:34+05:30,83.0,0.0,0.0,83.0,,0,"2: 99948 Chennai-Ennore (nearby context, 3.57 km outside); 43279 Chennai-Meenambakkam (nearby context, 0.28 km outside)",110,0,43278 Chennai-Nungambakkam: 16/90; 43279 Chennai-Meenambakkam: 16/90; 99947 Chennai-Madhavaram: 14/90; 99948 Chennai-Ennore: 15/90,obs=110; forecasts=201; warnings=74,"99947 reject min: out of range '99.9' | 99947 reject max: out of range '99.9' | rainfall = 24 h ending 0830 IST as labelled on IMD Local Weather Report; min temp 0830 IST; max temp keyed to 1730 IST of its 'Recorded on' date; no rainfall history or wind published | forecast issued_at = record 'updat' read as UTC (a record holding 0830 IST readings carried updat 04:31, impossible in IST)"
2026-10-03T20:07:33+05:30,IMD_CITY_TEST_PAGE,GET city_weather_test.php?id=43279,http_403,False,,,2026-10-03T20:07:43+05:30,0.0,0.0,0.0,0.0,,0,0,110,0,43278 Chennai-Nungambakkam: 16/90; 43279 Chennai-Meenambakkam: 16/90; 99947 Chennai-Madhavaram: 14/90; 99948 Chennai-Ennore: 15/90,obs=110; forecasts=201; warnings=74,HTTP 403: Forbidden
2026-10-03T20:07:33+05:30,IMD_RMC_CHENNAI_HOME,GET mausam.imd.gov.in/chennai/,no_observation_time,False,,,2026-10-03T20:07:44+05:30,0.0,0.0,0.0,0.0,,0,0,110,0,43278 Chennai-Nungambakkam: 16/90; 43279 Chennai-Meenambakkam: 16/90; 99947 Chennai-Madhavaram: 14/90; 99948 Chennai-Ennore: 15/90,obs=110; forecasts=201; warnings=74,current-weather block has no observation time; not stored
2026-10-03T20:07:33+05:30,IMD_AWS_ARG,GET aws.imd.gov.in:8091/state/TAMIL_NADU,access_restricted,False,,,2026-10-03T20:07:46+05:30,0.0,0.0,0.0,0.0,,0,0,110,0,43278 Chennai-Nungambakkam: 16/90; 43279 Chennai-Meenambakkam: 16/90; 99947 Chennai-Madhavaram: 14/90; 99948 Chennai-Ennore: 15/90,obs=110; forecasts=201; warnings=74,redirects to login + captcha; not bypassed
2026-10-03T20:07:33+05:30,IMD_WARNINGS_API,GET mausam.imd.gov.in/api/warnings_district_api.php,http_401,False,,,2026-10-03T20:07:47+05:30,0.0,0.0,0.0,0.0,,0,0,110,0,43278 Chennai-Nungambakkam: 16/90; 43279 Chennai-Meenambakkam: 16/90; 99947 Chennai-Madhavaram: 14/90; 99948 Chennai-Ennore: 15/90,obs=110; forecasts=201; warnings=74,HTTP 401: IP 103.160.240.113 needs to be whitelisted - falling back
2026-10-03T20:07:33+05:30,IMD_DIST_WARNINGS_GIS,GET WFS imd:district_warnings_india + WMS style + GIS page,ok,False,2026-10-03T18:48:43+05:30,2026-10-03T18:48:43+05:30,2026-10-03T20:07:51+05:30,5.0,0.0,0.0,5.0,,0,0,110,0,43278 Chennai-Nungambakkam: 16/90; 43279 Chennai-Meenambakkam: 16/90; 99947 Chennai-Madhavaram: 14/90; 99948 Chennai-Ennore: 15/90,obs=110; forecasts=201; warnings=74,"issued_at from updated_at as published (Z = UTC); colour codes from the layer's WMS style {'0': '#ffffff', '1': '#F20505', '2': '#F28705', '3': '#F2E205', '4': '#078C03'}; validity = published day, IST calendar date"
2026-10-03T20:07:33+05:30,IMD_DIST_NOWCAST_RMC,GET RMC Chennai districtwisewarnings_mc.php,ok,False,2026-10-03T19:00:00+05:30,2026-10-03T19:00:00+05:30,2026-10-03T20:07:52+05:30,1.0,1.0,0.0,0.0,,0,0,110,0,43278 Chennai-Nungambakkam: 16/90; 43279 Chennai-Meenambakkam: 16/90; 99947 Chennai-Madhavaram: 14/90; 99948 Chennai-Ennore: 15/90,obs=110; forecasts=201; warnings=74,
2026-10-03T20:07:33+05:30,OPEN_METEO_ARCHIVE,GET archive-api.open-meteo.com/v1/archive,not_needed,False,,,2026-10-03T20:07:55+05:30,0.0,0.0,0.0,0.0,,0,0,110,0,43278 Chennai-Nungambakkam: 16/90; 43279 Chennai-Meenambakkam: 16/90; 99947 Chennai-Madhavaram: 14/90; 99948 Chennai-Ennore: 15/90,obs=110; forecasts=201; warnings=74,every past window day has an IMD inside-district observation
2026-10-03T20:07:33+05:30,ROLLING_WINDOW_ARCHIVE,rows older than 2026-07-06 moved to *_archive.csv,ok,False,nan,nan,2026-10-03T20:07:55+05:30,nan,nan,nan,nan,0,nan,nan,110,0,43278 Chennai-Nungambakkam: 16/90; 43279 Chennai-Meenambakkam: 16/90; 99947 Chennai-Madhavaram: 14/90; 99948 Chennai-Ennore: 15/90,obs=110; forecasts=201; warnings=74,imd_weather_observations_chennai: 0; imd_weather_forecasts_chennai: 0; imd_weather_warnings_chennai: 0
2026-10-03T22:07:51+05:30,IMD_CITY_WEATHER,POST JSON city.imd.gov.in/citywx/responsive/api/fetchCity_static.php,ok,False,2026-10-03T17:30:00+05:30,2026-10-03T17:30:00+05:30,2026-10-03T22:07:51+05:30,83.0,0.0,0.0,83.0,,0,"2: 99948 Chennai-Ennore (nearby context, 3.57 km outside); 43279 Chennai-Meenambakkam (nearby context, 0.28 km outside)",110,0,43278 Chennai-Nungambakkam: 16/90; 43279 Chennai-Meenambakkam: 16/90; 99947 Chennai-Madhavaram: 14/90; 99948 Chennai-Ennore: 15/90,obs=110; forecasts=201; warnings=75,"99947 reject min: out of range '99.9' | 99947 reject max: out of range '99.9' | rainfall = 24 h ending 0830 IST as labelled on IMD Local Weather Report; min temp 0830 IST; max temp keyed to 1730 IST of its 'Recorded on' date; no rainfall history or wind published | forecast issued_at = record 'updat' read as UTC (a record holding 0830 IST readings carried updat 04:31, impossible in IST)"
2026-10-03T22:07:51+05:30,IMD_CITY_TEST_PAGE,GET city_weather_test.php?id=43279,http_403,False,,,2026-10-03T22:08:00+05:30,0.0,0.0,0.0,0.0,,0,0,110,0,43278 Chennai-Nungambakkam: 16/90; 43279 Chennai-Meenambakkam: 16/90; 99947 Chennai-Madhavaram: 14/90; 99948 Chennai-Ennore: 15/90,obs=110; forecasts=201; warnings=75,HTTP 403: Forbidden
2026-10-03T22:07:51+05:30,IMD_RMC_CHENNAI_HOME,GET mausam.imd.gov.in/chennai/,no_observation_time,False,,,2026-10-03T22:08:01+05:30,0.0,0.0,0.0,0.0,,0,0,110,0,43278 Chennai-Nungambakkam: 16/90; 43279 Chennai-Meenambakkam: 16/90; 99947 Chennai-Madhavaram: 14/90; 99948 Chennai-Ennore: 15/90,obs=110; forecasts=201; warnings=75,current-weather block has no observation time; not stored
2026-10-03T22:07:51+05:30,IMD_AWS_ARG,GET aws.imd.gov.in:8091/state/TAMIL_NADU,access_restricted,False,,,2026-10-03T22:08:03+05:30,0.0,0.0,0.0,0.0,,0,0,110,0,43278 Chennai-Nungambakkam: 16/90; 43279 Chennai-Meenambakkam: 16/90; 99947 Chennai-Madhavaram: 14/90; 99948 Chennai-Ennore: 15/90,obs=110; forecasts=201; warnings=75,redirects to login + captcha; not bypassed
2026-10-03T22:07:51+05:30,IMD_WARNINGS_API,GET mausam.imd.gov.in/api/warnings_district_api.php,http_401,False,,,2026-10-03T22:08:03+05:30,0.0,0.0,0.0,0.0,,0,0,110,0,43278 Chennai-Nungambakkam: 16/90; 43279 Chennai-Meenambakkam: 16/90; 99947 Chennai-Madhavaram: 14/90; 99948 Chennai-Ennore: 15/90,obs=110; forecasts=201; warnings=75,HTTP 401: IP 103.160.240.113 needs to be whitelisted - falling back
2026-10-03T22:07:51+05:30,IMD_DIST_WARNINGS_GIS,GET WFS imd:district_warnings_india + WMS style + GIS page,ok,False,2026-10-03T18:48:43+05:30,2026-10-03T18:48:43+05:30,2026-10-03T22:08:08+05:30,5.0,0.0,0.0,5.0,,0,0,110,0,43278 Chennai-Nungambakkam: 16/90; 43279 Chennai-Meenambakkam: 16/90; 99947 Chennai-Madhavaram: 14/90; 99948 Chennai-Ennore: 15/90,obs=110; forecasts=201; warnings=75,"issued_at from updated_at as published (Z = UTC); colour codes from the layer's WMS style {'0': '#ffffff', '1': '#F20505', '2': '#F28705', '3': '#F2E205', '4': '#078C03'}; validity = published day, IST calendar date"
2026-10-03T22:07:51+05:30,IMD_DIST_NOWCAST_RMC,GET RMC Chennai districtwisewarnings_mc.php,ok,False,2026-10-03T22:00:00+05:30,2026-10-03T22:00:00+05:30,2026-10-03T22:08:08+05:30,1.0,1.0,0.0,0.0,,0,0,110,0,43278 Chennai-Nungambakkam: 16/90; 43279 Chennai-Meenambakkam: 16/90; 99947 Chennai-Madhavaram: 14/90; 99948 Chennai-Ennore: 15/90,obs=110; forecasts=201; warnings=75,
2026-10-03T22:07:51+05:30,OPEN_METEO_ARCHIVE,GET archive-api.open-meteo.com/v1/archive,not_needed,False,,,2026-10-03T22:08:09+05:30,0.0,0.0,0.0,0.0,,0,0,110,0,43278 Chennai-Nungambakkam: 16/90; 43279 Chennai-Meenambakkam: 16/90; 99947 Chennai-Madhavaram: 14/90; 99948 Chennai-Ennore: 15/90,obs=110; forecasts=201; warnings=75,every past window day has an IMD inside-district observation
2026-10-03T22:07:51+05:30,ROLLING_WINDOW_ARCHIVE,rows older than 2026-07-06 moved to *_archive.csv,ok,False,nan,nan,2026-10-03T22:08:09+05:30,nan,nan,nan,nan,0,nan,nan,110,0,43278 Chennai-Nungambakkam: 16/90; 43279 Chennai-Meenambakkam: 16/90; 99947 Chennai-Madhavaram: 14/90; 99948 Chennai-Ennore: 15/90,obs=110; forecasts=201; warnings=75,imd_weather_observations_chennai: 0; imd_weather_forecasts_chennai: 0; imd_weather_warnings_chennai: 0
2026-10-04T00:07:18+05:30,IMD_CITY_WEATHER,POST JSON city.imd.gov.in/citywx/responsive/api/fetchCity_static.php,ok,False,2026-10-03T17:30:00+05:30,2026-10-03T17:30:00+05:30,2026-10-04T00:07:18+05:30,76.0,0.0,0.0,76.0,,0,"2: 99948 Chennai-Ennore (nearby context, 3.57 km outside); 43279 Chennai-Meenambakkam (nearby context, 0.28 km outside)",110,0,43278 Chennai-Nungambakkam: 16/90; 43279 Chennai-Meenambakkam: 16/90; 99947 Chennai-Madhavaram: 14/90; 99948 Chennai-Ennore: 15/90,obs=110; forecasts=201; warnings=76,"99947 reject min: out of range '99.9' | 99947 reject max: out of range '99.9' | rainfall = 24 h ending 0830 IST as labelled on IMD Local Weather Report; min temp 0830 IST; max temp keyed to 1730 IST of its 'Recorded on' date; no rainfall history or wind published | forecast issued_at = record 'updat' read as UTC (a record holding 0830 IST readings carried updat 04:31, impossible in IST)"
2026-10-04T00:07:18+05:30,IMD_CITY_TEST_PAGE,GET city_weather_test.php?id=43279,http_403,False,,,2026-10-04T00:07:27+05:30,0.0,0.0,0.0,0.0,,0,0,110,0,43278 Chennai-Nungambakkam: 16/90; 43279 Chennai-Meenambakkam: 16/90; 99947 Chennai-Madhavaram: 14/90; 99948 Chennai-Ennore: 15/90,obs=110; forecasts=201; warnings=76,HTTP 403: Forbidden
2026-10-04T00:07:18+05:30,IMD_RMC_CHENNAI_HOME,GET mausam.imd.gov.in/chennai/,no_observation_time,False,,,2026-10-04T00:07:28+05:30,0.0,0.0,0.0,0.0,,0,0,110,0,43278 Chennai-Nungambakkam: 16/90; 43279 Chennai-Meenambakkam: 16/90; 99947 Chennai-Madhavaram: 14/90; 99948 Chennai-Ennore: 15/90,obs=110; forecasts=201; warnings=76,current-weather block has no observation time; not stored
2026-10-04T00:07:18+05:30,IMD_AWS_ARG,GET aws.imd.gov.in:8091/state/TAMIL_NADU,access_restricted,False,,,2026-10-04T00:07:31+05:30,0.0,0.0,0.0,0.0,,0,0,110,0,43278 Chennai-Nungambakkam: 16/90; 43279 Chennai-Meenambakkam: 16/90; 99947 Chennai-Madhavaram: 14/90; 99948 Chennai-Ennore: 15/90,obs=110; forecasts=201; warnings=76,redirects to login + captcha; not bypassed
2026-10-04T00:07:18+05:30,IMD_WARNINGS_API,GET mausam.imd.gov.in/api/warnings_district_api.php,http_401,False,,,2026-10-04T00:07:31+05:30,0.0,0.0,0.0,0.0,,0,0,110,0,43278 Chennai-Nungambakkam: 16/90; 43279 Chennai-Meenambakkam: 16/90; 99947 Chennai-Madhavaram: 14/90; 99948 Chennai-Ennore: 15/90,obs=110; forecasts=201; warnings=76,HTTP 401: IP 103.160.240.113 needs to be whitelisted - falling back
2026-10-04T00:07:18+05:30,IMD_DIST_WARNINGS_GIS,GET WFS imd:district_warnings_india + WMS style + GIS page,ok,False,2026-10-03T18:48:43+05:30,2026-10-03T18:48:43+05:30,2026-10-04T00:07:36+05:30,5.0,1.0,0.0,4.0,,0,0,110,0,43278 Chennai-Nungambakkam: 16/90; 43279 Chennai-Meenambakkam: 16/90; 99947 Chennai-Madhavaram: 14/90; 99948 Chennai-Ennore: 15/90,obs=110; forecasts=201; warnings=76,"Day_1: page label 2026-10-04 differs from Date+0; label used | Day_2: page label 2026-10-05 differs from Date+1; label used | Day_3: page label 2026-10-06 differs from Date+2; label used | Day_4: page label 2026-10-07 differs from Date+3; label used | Day_5: page label 2026-10-08 differs from Date+4; label used | issued_at from updated_at as published (Z = UTC); colour codes from the layer's WMS style {'0': '#ffffff', '1': '#F20505', '2': '#F28705', '3': '#F2E205', '4': '#078C03'}; validity = published day, IST calendar date"
2026-10-04T00:07:18+05:30,IMD_DIST_NOWCAST_RMC,GET RMC Chennai districtwisewarnings_mc.php,ok,False,2026-10-03T22:00:00+05:30,2026-10-03T22:00:00+05:30,2026-10-04T00:07:36+05:30,1.0,0.0,0.0,1.0,,0,0,110,0,43278 Chennai-Nungambakkam: 16/90; 43279 Chennai-Meenambakkam: 16/90; 99947 Chennai-Madhavaram: 14/90; 99948 Chennai-Ennore: 15/90,obs=110; forecasts=201; warnings=76,
2026-10-04T00:07:18+05:30,OPEN_METEO_ARCHIVE,GET archive-api.open-meteo.com/v1/archive,not_needed,False,,,2026-10-04T00:07:39+05:30,0.0,0.0,0.0,0.0,,0,0,110,0,43278 Chennai-Nungambakkam: 16/90; 43279 Chennai-Meenambakkam: 16/90; 99947 Chennai-Madhavaram: 14/90; 99948 Chennai-Ennore: 15/90,obs=110; forecasts=201; warnings=76,every past window day has an IMD inside-district observation
2026-10-04T00:07:18+05:30,ROLLING_WINDOW_ARCHIVE,rows older than 2026-07-07 moved to *_archive.csv,ok,False,nan,nan,2026-10-04T00:07:39+05:30,nan,nan,nan,nan,0,nan,nan,110,0,43278 Chennai-Nungambakkam: 16/90; 43279 Chennai-Meenambakkam: 16/90; 99947 Chennai-Madhavaram: 14/90; 99948 Chennai-Ennore: 15/90,obs=110; forecasts=201; warnings=76,imd_weather_observations_chennai: 0; imd_weather_forecasts_chennai: 0; imd_weather_warnings_chennai: 0
2026-10-04T11:25:08+05:30,IMD_CITY_WEATHER,POST JSON city.imd.gov.in/citywx/responsive/api/fetchCity_static.php,ok,False,2026-10-04T08:30:00+05:30,2026-10-04T08:30:00+05:30,2026-10-04T11:25:08+05:30,79.0,8.0,0.0,71.0,,0,"2: 43279 Chennai-Meenambakkam (nearby context, 0.28 km outside); 99948 Chennai-Ennore (nearby context, 3.57 km outside)",114,0,43278 Chennai-Nungambakkam: 17/90; 43279 Chennai-Meenambakkam: 17/90; 99947 Chennai-Madhavaram: 15/90; 99948 Chennai-Ennore: 16/90,obs=114; forecasts=205; warnings=82,"skipped 43278 2026-10-04T17:30:00+05:30: time invalid or after fetch | skipped 43279 2026-10-04T17:30:00+05:30: time invalid or after fetch | 99947 reject max: out of range '99.9' | rainfall = 24 h ending 0830 IST as labelled on IMD Local Weather Report; min temp 0830 IST; max temp keyed to 1730 IST of its 'Recorded on' date; no rainfall history or wind published | forecast issued_at = record 'updat' read as UTC (a record holding 0830 IST readings carried updat 04:31, impossible in IST)"
2026-10-04T11:25:08+05:30,IMD_CITY_TEST_PAGE,GET city_weather_test.php?id=43279,http_403,False,,,2026-10-04T11:25:17+05:30,0.0,0.0,0.0,0.0,,0,0,114,0,43278 Chennai-Nungambakkam: 17/90; 43279 Chennai-Meenambakkam: 17/90; 99947 Chennai-Madhavaram: 15/90; 99948 Chennai-Ennore: 16/90,obs=114; forecasts=205; warnings=82,HTTP 403: Forbidden
2026-10-04T11:25:08+05:30,IMD_RMC_CHENNAI_HOME,GET mausam.imd.gov.in/chennai/,no_observation_time,False,,,2026-10-04T11:25:19+05:30,0.0,0.0,0.0,0.0,,0,0,114,0,43278 Chennai-Nungambakkam: 17/90; 43279 Chennai-Meenambakkam: 17/90; 99947 Chennai-Madhavaram: 15/90; 99948 Chennai-Ennore: 16/90,obs=114; forecasts=205; warnings=82,current-weather block has no observation time; not stored
2026-10-04T11:25:08+05:30,IMD_AWS_ARG,GET aws.imd.gov.in:8091/state/TAMIL_NADU,access_restricted,False,,,2026-10-04T11:25:21+05:30,0.0,0.0,0.0,0.0,,0,0,114,0,43278 Chennai-Nungambakkam: 17/90; 43279 Chennai-Meenambakkam: 17/90; 99947 Chennai-Madhavaram: 15/90; 99948 Chennai-Ennore: 16/90,obs=114; forecasts=205; warnings=82,redirects to login + captcha; not bypassed
2026-10-04T11:25:08+05:30,IMD_WARNINGS_API,GET mausam.imd.gov.in/api/warnings_district_api.php,http_401,False,,,2026-10-04T11:25:21+05:30,0.0,0.0,0.0,0.0,,0,0,114,0,43278 Chennai-Nungambakkam: 17/90; 43279 Chennai-Meenambakkam: 17/90; 99947 Chennai-Madhavaram: 15/90; 99948 Chennai-Ennore: 16/90,obs=114; forecasts=205; warnings=82,HTTP 401: IP 103.160.240.113 needs to be whitelisted - falling back
2026-10-04T11:25:08+05:30,IMD_DIST_WARNINGS_GIS,GET WFS imd:district_warnings_india + WMS style + GIS page,ok,False,2026-10-04T11:12:22+05:30,2026-10-04T11:12:22+05:30,2026-10-04T11:25:26+05:30,5.0,5.0,0.0,0.0,,0,0,114,0,43278 Chennai-Nungambakkam: 17/90; 43279 Chennai-Meenambakkam: 17/90; 99947 Chennai-Madhavaram: 15/90; 99948 Chennai-Ennore: 16/90,obs=114; forecasts=205; warnings=82,"issued_at from updated_at as published (Z = UTC); colour codes from the layer's WMS style {'0': '#ffffff', '1': '#F20505', '2': '#F28705', '3': '#F2E205', '4': '#078C03'}; validity = published day, IST calendar date"
2026-10-04T11:25:08+05:30,IMD_DIST_NOWCAST_RMC,GET RMC Chennai districtwisewarnings_mc.php,ok,False,2026-10-04T09:20:00+05:30,2026-10-04T09:20:00+05:30,2026-10-04T11:25:27+05:30,1.0,1.0,0.0,0.0,,0,0,114,0,43278 Chennai-Nungambakkam: 17/90; 43279 Chennai-Meenambakkam: 17/90; 99947 Chennai-Madhavaram: 15/90; 99948 Chennai-Ennore: 16/90,obs=114; forecasts=205; warnings=82,
2026-10-04T11:25:08+05:30,OPEN_METEO_ARCHIVE,GET archive-api.open-meteo.com/v1/archive,not_needed,False,,,2026-10-04T11:25:28+05:30,0.0,0.0,0.0,0.0,,0,0,114,0,43278 Chennai-Nungambakkam: 17/90; 43279 Chennai-Meenambakkam: 17/90; 99947 Chennai-Madhavaram: 15/90; 99948 Chennai-Ennore: 16/90,obs=114; forecasts=205; warnings=82,every past window day has an IMD inside-district observation
2026-10-04T11:25:08+05:30,ROLLING_WINDOW_ARCHIVE,rows older than 2026-07-07 moved to *_archive.csv,ok,False,nan,nan,2026-10-04T11:25:28+05:30,nan,nan,nan,nan,0,nan,nan,114,0,43278 Chennai-Nungambakkam: 17/90; 43279 Chennai-Meenambakkam: 17/90; 99947 Chennai-Madhavaram: 15/90; 99948 Chennai-Ennore: 16/90,obs=114; forecasts=205; warnings=82,imd_weather_observations_chennai: 0; imd_weather_forecasts_chennai: 0; imd_weather_warnings_chennai: 0
