announcement_id,published_at,title,summary,category,taluk_codes_affected
PWD-ANN-3649,2026-07-01T11:46:43+05:30,Work completed: Lining of Madhavaram Surplus Drain (Ch. 0.98-1.95 km),Lining of Madhavaram Surplus Drain (Ch. 0.98-1.95 km) completed at a cost of Rs.524.73 lakh.,work_update,TLK07
PWD-ANN-3653,2026-07-02T17:19:33+05:30,Pre-monsoon desilting drive - public cooperation sought (ref 0207),Desilting of canals and macro drains is under way. Residents requested not to dump waste into waterways.,advisory,TLK07|TLK13
PWD-ANN-3677,2026-07-08T18:05:51+05:30,IMD heavy rain warning for 09 Jul: PWD on alert,"IMD has forecast heavy to very heavy rain. Pump sets, JCBs and sand bags pre-positioned in Purasawalkam, Egmore, Ayanavaram, Aminjikarai, Perambur, Tondiarpet. Field staff to stay at vulnerable points; control room working 24x7.",advisory,TLK03|TLK04|TLK05|TLK11|TLK12|TLK15
PWD-ANN-3681,2026-07-09T11:46:35+05:30,Chetpet Lake surplussing,Chetpet Lake has reached full capacity and is surplussing. Residents along the surplus course in Chetpet advised caution; field staff monitoring.,alert,TLK05|TLK12
PWD-ANN-3682,2026-07-09T17:28:29+05:30,"Heavy rain alert - Purasawalkam, Egmore, Ayanavaram and surroundings","Very heavy rainfall recorded in Purasawalkam, Egmore, Ayanavaram, Aminjikarai, Perambur, Tondiarpet. Public in low-lying areas advised to avoid water bodies and canal banks. Report stagnation to the PWD control room.",alert,TLK03|TLK04|TLK05|TLK11|TLK12|TLK15
PWD-ANN-3685,2026-07-10T14:07:36+05:30,Post-rain restoration: 32 pump sets deployed,"32 pump sets and 18 JCBs deployed in Purasawalkam, Egmore, Ayanavaram, Aminjikarai, Perambur, Tondiarpet. Water drained from most locations; canals flowing freely.",work_update,TLK03|TLK04|TLK05|TLK11|TLK12|TLK15
PWD-ANN-3709,2026-07-16T15:51:09+05:30,Chief Engineer reviews flood-mitigation works in Tondiarpet (16 Jul),"Officials reviewed progress of ongoing works, instructed contractors to speed up and complete before the monsoon.",press_release,TLK15
PWD-ANN-3721,2026-07-19T08:08:13+05:30,Work completed: Strengthening of Adyar River - Estuary stretch bund (Ch. 1.26-2.67 km),Strengthening of Adyar River - Estuary stretch bund (Ch. 1.26-2.67 km) completed at a cost of Rs.44.58 lakh.,work_update,TLK10
PWD-ANN-3733,2026-07-22T15:38:29+05:30,Work completed: Repairs & renovation - Govt Royapettah Hospital (2026-27),Repairs & renovation - Govt Royapettah Hospital (2026-27) completed at a cost of Rs.34.69 lakh.,work_update,TLK10
PWD-ANN-3737,2026-07-23T12:25:28+05:30,Pre-monsoon desilting drive - public cooperation sought (ref 2307),Desilting of canals and macro drains is under way. Residents requested not to dump waste into waterways.,advisory,TLK08|TLK12|TLK13
PWD-ANN-3741,2026-07-24T11:53:59+05:30,Collector inspects PWD works in Madhavaram taluk (24 Jul),"Officials reviewed progress of ongoing works, instructed contractors to speed up and complete before the monsoon.",press_release,TLK07
PWD-ANN-3753,2026-07-27T13:26:55+05:30,Work completed: Pre-monsoon desilting of Kosasthalaiyar River - Manali stretch - 2026-27,Pre-monsoon desilting of Kosasthalaiyar River - Manali stretch - 2026-27 completed at a cost of Rs.13.64 lakh.,work_update,TLK14
PWD-ANN-3757,2026-07-28T18:42:20+05:30,Pre-monsoon desilting drive - public cooperation sought (ref 2807),Desilting of canals and macro drains is under way. Residents requested not to dump waste into waterways.,advisory,TLK05|TLK13
PWD-ANN-3761,2026-07-29T17:17:16+05:30,IMD heavy rain warning for 30 Jul: PWD on alert,"IMD has forecast heavy to very heavy rain. Pump sets, JCBs and sand bags pre-positioned in Alandur, Guindy, Velachery, Mambalam, Maduravoyal, Mylapore. Field staff to stay at vulnerable points; control room working 24x7.",advisory,TLK01|TLK06|TLK08|TLK09|TLK10|TLK16
PWD-ANN-3765,2026-07-30T05:17:51+05:30,"Heavy rain alert - Alandur, Guindy, Velachery and surroundings","Very heavy rainfall recorded in Alandur, Guindy, Velachery, Mambalam, Maduravoyal, Mylapore. Public in low-lying areas advised to avoid water bodies and canal banks. Report stagnation to the PWD control room.",alert,TLK01|TLK06|TLK08|TLK09|TLK10|TLK16
PWD-ANN-3766,2026-07-30T07:06:41+05:30,Adambakkam Lake surplussing,Adambakkam Lake has reached full capacity and is surplussing. Residents along the surplus course in Adambakkam advised caution; field staff monitoring.,alert,TLK01|TLK06
PWD-ANN-3767,2026-07-30T10:45:22+05:30,Palavanthangal Lake surplussing,Palavanthangal Lake has reached full capacity and is surplussing. Residents along the surplus course in Palavanthangal advised caution; field staff monitoring.,alert,TLK01|TLK06
PWD-ANN-3768,2026-07-30T11:27:57+05:30,Velachery Lake surplussing,Velachery Lake has reached full capacity and is surplussing. Residents along the surplus course in Velachery advised caution; field staff monitoring.,alert,TLK01|TLK16
PWD-ANN-3769,2026-07-31T08:52:07+05:30,Madhavaram Lake surplussing,Madhavaram Lake has reached full capacity and is surplussing. Residents along the surplus course in Madhavaram advised caution; field staff monitoring.,alert,TLK07|TLK11
PWD-ANN-3770,2026-07-31T08:58:16+05:30,Retteri Lake surplussing,Retteri Lake has reached full capacity and is surplussing. Residents along the surplus course in Retteri advised caution; field staff monitoring.,alert,TLK07|TLK11
PWD-ANN-3771,2026-07-31T09:46:56+05:30,Kolathur Lake surplussing,Kolathur Lake has reached full capacity and is surplussing. Residents along the surplus course in Kolathur advised caution; field staff monitoring.,alert,TLK04|TLK11
PWD-ANN-3772,2026-07-31T10:52:53+05:30,Chetpet Lake surplussing,Chetpet Lake has reached full capacity and is surplussing. Residents along the surplus course in Chetpet advised caution; field staff monitoring.,alert,TLK05|TLK12
PWD-ANN-3789,2026-08-05T11:44:00+05:30,Progress: Construction of new wing - Ezhilagam Govt Office Complex (2025-26) - 96% done,Building construction at Ezhilagam Govt Office Complex is 96% complete. Target date 26-08-2026.,work_update,TLK10
PWD-ANN-3805,2026-08-09T08:33:13+05:30,Rain alert: 92 mm recorded,"Heavy rain recorded in Alandur, Ambattur, Egmore, Guindy, Mambalam, Mylapore, Thiruvottiyur, Velachery. Public requested not to venture near canals.",alert,TLK01|TLK02|TLK05|TLK06|TLK09|TLK10|TLK14|TLK16
PWD-ANN-3817,2026-08-12T09:51:07+05:30,Progress: Repairs to shutters of Retteri Lake Sluice - 69% done,Sluice repair at Retteri Lake Sluice is 69% complete. Target date 01-09-2026.,work_update,TLK07
PWD-ANN-3821,2026-08-13T16:59:04+05:30,Progress: Lining of Virugambakkam-Arumbakkam Canal (Ch. 0.90-1.84 km) - 20% done,Canal lining at Virugambakkam-Arumbakkam Canal is 20% complete. Target date 29-12-2026.,work_update,TLK08
PWD-ANN-3825,2026-08-14T10:09:02+05:30,"Progress: Repairs & renovation - Govt Peripheral Hospital, K.K. Nagar (2026-27) - 28% done","Building repair at Govt Peripheral Hospital, K.K. Nagar is 28% complete. Target date 28-09-2026.",work_update,TLK09
PWD-ANN-3826,2026-08-14T16:53:18+05:30,Work completed: Desilting of Velachery Lake (Ch. 0.39-3.27 km),Desilting of Velachery Lake (Ch. 0.39-3.27 km) completed at a cost of Rs.22.61 lakh.,work_update,TLK16
PWD-ANN-3837,2026-08-17T11:32:33+05:30,Progress: Strengthening of Retteri Lake bund (Ch. 1.94-2.27 km) - 40% done,Bund strengthening at Retteri Lake is 40% complete. Target date 29-09-2026.,work_update,TLK07
PWD-ANN-3845,2026-08-19T17:22:15+05:30,Chief Engineer reviews flood-mitigation works in Madhavaram (19 Aug),"Officials reviewed progress of ongoing works, instructed contractors to speed up and complete before the monsoon.",press_release,TLK07
PWD-ANN-3849,2026-08-20T09:49:21+05:30,Progress: Construction of additional block at Govt Royapettah Hospital - 25% done,Building construction at Govt Royapettah Hospital is 25% complete. Target date 13-04-2027.,work_update,TLK10
PWD-ANN-3850,2026-08-20T10:24:45+05:30,Work completed: Raising & strengthening of Adambakkam Lake - 2026-27,Raising & strengthening of Adambakkam Lake - 2026-27 completed at a cost of Rs.34.01 lakh.,work_update,TLK01
PWD-ANN-3851,2026-08-20T16:50:54+05:30,Work completed: Strengthening of Kolathur Lake bund (Ch. 1.91-2.42 km),Strengthening of Kolathur Lake bund (Ch. 1.91-2.42 km) completed at a cost of Rs.246.36 lakh.,work_update,TLK04
PWD-ANN-3853,2026-08-21T09:40:40+05:30,Chetpet Lake surplussing,Chetpet Lake has reached full capacity and is surplussing. Residents along the surplus course in Chetpet advised caution; field staff monitoring.,alert,TLK05|TLK12
PWD-ANN-3857,2026-08-22T08:38:23+05:30,Work completed: Replacement of gates & hoist - Retteri Lake Sluice,Replacement of gates & hoist - Retteri Lake Sluice completed at a cost of Rs.7.53 lakh.,work_update,TLK07
PWD-ANN-3861,2026-08-23T07:13:07+05:30,Korattur Lake surplussing,Korattur Lake has reached full capacity and is surplussing. Residents along the surplus course in Korattur advised caution; field staff monitoring.,alert,TLK02|TLK08
PWD-ANN-3862,2026-08-23T10:25:54+05:30,Ambattur Lake surplussing,Ambattur Lake has reached full capacity and is surplussing. Residents along the surplus course in Ambattur advised caution; field staff monitoring.,alert,TLK02|TLK08
PWD-ANN-3863,2026-08-23T11:48:10+05:30,Mogappair Eri surplussing,Mogappair Eri has reached full capacity and is surplussing. Residents along the surplus course in Mogappair advised caution; field staff monitoring.,alert,TLK02|TLK08
PWD-ANN-3869,2026-08-25T17:00:32+05:30,PWD completes 50 km of desilting so far this season (25 Aug),"Officials reviewed progress of ongoing works, instructed contractors to speed up and complete before the monsoon.",press_release,TLK04
PWD-ANN-3870,2026-08-25T19:45:03+05:30,IMD heavy rain warning for 26 Aug: PWD on alert,"IMD has forecast heavy to very heavy rain. Pump sets, JCBs and sand bags pre-positioned in Velachery, Alandur, Guindy. Field staff to stay at vulnerable points; control room working 24x7.",advisory,TLK01|TLK06|TLK16
PWD-ANN-3873,2026-08-26T06:52:39+05:30,"Heavy rain alert - Velachery, Alandur, Guindy and surroundings","Very heavy rainfall recorded in Velachery, Alandur, Guindy. Public in low-lying areas advised to avoid water bodies and canal banks. Report stagnation to the PWD control room.",alert,TLK01|TLK06|TLK16
PWD-ANN-3874,2026-08-26T10:10:41+05:30,Velachery Lake surplussing,Velachery Lake has reached full capacity and is surplussing. Residents along the surplus course in Velachery advised caution; field staff monitoring.,alert,TLK01|TLK16
PWD-ANN-3877,2026-08-27T14:59:07+05:30,Post-rain restoration: 54 pump sets deployed,"54 pump sets and 13 JCBs deployed in Velachery, Alandur, Guindy. Water drained from most locations; canals flowing freely.",work_update,TLK01|TLK06|TLK16
PWD-ANN-3933,2026-09-10T09:24:12+05:30,Velachery Lake surplussing,Velachery Lake has reached full capacity and is surplussing. Residents along the surplus course in Velachery advised caution; field staff monitoring.,alert,TLK01|TLK16
PWD-ANN-3934,2026-09-10T12:50:03+05:30,Monsoon preparedness: report stagnation (ref 1009),"Public may report water stagnation, canal overflow or weak bunds to the PWD control room. 258 pump sets kept ready across the district.",advisory,TLK07|TLK10|TLK15
PWD-ANN-3937,2026-09-11T07:17:26+05:30,Perungudi Lake surplussing,Perungudi Lake has reached full capacity and is surplussing. Residents along the surplus course in Perungudi advised caution; field staff monitoring.,alert,TLK13|TLK16
PWD-ANN-3938,2026-09-11T09:53:34+05:30,Rain alert: 108 mm recorded,"Heavy rain recorded in Guindy, Sholinganallur. Public requested not to venture near canals.",alert,TLK06|TLK13
PWD-ANN-3939,2026-09-11T14:31:49+05:30,Progress: Special repairs to Rajiv Gandhi Govt General Hospital - Tower Block - 2% done,Building repair at Rajiv Gandhi Govt General Hospital - Tower Block is 2% complete. Target date 17-01-2027.,work_update,TLK05
PWD-ANN-3945,2026-09-13T07:55:14+05:30,Kolathur Lake surplussing,Kolathur Lake has reached full capacity and is surplussing. Residents along the surplus course in Kolathur advised caution; field staff monitoring.,alert,TLK04|TLK11
PWD-ANN-3957,2026-09-16T09:57:04+05:30,Collector inspects PWD works in Ayanavaram taluk (16 Sep),"Officials reviewed progress of ongoing works, instructed contractors to speed up and complete before the monsoon.",press_release,TLK04
PWD-ANN-3958,2026-09-16T10:41:10+05:30,Work completed: Desilting of Buckingham Canal - Thiruvanmiyur stretch (Ch. 0.69-1.72 km),Desilting of Buckingham Canal - Thiruvanmiyur stretch (Ch. 0.69-1.72 km) completed at a cost of Rs.35.67 lakh.,work_update,TLK16
PWD-ANN-3965,2026-09-18T11:46:13+05:30,Progress: Repairs & rehabilitation of Manali Kosasthalaiyar Causeway - 62% done,Bridge repair at Manali Kosasthalaiyar Causeway is 62% complete. Target date 16-12-2026.,work_update,TLK14
PWD-ANN-3966,2026-09-18T11:53:16+05:30,Work completed: Desilting of Adyar River - Kotturpuram stretch (Ch. 0.37-1.37 km),Desilting of Adyar River - Kotturpuram stretch (Ch. 0.37-1.37 km) completed at a cost of Rs.16.92 lakh.,work_update,TLK10
PWD-ANN-3967,2026-09-18T12:08:01+05:30,"Work completed: Repairs & renovation - Govt Hr Sec School, Ashok Nagar (2026-27)","Repairs & renovation - Govt Hr Sec School, Ashok Nagar (2026-27) completed at a cost of Rs.8.25 lakh.",work_update,TLK09
PWD-ANN-3977,2026-09-21T15:57:19+05:30,Work completed: Roof waterproofing - Govt Royapettah Hospital,Roof waterproofing - Govt Royapettah Hospital completed at a cost of Rs.92.39 lakh.,work_update,TLK10
PWD-ANN-3989,2026-09-24T15:06:00+05:30,Monsoon preparedness: report stagnation (ref 2409),"Public may report water stagnation, canal overflow or weak bunds to the PWD control room. 111 pump sets kept ready across the district.",advisory,TLK04|TLK10|TLK12
