asset_id,reading_date,storage_mcft,outflow_cusecs
PWD-AST-0001,2026-06-28,17.39,0
PWD-AST-0001,2026-06-29,17.31,0
PWD-AST-0001,2026-06-30,17.24,0
PWD-AST-0001,2026-07-01,17.2,0
PWD-AST-0001,2026-07-02,17.17,0
PWD-AST-0001,2026-07-03,17.13,0
PWD-AST-0001,2026-07-04,17.09,0
PWD-AST-0001,2026-07-05,17.05,0
PWD-AST-0001,2026-07-06,17.02,0
PWD-AST-0001,2026-07-07,16.98,0
PWD-AST-0001,2026-07-08,16.94,0
PWD-AST-0001,2026-07-09,16.91,0
PWD-AST-0001,2026-07-10,16.87,0
PWD-AST-0001,2026-07-11,16.83,0
PWD-AST-0001,2026-07-12,16.8,0
PWD-AST-0001,2026-07-13,16.76,0
PWD-AST-0001,2026-07-14,16.72,0
PWD-AST-0001,2026-07-15,16.69,0
PWD-AST-0001,2026-07-16,16.65,0
PWD-AST-0001,2026-07-17,16.62,0
PWD-AST-0001,2026-07-18,16.58,0
PWD-AST-0001,2026-07-19,16.54,0
PWD-AST-0001,2026-07-20,16.51,0
PWD-AST-0001,2026-07-21,16.47,0
PWD-AST-0001,2026-07-22,16.44,0
PWD-AST-0001,2026-07-23,16.4,0
PWD-AST-0001,2026-07-24,16.37,0
PWD-AST-0001,2026-07-25,16.33,0
PWD-AST-0001,2026-07-26,16.3,0
PWD-AST-0001,2026-07-27,16.26,0
PWD-AST-0001,2026-07-28,16.23,0
PWD-AST-0001,2026-07-29,16.19,0
PWD-AST-0001,2026-07-30,27.58,183
PWD-AST-0001,2026-07-31,27.51,0
PWD-AST-0001,2026-08-01,27.44,0
PWD-AST-0001,2026-08-02,27.37,0
PWD-AST-0001,2026-08-03,27.31,0
PWD-AST-0001,2026-08-04,27.24,0
PWD-AST-0001,2026-08-05,27.58,3
PWD-AST-0001,2026-08-06,27.51,0
PWD-AST-0001,2026-08-07,27.44,0
PWD-AST-0001,2026-08-08,27.37,0
PWD-AST-0001,2026-08-09,27.58,57
PWD-AST-0001,2026-08-10,27.51,0
PWD-AST-0001,2026-08-11,27.44,0
PWD-AST-0001,2026-08-12,27.37,0
PWD-AST-0001,2026-08-13,27.31,0
PWD-AST-0001,2026-08-14,27.24,0
PWD-AST-0001,2026-08-15,27.17,0
PWD-AST-0001,2026-08-16,27.58,56
PWD-AST-0001,2026-08-17,27.51,0
PWD-AST-0001,2026-08-18,27.44,0
PWD-AST-0001,2026-08-19,27.37,0
PWD-AST-0001,2026-08-20,27.31,0
PWD-AST-0001,2026-08-21,27.58,5
PWD-AST-0001,2026-08-22,27.51,0
PWD-AST-0001,2026-08-23,27.44,0
PWD-AST-0001,2026-08-24,27.37,0
PWD-AST-0001,2026-08-25,27.31,0
PWD-AST-0001,2026-08-26,27.58,91
PWD-AST-0001,2026-08-27,27.51,0
PWD-AST-0001,2026-08-28,27.44,0
PWD-AST-0001,2026-08-29,27.37,0
PWD-AST-0001,2026-08-30,27.31,0
PWD-AST-0001,2026-08-31,27.24,0
PWD-AST-0001,2026-09-01,27.17,0
PWD-AST-0001,2026-09-02,27.1,0
PWD-AST-0001,2026-09-03,27.04,0
PWD-AST-0001,2026-09-04,26.97,0
PWD-AST-0001,2026-09-05,26.9,0
PWD-AST-0001,2026-09-06,26.84,0
PWD-AST-0001,2026-09-07,26.77,0
PWD-AST-0001,2026-09-08,26.7,0
PWD-AST-0001,2026-09-09,26.64,0
PWD-AST-0001,2026-09-10,27.48,0
PWD-AST-0001,2026-09-11,27.41,0
PWD-AST-0001,2026-09-12,27.35,0
PWD-AST-0001,2026-09-13,27.3,0
PWD-AST-0001,2026-09-14,27.23,0
PWD-AST-0001,2026-09-15,27.16,0
PWD-AST-0001,2026-09-16,27.1,0
PWD-AST-0001,2026-09-17,27.03,0
PWD-AST-0001,2026-09-18,26.96,0
PWD-AST-0001,2026-09-19,26.9,0
PWD-AST-0001,2026-09-20,26.83,0
PWD-AST-0001,2026-09-21,26.76,0
PWD-AST-0001,2026-09-22,26.7,0
PWD-AST-0001,2026-09-23,26.63,0
PWD-AST-0001,2026-09-24,26.56,0
PWD-AST-0001,2026-09-25,26.5,0
PWD-AST-0002,2026-06-28,8.69,0
PWD-AST-0002,2026-06-29,8.66,0
PWD-AST-0002,2026-06-30,8.62,0
PWD-AST-0002,2026-07-01,8.6,0
PWD-AST-0002,2026-07-02,8.58,0
PWD-AST-0002,2026-07-03,8.56,0
PWD-AST-0002,2026-07-04,8.55,0
PWD-AST-0002,2026-07-05,8.53,0
PWD-AST-0002,2026-07-06,8.51,0
PWD-AST-0002,2026-07-07,8.49,0
PWD-AST-0002,2026-07-08,8.47,0
PWD-AST-0002,2026-07-09,8.45,0
PWD-AST-0002,2026-07-10,8.43,0
PWD-AST-0002,2026-07-11,8.42,0
PWD-AST-0002,2026-07-12,8.4,0
PWD-AST-0002,2026-07-13,8.38,0
PWD-AST-0002,2026-07-14,8.36,0
PWD-AST-0002,2026-07-15,8.34,0
PWD-AST-0002,2026-07-16,8.33,0
PWD-AST-0002,2026-07-17,8.31,0
PWD-AST-0002,2026-07-18,8.29,0
PWD-AST-0002,2026-07-19,8.27,0
PWD-AST-0002,2026-07-20,8.25,0
PWD-AST-0002,2026-07-21,8.24,0
PWD-AST-0002,2026-07-22,8.22,0
PWD-AST-0002,2026-07-23,8.2,0
PWD-AST-0002,2026-07-24,8.18,0
PWD-AST-0002,2026-07-25,8.17,0
PWD-AST-0002,2026-07-26,8.15,0
PWD-AST-0002,2026-07-27,8.13,0
PWD-AST-0002,2026-07-28,8.11,0
PWD-AST-0002,2026-07-29,8.1,0
PWD-AST-0002,2026-07-30,13.79,80
PWD-AST-0002,2026-07-31,13.76,0
PWD-AST-0002,2026-08-01,13.72,0
PWD-AST-0002,2026-08-02,13.69,0
PWD-AST-0002,2026-08-03,13.65,0
PWD-AST-0002,2026-08-04,13.62,0
PWD-AST-0002,2026-08-05,13.79,1
PWD-AST-0002,2026-08-06,13.76,0
PWD-AST-0002,2026-08-07,13.72,0
PWD-AST-0002,2026-08-08,13.69,0
PWD-AST-0002,2026-08-09,13.79,26
PWD-AST-0002,2026-08-10,13.76,0
PWD-AST-0002,2026-08-11,13.72,0
PWD-AST-0002,2026-08-12,13.69,0
PWD-AST-0002,2026-08-13,13.65,0
PWD-AST-0002,2026-08-14,13.62,0
PWD-AST-0002,2026-08-15,13.59,0
PWD-AST-0002,2026-08-16,13.79,26
PWD-AST-0002,2026-08-17,13.76,0
PWD-AST-0002,2026-08-18,13.72,0
PWD-AST-0002,2026-08-19,13.69,0
PWD-AST-0002,2026-08-20,13.65,0
PWD-AST-0002,2026-08-21,13.79,2
PWD-AST-0002,2026-08-22,13.76,0
PWD-AST-0002,2026-08-23,13.72,0
PWD-AST-0002,2026-08-24,13.69,0
PWD-AST-0002,2026-08-25,13.65,0
PWD-AST-0002,2026-08-26,13.79,42
PWD-AST-0002,2026-08-27,13.76,0
PWD-AST-0002,2026-08-28,13.72,0
PWD-AST-0002,2026-08-29,13.69,0
PWD-AST-0002,2026-08-30,13.65,0
PWD-AST-0002,2026-08-31,13.62,0
PWD-AST-0002,2026-09-01,13.59,0
PWD-AST-0002,2026-09-02,13.55,0
PWD-AST-0002,2026-09-03,13.52,0
PWD-AST-0002,2026-09-04,13.48,0
PWD-AST-0002,2026-09-05,13.45,0
PWD-AST-0002,2026-09-06,13.42,0
PWD-AST-0002,2026-09-07,13.38,0
PWD-AST-0002,2026-09-08,13.35,0
PWD-AST-0002,2026-09-09,13.32,0
PWD-AST-0002,2026-09-10,13.71,0
PWD-AST-0002,2026-09-11,13.67,0
PWD-AST-0002,2026-09-12,13.64,0
PWD-AST-0002,2026-09-13,13.62,0
PWD-AST-0002,2026-09-14,13.58,0
PWD-AST-0002,2026-09-15,13.55,0
PWD-AST-0002,2026-09-16,13.52,0
PWD-AST-0002,2026-09-17,13.48,0
PWD-AST-0002,2026-09-18,13.45,0
PWD-AST-0002,2026-09-19,13.42,0
PWD-AST-0002,2026-09-20,13.38,0
PWD-AST-0002,2026-09-21,13.35,0
PWD-AST-0002,2026-09-22,13.32,0
PWD-AST-0002,2026-09-23,13.28,0
PWD-AST-0002,2026-09-24,13.25,0
PWD-AST-0002,2026-09-25,13.22,0
PWD-AST-0003,2026-06-28,82.2,0
PWD-AST-0003,2026-06-29,81.84,0
PWD-AST-0003,2026-06-30,81.49,0
PWD-AST-0003,2026-07-01,81.3,0
PWD-AST-0003,2026-07-02,81.11,0
PWD-AST-0003,2026-07-03,80.92,0
PWD-AST-0003,2026-07-04,80.73,0
PWD-AST-0003,2026-07-05,80.55,0
PWD-AST-0003,2026-07-06,80.36,0
PWD-AST-0003,2026-07-07,80.17,0
PWD-AST-0003,2026-07-08,79.99,0
PWD-AST-0003,2026-07-09,80.75,0
PWD-AST-0003,2026-07-10,80.57,0
PWD-AST-0003,2026-07-11,80.38,0
PWD-AST-0003,2026-07-12,80.19,0
PWD-AST-0003,2026-07-13,80.01,0
PWD-AST-0003,2026-07-14,79.82,0
PWD-AST-0003,2026-07-15,79.64,0
PWD-AST-0003,2026-07-16,79.45,0
PWD-AST-0003,2026-07-17,79.27,0
PWD-AST-0003,2026-07-18,79.09,0
PWD-AST-0003,2026-07-19,78.91,0
PWD-AST-0003,2026-07-20,78.72,0
PWD-AST-0003,2026-07-21,78.54,0
PWD-AST-0003,2026-07-22,78.36,0
PWD-AST-0003,2026-07-23,79.49,0
PWD-AST-0003,2026-07-24,79.31,0
PWD-AST-0003,2026-07-25,79.13,0
PWD-AST-0003,2026-07-26,78.94,0
PWD-AST-0003,2026-07-27,78.76,0
PWD-AST-0003,2026-07-28,78.58,0
PWD-AST-0003,2026-07-29,78.4,0
PWD-AST-0003,2026-07-30,78.65,0
PWD-AST-0003,2026-07-31,78.46,0
PWD-AST-0003,2026-08-01,78.28,0
PWD-AST-0003,2026-08-02,78.1,0
PWD-AST-0003,2026-08-03,77.93,0
PWD-AST-0003,2026-08-04,77.75,0
PWD-AST-0003,2026-08-05,80.89,0
PWD-AST-0003,2026-08-06,80.7,0
PWD-AST-0003,2026-08-07,80.52,0
PWD-AST-0003,2026-08-08,80.33,0
PWD-AST-0003,2026-08-09,93.48,0
PWD-AST-0003,2026-08-10,95.13,0
PWD-AST-0003,2026-08-11,94.9,0
PWD-AST-0003,2026-08-12,94.67,0
PWD-AST-0003,2026-08-13,94.45,0
PWD-AST-0003,2026-08-14,94.22,0
PWD-AST-0003,2026-08-15,93.99,0
PWD-AST-0003,2026-08-16,93.76,0
PWD-AST-0003,2026-08-17,93.54,0
PWD-AST-0003,2026-08-18,93.31,0
PWD-AST-0003,2026-08-19,93.09,0
PWD-AST-0003,2026-08-20,92.86,0
PWD-AST-0003,2026-08-21,96.68,0
PWD-AST-0003,2026-08-22,96.45,0
PWD-AST-0003,2026-08-23,108.35,29
PWD-AST-0003,2026-08-24,108.08,0
PWD-AST-0003,2026-08-25,107.81,0
PWD-AST-0003,2026-08-26,107.54,0
PWD-AST-0003,2026-08-27,107.27,0
PWD-AST-0003,2026-08-28,108.35,24
PWD-AST-0003,2026-08-29,108.08,0
PWD-AST-0003,2026-08-30,107.81,0
PWD-AST-0003,2026-08-31,107.54,0
PWD-AST-0003,2026-09-01,107.27,0
PWD-AST-0003,2026-09-02,107.03,0
PWD-AST-0003,2026-09-03,106.76,0
PWD-AST-0003,2026-09-04,106.5,0
PWD-AST-0003,2026-09-05,106.23,0
PWD-AST-0003,2026-09-06,105.97,0
PWD-AST-0003,2026-09-07,105.71,0
PWD-AST-0003,2026-09-08,105.44,0
PWD-AST-0003,2026-09-09,105.18,0
PWD-AST-0003,2026-09-10,104.92,0
PWD-AST-0003,2026-09-11,104.66,0
PWD-AST-0003,2026-09-12,104.4,0
PWD-AST-0003,2026-09-13,104.15,0
PWD-AST-0003,2026-09-14,103.89,0
PWD-AST-0003,2026-09-15,103.63,0
PWD-AST-0003,2026-09-16,103.38,0
PWD-AST-0003,2026-09-17,103.12,0
PWD-AST-0003,2026-09-18,102.87,0
PWD-AST-0003,2026-09-19,102.61,0
PWD-AST-0003,2026-09-20,102.36,0
PWD-AST-0003,2026-09-21,102.11,0
PWD-AST-0003,2026-09-22,101.86,0
PWD-AST-0003,2026-09-23,101.61,0
PWD-AST-0003,2026-09-24,101.36,0
PWD-AST-0003,2026-09-25,101.11,0
PWD-AST-0004,2026-06-28,112.12,0
PWD-AST-0004,2026-06-29,111.63,0
PWD-AST-0004,2026-06-30,111.15,0
PWD-AST-0004,2026-07-01,110.89,0
PWD-AST-0004,2026-07-02,110.64,0
PWD-AST-0004,2026-07-03,110.38,0
PWD-AST-0004,2026-07-04,110.12,0
PWD-AST-0004,2026-07-05,109.87,0
PWD-AST-0004,2026-07-06,109.61,0
PWD-AST-0004,2026-07-07,109.36,0
PWD-AST-0004,2026-07-08,109.11,0
PWD-AST-0004,2026-07-09,110.18,0
PWD-AST-0004,2026-07-10,109.92,0
PWD-AST-0004,2026-07-11,109.67,0
PWD-AST-0004,2026-07-12,109.41,0
PWD-AST-0004,2026-07-13,109.16,0
PWD-AST-0004,2026-07-14,108.91,0
PWD-AST-0004,2026-07-15,108.66,0
PWD-AST-0004,2026-07-16,108.41,0
PWD-AST-0004,2026-07-17,108.16,0
PWD-AST-0004,2026-07-18,107.91,0
PWD-AST-0004,2026-07-19,107.66,0
PWD-AST-0004,2026-07-20,107.41,0
PWD-AST-0004,2026-07-21,107.16,0
PWD-AST-0004,2026-07-22,106.92,0
PWD-AST-0004,2026-07-23,108.5,0
PWD-AST-0004,2026-07-24,108.25,0
PWD-AST-0004,2026-07-25,108.0,0
PWD-AST-0004,2026-07-26,107.75,0
PWD-AST-0004,2026-07-27,107.5,0
PWD-AST-0004,2026-07-28,107.25,0
PWD-AST-0004,2026-07-29,107.01,0
PWD-AST-0004,2026-07-30,107.36,0
PWD-AST-0004,2026-07-31,107.11,0
PWD-AST-0004,2026-08-01,106.86,0
PWD-AST-0004,2026-08-02,106.62,0
PWD-AST-0004,2026-08-03,106.37,0
PWD-AST-0004,2026-08-04,106.13,0
PWD-AST-0004,2026-08-05,110.53,0
PWD-AST-0004,2026-08-06,110.27,0
PWD-AST-0004,2026-08-07,110.01,0
PWD-AST-0004,2026-08-08,109.76,0
PWD-AST-0004,2026-08-09,128.14,0
PWD-AST-0004,2026-08-10,130.45,0
PWD-AST-0004,2026-08-11,130.13,0
PWD-AST-0004,2026-08-12,129.82,0
PWD-AST-0004,2026-08-13,129.5,0
PWD-AST-0004,2026-08-14,129.19,0
PWD-AST-0004,2026-08-15,128.88,0
PWD-AST-0004,2026-08-16,128.56,0
PWD-AST-0004,2026-08-17,128.25,0
PWD-AST-0004,2026-08-18,127.94,0
PWD-AST-0004,2026-08-19,127.63,0
PWD-AST-0004,2026-08-20,127.33,0
PWD-AST-0004,2026-08-21,132.67,0
PWD-AST-0004,2026-08-22,132.35,0
PWD-AST-0004,2026-08-23,147.75,55
PWD-AST-0004,2026-08-24,147.38,0
PWD-AST-0004,2026-08-25,147.01,0
PWD-AST-0004,2026-08-26,146.65,0
PWD-AST-0004,2026-08-27,146.28,0
PWD-AST-0004,2026-08-28,147.75,33
PWD-AST-0004,2026-08-29,147.38,0
PWD-AST-0004,2026-08-30,147.01,0
PWD-AST-0004,2026-08-31,146.65,0
PWD-AST-0004,2026-09-01,146.28,0
PWD-AST-0004,2026-09-02,145.95,0
PWD-AST-0004,2026-09-03,145.59,0
PWD-AST-0004,2026-09-04,145.22,0
PWD-AST-0004,2026-09-05,144.86,0
PWD-AST-0004,2026-09-06,144.5,0
PWD-AST-0004,2026-09-07,144.15,0
PWD-AST-0004,2026-09-08,143.79,0
PWD-AST-0004,2026-09-09,143.43,0
PWD-AST-0004,2026-09-10,143.08,0
PWD-AST-0004,2026-09-11,142.72,0
PWD-AST-0004,2026-09-12,142.37,0
PWD-AST-0004,2026-09-13,142.02,0
PWD-AST-0004,2026-09-14,141.67,0
PWD-AST-0004,2026-09-15,141.32,0
PWD-AST-0004,2026-09-16,140.97,0
PWD-AST-0004,2026-09-17,140.62,0
PWD-AST-0004,2026-09-18,140.27,0
PWD-AST-0004,2026-09-19,139.93,0
PWD-AST-0004,2026-09-20,139.58,0
PWD-AST-0004,2026-09-21,139.24,0
PWD-AST-0004,2026-09-22,138.9,0
PWD-AST-0004,2026-09-23,138.55,0
PWD-AST-0004,2026-09-24,138.21,0
PWD-AST-0004,2026-09-25,137.87,0
PWD-AST-0005,2026-06-28,13.45,0
PWD-AST-0005,2026-06-29,13.39,0
PWD-AST-0005,2026-06-30,13.33,0
PWD-AST-0005,2026-07-01,13.3,0
PWD-AST-0005,2026-07-02,13.27,0
PWD-AST-0005,2026-07-03,13.24,0
PWD-AST-0005,2026-07-04,13.21,0
PWD-AST-0005,2026-07-05,13.18,0
PWD-AST-0005,2026-07-06,13.15,0
PWD-AST-0005,2026-07-07,13.11,0
PWD-AST-0005,2026-07-08,13.08,0
PWD-AST-0005,2026-07-09,13.2,0
PWD-AST-0005,2026-07-10,13.17,0
PWD-AST-0005,2026-07-11,13.14,0
PWD-AST-0005,2026-07-12,13.11,0
PWD-AST-0005,2026-07-13,13.08,0
PWD-AST-0005,2026-07-14,13.05,0
PWD-AST-0005,2026-07-15,13.02,0
PWD-AST-0005,2026-07-16,12.99,0
PWD-AST-0005,2026-07-17,12.96,0
PWD-AST-0005,2026-07-18,12.93,0
PWD-AST-0005,2026-07-19,12.9,0
PWD-AST-0005,2026-07-20,12.87,0
PWD-AST-0005,2026-07-21,12.84,0
PWD-AST-0005,2026-07-22,12.81,0
PWD-AST-0005,2026-07-23,12.99,0
PWD-AST-0005,2026-07-24,12.96,0
PWD-AST-0005,2026-07-25,12.93,0
PWD-AST-0005,2026-07-26,12.9,0
PWD-AST-0005,2026-07-27,12.87,0
PWD-AST-0005,2026-07-28,12.84,0
PWD-AST-0005,2026-07-29,12.81,0
PWD-AST-0005,2026-07-30,12.85,0
PWD-AST-0005,2026-07-31,12.82,0
PWD-AST-0005,2026-08-01,12.79,0
PWD-AST-0005,2026-08-02,12.76,0
PWD-AST-0005,2026-08-03,12.73,0
PWD-AST-0005,2026-08-04,12.7,0
PWD-AST-0005,2026-08-05,13.2,0
PWD-AST-0005,2026-08-06,13.17,0
PWD-AST-0005,2026-08-07,13.14,0
PWD-AST-0005,2026-08-08,13.11,0
PWD-AST-0005,2026-08-09,15.2,0
PWD-AST-0005,2026-08-10,15.46,0
PWD-AST-0005,2026-08-11,15.42,0
PWD-AST-0005,2026-08-12,15.38,0
PWD-AST-0005,2026-08-13,15.35,0
PWD-AST-0005,2026-08-14,15.31,0
PWD-AST-0005,2026-08-15,15.27,0
PWD-AST-0005,2026-08-16,15.23,0
PWD-AST-0005,2026-08-17,15.2,0
PWD-AST-0005,2026-08-18,15.16,0
PWD-AST-0005,2026-08-19,15.12,0
PWD-AST-0005,2026-08-20,15.09,0
PWD-AST-0005,2026-08-21,15.69,0
PWD-AST-0005,2026-08-22,15.66,0
PWD-AST-0005,2026-08-23,17.73,2
PWD-AST-0005,2026-08-24,17.69,0
PWD-AST-0005,2026-08-25,17.64,0
PWD-AST-0005,2026-08-26,17.6,0
PWD-AST-0005,2026-08-27,17.55,0
PWD-AST-0005,2026-08-28,17.73,4
PWD-AST-0005,2026-08-29,17.69,0
PWD-AST-0005,2026-08-30,17.64,0
PWD-AST-0005,2026-08-31,17.6,0
PWD-AST-0005,2026-09-01,17.55,0
PWD-AST-0005,2026-09-02,17.51,0
PWD-AST-0005,2026-09-03,17.47,0
PWD-AST-0005,2026-09-04,17.43,0
PWD-AST-0005,2026-09-05,17.38,0
PWD-AST-0005,2026-09-06,17.34,0
PWD-AST-0005,2026-09-07,17.3,0
PWD-AST-0005,2026-09-08,17.25,0
PWD-AST-0005,2026-09-09,17.21,0
PWD-AST-0005,2026-09-10,17.17,0
PWD-AST-0005,2026-09-11,17.13,0
PWD-AST-0005,2026-09-12,17.08,0
PWD-AST-0005,2026-09-13,17.04,0
PWD-AST-0005,2026-09-14,17.0,0
PWD-AST-0005,2026-09-15,16.96,0
PWD-AST-0005,2026-09-16,16.92,0
PWD-AST-0005,2026-09-17,16.87,0
PWD-AST-0005,2026-09-18,16.83,0
PWD-AST-0005,2026-09-19,16.79,0
PWD-AST-0005,2026-09-20,16.75,0
PWD-AST-0005,2026-09-21,16.71,0
PWD-AST-0005,2026-09-22,16.67,0
PWD-AST-0005,2026-09-23,16.63,0
PWD-AST-0005,2026-09-24,16.59,0
PWD-AST-0005,2026-09-25,16.54,0
PWD-AST-0006,2026-06-28,21.51,0
PWD-AST-0006,2026-06-29,21.42,0
PWD-AST-0006,2026-06-30,21.33,0
PWD-AST-0006,2026-07-01,21.28,0
PWD-AST-0006,2026-07-02,21.23,0
PWD-AST-0006,2026-07-03,21.18,0
PWD-AST-0006,2026-07-04,21.13,0
PWD-AST-0006,2026-07-05,21.08,0
PWD-AST-0006,2026-07-06,21.04,0
PWD-AST-0006,2026-07-07,20.99,0
PWD-AST-0006,2026-07-08,20.94,0
PWD-AST-0006,2026-07-09,29.1,0
PWD-AST-0006,2026-07-10,29.03,0
PWD-AST-0006,2026-07-11,28.96,0
PWD-AST-0006,2026-07-12,28.88,0
PWD-AST-0006,2026-07-13,28.81,0
PWD-AST-0006,2026-07-14,28.74,0
PWD-AST-0006,2026-07-15,28.67,0
PWD-AST-0006,2026-07-16,28.6,0
PWD-AST-0006,2026-07-17,28.53,0
PWD-AST-0006,2026-07-18,28.46,0
PWD-AST-0006,2026-07-19,28.39,0
PWD-AST-0006,2026-07-20,28.32,0
PWD-AST-0006,2026-07-21,28.25,0
PWD-AST-0006,2026-07-22,28.18,0
PWD-AST-0006,2026-07-23,28.11,0
PWD-AST-0006,2026-07-24,28.04,0
PWD-AST-0006,2026-07-25,27.97,0
PWD-AST-0006,2026-07-26,27.9,0
PWD-AST-0006,2026-07-27,27.83,0
PWD-AST-0006,2026-07-28,27.76,0
PWD-AST-0006,2026-07-29,27.69,0
PWD-AST-0006,2026-07-30,27.97,0
PWD-AST-0006,2026-07-31,29.55,1
PWD-AST-0006,2026-08-01,29.48,0
PWD-AST-0006,2026-08-02,29.4,0
PWD-AST-0006,2026-08-03,29.33,0
PWD-AST-0006,2026-08-04,29.26,0
PWD-AST-0006,2026-08-05,29.55,52
PWD-AST-0006,2026-08-06,29.48,0
PWD-AST-0006,2026-08-07,29.4,0
PWD-AST-0006,2026-08-08,29.33,0
PWD-AST-0006,2026-08-09,29.55,35
PWD-AST-0006,2026-08-10,29.48,0
PWD-AST-0006,2026-08-11,29.4,0
PWD-AST-0006,2026-08-12,29.33,0
PWD-AST-0006,2026-08-13,29.26,0
PWD-AST-0006,2026-08-14,29.18,0
PWD-AST-0006,2026-08-15,29.11,0
PWD-AST-0006,2026-08-16,29.55,17
PWD-AST-0006,2026-08-17,29.48,0
PWD-AST-0006,2026-08-18,29.4,0
PWD-AST-0006,2026-08-19,29.33,0
PWD-AST-0006,2026-08-20,29.26,0
PWD-AST-0006,2026-08-21,29.18,0
PWD-AST-0006,2026-08-22,29.11,0
PWD-AST-0006,2026-08-23,29.04,0
PWD-AST-0006,2026-08-24,28.97,0
PWD-AST-0006,2026-08-25,28.9,0
PWD-AST-0006,2026-08-26,29.0,0
PWD-AST-0006,2026-08-27,28.93,0
PWD-AST-0006,2026-08-28,28.85,0
PWD-AST-0006,2026-08-29,28.78,0
PWD-AST-0006,2026-08-30,28.71,0
PWD-AST-0006,2026-08-31,28.64,0
PWD-AST-0006,2026-09-01,28.57,0
PWD-AST-0006,2026-09-02,28.5,0
PWD-AST-0006,2026-09-03,28.43,0
PWD-AST-0006,2026-09-04,28.36,0
PWD-AST-0006,2026-09-05,28.29,0
PWD-AST-0006,2026-09-06,28.22,0
PWD-AST-0006,2026-09-07,28.15,0
PWD-AST-0006,2026-09-08,28.08,0
PWD-AST-0006,2026-09-09,28.01,0
PWD-AST-0006,2026-09-10,27.94,0
PWD-AST-0006,2026-09-11,29.09,0
PWD-AST-0006,2026-09-12,29.02,0
PWD-AST-0006,2026-09-13,29.55,23
PWD-AST-0006,2026-09-14,29.48,0
PWD-AST-0006,2026-09-15,29.4,0
PWD-AST-0006,2026-09-16,29.33,0
PWD-AST-0006,2026-09-17,29.26,0
PWD-AST-0006,2026-09-18,29.18,0
PWD-AST-0006,2026-09-19,29.11,0
PWD-AST-0006,2026-09-20,29.04,0
PWD-AST-0006,2026-09-21,28.97,0
PWD-AST-0006,2026-09-22,28.9,0
PWD-AST-0006,2026-09-23,28.82,0
PWD-AST-0006,2026-09-24,28.75,0
PWD-AST-0006,2026-09-25,28.68,0
PWD-AST-0007,2026-06-28,3.17,0
PWD-AST-0007,2026-06-29,3.16,0
PWD-AST-0007,2026-06-30,3.15,0
PWD-AST-0007,2026-07-01,3.14,0
PWD-AST-0007,2026-07-02,3.14,0
PWD-AST-0007,2026-07-03,3.13,0
PWD-AST-0007,2026-07-04,3.12,0
PWD-AST-0007,2026-07-05,3.12,0
PWD-AST-0007,2026-07-06,3.11,0
PWD-AST-0007,2026-07-07,3.1,0
PWD-AST-0007,2026-07-08,3.1,0
PWD-AST-0007,2026-07-09,5.91,0
PWD-AST-0007,2026-07-10,5.9,0
PWD-AST-0007,2026-07-11,5.88,0
PWD-AST-0007,2026-07-12,5.87,0
PWD-AST-0007,2026-07-13,5.85,0
PWD-AST-0007,2026-07-14,5.84,0
PWD-AST-0007,2026-07-15,5.82,0
PWD-AST-0007,2026-07-16,5.81,0
PWD-AST-0007,2026-07-17,5.79,0
PWD-AST-0007,2026-07-18,5.78,0
PWD-AST-0007,2026-07-19,5.76,0
PWD-AST-0007,2026-07-20,5.75,0
PWD-AST-0007,2026-07-21,5.74,0
PWD-AST-0007,2026-07-22,5.72,0
PWD-AST-0007,2026-07-23,5.71,0
PWD-AST-0007,2026-07-24,5.69,0
PWD-AST-0007,2026-07-25,5.68,0
PWD-AST-0007,2026-07-26,5.67,0
PWD-AST-0007,2026-07-27,5.65,0
PWD-AST-0007,2026-07-28,5.64,0
PWD-AST-0007,2026-07-29,5.62,0
PWD-AST-0007,2026-07-30,5.62,0
PWD-AST-0007,2026-07-31,5.91,0
PWD-AST-0007,2026-08-01,5.9,0
PWD-AST-0007,2026-08-02,5.88,0
PWD-AST-0007,2026-08-03,5.87,0
PWD-AST-0007,2026-08-04,5.85,0
PWD-AST-0007,2026-08-05,5.84,0
PWD-AST-0007,2026-08-06,5.82,0
PWD-AST-0007,2026-08-07,5.81,0
PWD-AST-0007,2026-08-08,5.79,0
PWD-AST-0007,2026-08-09,5.91,9
PWD-AST-0007,2026-08-10,5.9,0
PWD-AST-0007,2026-08-11,5.88,0
PWD-AST-0007,2026-08-12,5.87,0
PWD-AST-0007,2026-08-13,5.85,0
PWD-AST-0007,2026-08-14,5.84,0
PWD-AST-0007,2026-08-15,5.82,0
PWD-AST-0007,2026-08-16,5.88,0
PWD-AST-0007,2026-08-17,5.87,0
PWD-AST-0007,2026-08-18,5.85,0
PWD-AST-0007,2026-08-19,5.84,0
PWD-AST-0007,2026-08-20,5.82,0
PWD-AST-0007,2026-08-21,5.91,1
PWD-AST-0007,2026-08-22,5.9,0
PWD-AST-0007,2026-08-23,5.88,0
PWD-AST-0007,2026-08-24,5.87,0
PWD-AST-0007,2026-08-25,5.85,0
PWD-AST-0007,2026-08-26,5.84,0
PWD-AST-0007,2026-08-27,5.82,0
PWD-AST-0007,2026-08-28,5.81,0
PWD-AST-0007,2026-08-29,5.79,0
PWD-AST-0007,2026-08-30,5.78,0
PWD-AST-0007,2026-08-31,5.76,0
PWD-AST-0007,2026-09-01,5.75,0
PWD-AST-0007,2026-09-02,5.74,0
PWD-AST-0007,2026-09-03,5.72,0
PWD-AST-0007,2026-09-04,5.71,0
PWD-AST-0007,2026-09-05,5.69,0
PWD-AST-0007,2026-09-06,5.68,0
PWD-AST-0007,2026-09-07,5.67,0
PWD-AST-0007,2026-09-08,5.65,0
PWD-AST-0007,2026-09-09,5.64,0
PWD-AST-0007,2026-09-10,5.63,0
PWD-AST-0007,2026-09-11,5.62,0
PWD-AST-0007,2026-09-12,5.6,0
PWD-AST-0007,2026-09-13,5.59,0
PWD-AST-0007,2026-09-14,5.57,0
PWD-AST-0007,2026-09-15,5.56,0
PWD-AST-0007,2026-09-16,5.55,0
PWD-AST-0007,2026-09-17,5.53,0
PWD-AST-0007,2026-09-18,5.52,0
PWD-AST-0007,2026-09-19,5.51,0
PWD-AST-0007,2026-09-20,5.49,0
PWD-AST-0007,2026-09-21,5.48,0
PWD-AST-0007,2026-09-22,5.47,0
PWD-AST-0007,2026-09-23,5.45,0
PWD-AST-0007,2026-09-24,5.44,0
PWD-AST-0007,2026-09-25,5.43,0
PWD-AST-0008,2026-06-28,33.89,0
PWD-AST-0008,2026-06-29,33.75,0
PWD-AST-0008,2026-06-30,33.61,0
PWD-AST-0008,2026-07-01,33.55,0
PWD-AST-0008,2026-07-02,33.48,0
PWD-AST-0008,2026-07-03,33.41,0
PWD-AST-0008,2026-07-04,33.34,0
PWD-AST-0008,2026-07-05,33.27,0
PWD-AST-0008,2026-07-06,33.21,0
PWD-AST-0008,2026-07-07,33.25,0
PWD-AST-0008,2026-07-08,33.19,0
PWD-AST-0008,2026-07-09,34.6,0
PWD-AST-0008,2026-07-10,34.52,0
PWD-AST-0008,2026-07-11,34.45,0
PWD-AST-0008,2026-07-12,34.38,0
PWD-AST-0008,2026-07-13,34.31,0
PWD-AST-0008,2026-07-14,34.24,0
PWD-AST-0008,2026-07-15,34.17,0
PWD-AST-0008,2026-07-16,34.1,0
PWD-AST-0008,2026-07-17,34.03,0
PWD-AST-0008,2026-07-18,33.96,0
PWD-AST-0008,2026-07-19,33.89,0
PWD-AST-0008,2026-07-20,33.82,0
PWD-AST-0008,2026-07-21,33.75,0
PWD-AST-0008,2026-07-22,33.69,0
PWD-AST-0008,2026-07-23,35.38,0
PWD-AST-0008,2026-07-24,35.3,0
PWD-AST-0008,2026-07-25,35.23,0
PWD-AST-0008,2026-07-26,35.16,0
PWD-AST-0008,2026-07-27,35.08,0
PWD-AST-0008,2026-07-28,35.01,0
PWD-AST-0008,2026-07-29,34.94,0
PWD-AST-0008,2026-07-30,34.87,0
PWD-AST-0008,2026-07-31,64.03,32
PWD-AST-0008,2026-08-01,63.87,0
PWD-AST-0008,2026-08-02,63.71,0
PWD-AST-0008,2026-08-03,63.55,0
PWD-AST-0008,2026-08-04,63.39,0
PWD-AST-0008,2026-08-05,63.23,0
PWD-AST-0008,2026-08-06,63.07,0
PWD-AST-0008,2026-08-07,62.92,0
PWD-AST-0008,2026-08-08,62.76,0
PWD-AST-0008,2026-08-09,62.61,0
PWD-AST-0008,2026-08-10,64.03,20
PWD-AST-0008,2026-08-11,63.87,0
PWD-AST-0008,2026-08-12,63.71,0
PWD-AST-0008,2026-08-13,63.55,0
PWD-AST-0008,2026-08-14,63.39,0
PWD-AST-0008,2026-08-15,63.23,0
PWD-AST-0008,2026-08-16,63.07,0
PWD-AST-0008,2026-08-17,62.92,0
PWD-AST-0008,2026-08-18,62.76,0
PWD-AST-0008,2026-08-19,62.61,0
PWD-AST-0008,2026-08-20,62.45,0
PWD-AST-0008,2026-08-21,62.3,0
PWD-AST-0008,2026-08-22,62.14,0
PWD-AST-0008,2026-08-23,61.99,0
PWD-AST-0008,2026-08-24,61.83,0
PWD-AST-0008,2026-08-25,61.68,0
PWD-AST-0008,2026-08-26,61.87,0
PWD-AST-0008,2026-08-27,61.72,0
PWD-AST-0008,2026-08-28,61.56,0
PWD-AST-0008,2026-08-29,61.41,0
PWD-AST-0008,2026-08-30,61.26,0
PWD-AST-0008,2026-08-31,61.11,0
PWD-AST-0008,2026-09-01,60.96,0
PWD-AST-0008,2026-09-02,60.81,0
PWD-AST-0008,2026-09-03,60.66,0
PWD-AST-0008,2026-09-04,60.51,0
PWD-AST-0008,2026-09-05,60.36,0
PWD-AST-0008,2026-09-06,60.21,0
PWD-AST-0008,2026-09-07,60.06,0
PWD-AST-0008,2026-09-08,59.91,0
PWD-AST-0008,2026-09-09,59.77,0
PWD-AST-0008,2026-09-10,59.62,0
PWD-AST-0008,2026-09-11,59.47,0
PWD-AST-0008,2026-09-12,59.33,0
PWD-AST-0008,2026-09-13,59.41,0
PWD-AST-0008,2026-09-14,59.26,0
PWD-AST-0008,2026-09-15,59.12,0
PWD-AST-0008,2026-09-16,58.97,0
PWD-AST-0008,2026-09-17,58.83,0
PWD-AST-0008,2026-09-18,58.68,0
PWD-AST-0008,2026-09-19,58.54,0
PWD-AST-0008,2026-09-20,58.4,0
PWD-AST-0008,2026-09-21,58.25,0
PWD-AST-0008,2026-09-22,58.11,0
PWD-AST-0008,2026-09-23,57.97,0
PWD-AST-0008,2026-09-24,57.83,0
PWD-AST-0008,2026-09-25,57.69,0
PWD-AST-0009,2026-06-28,49.77,0
PWD-AST-0009,2026-06-29,49.57,0
PWD-AST-0009,2026-06-30,49.37,0
PWD-AST-0009,2026-07-01,49.27,0
PWD-AST-0009,2026-07-02,49.17,0
PWD-AST-0009,2026-07-03,49.07,0
PWD-AST-0009,2026-07-04,48.97,0
PWD-AST-0009,2026-07-05,48.87,0
PWD-AST-0009,2026-07-06,48.77,0
PWD-AST-0009,2026-07-07,48.85,0
PWD-AST-0009,2026-07-08,48.75,0
PWD-AST-0009,2026-07-09,51.0,0
PWD-AST-0009,2026-07-10,50.89,0
PWD-AST-0009,2026-07-11,50.79,0
PWD-AST-0009,2026-07-12,50.68,0
PWD-AST-0009,2026-07-13,50.58,0
PWD-AST-0009,2026-07-14,50.47,0
PWD-AST-0009,2026-07-15,50.37,0
PWD-AST-0009,2026-07-16,50.27,0
PWD-AST-0009,2026-07-17,50.16,0
PWD-AST-0009,2026-07-18,50.06,0
PWD-AST-0009,2026-07-19,49.96,0
PWD-AST-0009,2026-07-20,49.86,0
PWD-AST-0009,2026-07-21,49.75,0
PWD-AST-0009,2026-07-22,49.65,0
PWD-AST-0009,2026-07-23,52.34,0
PWD-AST-0009,2026-07-24,52.23,0
PWD-AST-0009,2026-07-25,52.13,0
PWD-AST-0009,2026-07-26,52.02,0
PWD-AST-0009,2026-07-27,51.91,0
PWD-AST-0009,2026-07-28,51.8,0
PWD-AST-0009,2026-07-29,51.69,0
PWD-AST-0009,2026-07-30,51.58,0
PWD-AST-0009,2026-07-31,93.58,100
PWD-AST-0009,2026-08-01,93.34,0
PWD-AST-0009,2026-08-02,93.11,0
PWD-AST-0009,2026-08-03,92.88,0
PWD-AST-0009,2026-08-04,92.65,0
PWD-AST-0009,2026-08-05,92.42,0
PWD-AST-0009,2026-08-06,92.19,0
PWD-AST-0009,2026-08-07,91.96,0
PWD-AST-0009,2026-08-08,91.73,0
PWD-AST-0009,2026-08-09,91.5,0
PWD-AST-0009,2026-08-10,93.58,34
PWD-AST-0009,2026-08-11,93.34,0
PWD-AST-0009,2026-08-12,93.11,0
PWD-AST-0009,2026-08-13,92.88,0
PWD-AST-0009,2026-08-14,92.65,0
PWD-AST-0009,2026-08-15,92.42,0
PWD-AST-0009,2026-08-16,92.19,0
PWD-AST-0009,2026-08-17,91.96,0
PWD-AST-0009,2026-08-18,91.73,0
PWD-AST-0009,2026-08-19,91.5,0
PWD-AST-0009,2026-08-20,91.27,0
PWD-AST-0009,2026-08-21,91.05,0
PWD-AST-0009,2026-08-22,90.82,0
PWD-AST-0009,2026-08-23,90.6,0
PWD-AST-0009,2026-08-24,90.37,0
PWD-AST-0009,2026-08-25,90.15,0
PWD-AST-0009,2026-08-26,90.47,0
PWD-AST-0009,2026-08-27,90.24,0
PWD-AST-0009,2026-08-28,90.02,0
PWD-AST-0009,2026-08-29,89.8,0
PWD-AST-0009,2026-08-30,89.58,0
PWD-AST-0009,2026-08-31,89.35,0
PWD-AST-0009,2026-09-01,89.13,0
PWD-AST-0009,2026-09-02,88.91,0
PWD-AST-0009,2026-09-03,88.7,0
PWD-AST-0009,2026-09-04,88.48,0
PWD-AST-0009,2026-09-05,88.26,0
PWD-AST-0009,2026-09-06,88.04,0
PWD-AST-0009,2026-09-07,87.82,0
PWD-AST-0009,2026-09-08,87.61,0
PWD-AST-0009,2026-09-09,87.39,0
PWD-AST-0009,2026-09-10,87.18,0
PWD-AST-0009,2026-09-11,86.96,0
PWD-AST-0009,2026-09-12,86.75,0
PWD-AST-0009,2026-09-13,86.89,0
PWD-AST-0009,2026-09-14,86.68,0
PWD-AST-0009,2026-09-15,86.47,0
PWD-AST-0009,2026-09-16,86.26,0
PWD-AST-0009,2026-09-17,86.05,0
PWD-AST-0009,2026-09-18,85.83,0
PWD-AST-0009,2026-09-19,85.62,0
PWD-AST-0009,2026-09-20,85.42,0
PWD-AST-0009,2026-09-21,85.21,0
PWD-AST-0009,2026-09-22,85.0,0
PWD-AST-0009,2026-09-23,84.79,0
PWD-AST-0009,2026-09-24,84.58,0
PWD-AST-0009,2026-09-25,84.38,0
PWD-AST-0010,2026-06-28,36.62,0
PWD-AST-0010,2026-06-29,36.46,0
PWD-AST-0010,2026-06-30,36.3,0
PWD-AST-0010,2026-07-01,36.21,0
PWD-AST-0010,2026-07-02,36.13,0
PWD-AST-0010,2026-07-03,36.04,0
PWD-AST-0010,2026-07-04,35.96,0
PWD-AST-0010,2026-07-05,35.88,0
PWD-AST-0010,2026-07-06,35.79,0
PWD-AST-0010,2026-07-07,35.71,0
PWD-AST-0010,2026-07-08,35.63,0
PWD-AST-0010,2026-07-09,35.54,0
PWD-AST-0010,2026-07-10,35.46,0
PWD-AST-0010,2026-07-11,35.38,0
PWD-AST-0010,2026-07-12,35.3,0
PWD-AST-0010,2026-07-13,35.21,0
PWD-AST-0010,2026-07-14,35.13,0
PWD-AST-0010,2026-07-15,35.05,0
PWD-AST-0010,2026-07-16,34.97,0
PWD-AST-0010,2026-07-17,34.89,0
PWD-AST-0010,2026-07-18,34.81,0
PWD-AST-0010,2026-07-19,34.73,0
PWD-AST-0010,2026-07-20,34.65,0
PWD-AST-0010,2026-07-21,34.57,0
PWD-AST-0010,2026-07-22,34.49,0
PWD-AST-0010,2026-07-23,34.41,0
PWD-AST-0010,2026-07-24,34.33,0
PWD-AST-0010,2026-07-25,34.25,0
PWD-AST-0010,2026-07-26,34.17,0
PWD-AST-0010,2026-07-27,34.09,0
PWD-AST-0010,2026-07-28,34.02,0
PWD-AST-0010,2026-07-29,33.94,0
PWD-AST-0010,2026-07-30,43.9,0
PWD-AST-0010,2026-07-31,43.8,0
PWD-AST-0010,2026-08-01,43.69,0
PWD-AST-0010,2026-08-02,43.58,0
PWD-AST-0010,2026-08-03,43.47,0
PWD-AST-0010,2026-08-04,43.37,0
PWD-AST-0010,2026-08-05,43.26,0
PWD-AST-0010,2026-08-06,43.16,0
PWD-AST-0010,2026-08-07,43.05,0
PWD-AST-0010,2026-08-08,42.95,0
PWD-AST-0010,2026-08-09,42.84,0
PWD-AST-0010,2026-08-10,44.05,0
PWD-AST-0010,2026-08-11,43.94,0
PWD-AST-0010,2026-08-12,43.83,0
PWD-AST-0010,2026-08-13,43.73,0
PWD-AST-0010,2026-08-14,43.62,0
PWD-AST-0010,2026-08-15,43.51,0
PWD-AST-0010,2026-08-16,43.41,0
PWD-AST-0010,2026-08-17,43.3,0
PWD-AST-0010,2026-08-18,43.19,0
PWD-AST-0010,2026-08-19,43.09,0
PWD-AST-0010,2026-08-20,42.98,0
PWD-AST-0010,2026-08-21,42.88,0
PWD-AST-0010,2026-08-22,42.77,0
PWD-AST-0010,2026-08-23,42.67,0
PWD-AST-0010,2026-08-24,42.57,0
PWD-AST-0010,2026-08-25,42.46,0
PWD-AST-0010,2026-08-26,42.36,0
PWD-AST-0010,2026-08-27,42.26,0
PWD-AST-0010,2026-08-28,42.15,0
PWD-AST-0010,2026-08-29,42.05,0
PWD-AST-0010,2026-08-30,41.95,0
PWD-AST-0010,2026-08-31,41.85,0
PWD-AST-0010,2026-09-01,41.74,0
PWD-AST-0010,2026-09-02,41.64,0
PWD-AST-0010,2026-09-03,41.54,0
PWD-AST-0010,2026-09-04,41.44,0
PWD-AST-0010,2026-09-05,41.34,0
PWD-AST-0010,2026-09-06,41.24,0
PWD-AST-0010,2026-09-07,41.14,0
PWD-AST-0010,2026-09-08,41.04,0
PWD-AST-0010,2026-09-09,40.94,0
PWD-AST-0010,2026-09-10,41.1,0
PWD-AST-0010,2026-09-11,43.06,0
PWD-AST-0010,2026-09-12,42.96,0
PWD-AST-0010,2026-09-13,42.85,0
PWD-AST-0010,2026-09-14,42.78,0
PWD-AST-0010,2026-09-15,42.67,0
PWD-AST-0010,2026-09-16,42.57,0
PWD-AST-0010,2026-09-17,42.47,0
PWD-AST-0010,2026-09-18,42.36,0
PWD-AST-0010,2026-09-19,42.26,0
PWD-AST-0010,2026-09-20,42.16,0
PWD-AST-0010,2026-09-21,42.05,0
PWD-AST-0010,2026-09-22,41.95,0
PWD-AST-0010,2026-09-23,41.85,0
PWD-AST-0010,2026-09-24,41.75,0
PWD-AST-0010,2026-09-25,41.65,0
PWD-AST-0011,2026-06-28,9.17,0
PWD-AST-0011,2026-06-29,9.13,0
PWD-AST-0011,2026-06-30,9.09,0
PWD-AST-0011,2026-07-01,9.07,0
PWD-AST-0011,2026-07-02,9.05,0
PWD-AST-0011,2026-07-03,9.03,0
PWD-AST-0011,2026-07-04,9.01,0
PWD-AST-0011,2026-07-05,8.99,0
PWD-AST-0011,2026-07-06,8.97,0
PWD-AST-0011,2026-07-07,8.95,0
PWD-AST-0011,2026-07-08,8.92,0
PWD-AST-0011,2026-07-09,8.9,0
PWD-AST-0011,2026-07-10,8.88,0
PWD-AST-0011,2026-07-11,8.86,0
PWD-AST-0011,2026-07-12,8.84,0
PWD-AST-0011,2026-07-13,8.82,0
PWD-AST-0011,2026-07-14,8.8,0
PWD-AST-0011,2026-07-15,8.78,0
PWD-AST-0011,2026-07-16,8.76,0
PWD-AST-0011,2026-07-17,8.74,0
PWD-AST-0011,2026-07-18,8.72,0
PWD-AST-0011,2026-07-19,8.7,0
PWD-AST-0011,2026-07-20,8.68,0
PWD-AST-0011,2026-07-21,8.66,0
PWD-AST-0011,2026-07-22,8.64,0
PWD-AST-0011,2026-07-23,8.62,0
PWD-AST-0011,2026-07-24,8.6,0
PWD-AST-0011,2026-07-25,8.58,0
PWD-AST-0011,2026-07-26,8.56,0
PWD-AST-0011,2026-07-27,8.54,0
PWD-AST-0011,2026-07-28,8.52,0
PWD-AST-0011,2026-07-29,8.5,0
PWD-AST-0011,2026-07-30,11.16,0
PWD-AST-0011,2026-07-31,11.13,0
PWD-AST-0011,2026-08-01,11.1,0
PWD-AST-0011,2026-08-02,11.08,0
PWD-AST-0011,2026-08-03,11.05,0
PWD-AST-0011,2026-08-04,11.02,0
PWD-AST-0011,2026-08-05,10.99,0
PWD-AST-0011,2026-08-06,10.97,0
PWD-AST-0011,2026-08-07,10.94,0
PWD-AST-0011,2026-08-08,10.91,0
PWD-AST-0011,2026-08-09,10.89,0
PWD-AST-0011,2026-08-10,11.21,0
PWD-AST-0011,2026-08-11,11.18,0
PWD-AST-0011,2026-08-12,11.15,0
PWD-AST-0011,2026-08-13,11.13,0
PWD-AST-0011,2026-08-14,11.1,0
PWD-AST-0011,2026-08-15,11.07,0
PWD-AST-0011,2026-08-16,11.05,0
PWD-AST-0011,2026-08-17,11.02,0
PWD-AST-0011,2026-08-18,10.99,0
PWD-AST-0011,2026-08-19,10.96,0
PWD-AST-0011,2026-08-20,10.94,0
PWD-AST-0011,2026-08-21,10.91,0
PWD-AST-0011,2026-08-22,10.88,0
PWD-AST-0011,2026-08-23,10.86,0
PWD-AST-0011,2026-08-24,10.83,0
PWD-AST-0011,2026-08-25,10.8,0
PWD-AST-0011,2026-08-26,10.78,0
PWD-AST-0011,2026-08-27,10.75,0
PWD-AST-0011,2026-08-28,10.73,0
PWD-AST-0011,2026-08-29,10.7,0
PWD-AST-0011,2026-08-30,10.67,0
PWD-AST-0011,2026-08-31,10.65,0
PWD-AST-0011,2026-09-01,10.62,0
PWD-AST-0011,2026-09-02,10.6,0
PWD-AST-0011,2026-09-03,10.57,0
PWD-AST-0011,2026-09-04,10.54,0
PWD-AST-0011,2026-09-05,10.52,0
PWD-AST-0011,2026-09-06,10.49,0
PWD-AST-0011,2026-09-07,10.47,0
PWD-AST-0011,2026-09-08,10.44,0
PWD-AST-0011,2026-09-09,10.42,0
PWD-AST-0011,2026-09-10,10.46,0
PWD-AST-0011,2026-09-11,10.98,0
PWD-AST-0011,2026-09-12,10.96,0
PWD-AST-0011,2026-09-13,10.93,0
PWD-AST-0011,2026-09-14,10.91,0
PWD-AST-0011,2026-09-15,10.88,0
PWD-AST-0011,2026-09-16,10.86,0
PWD-AST-0011,2026-09-17,10.83,0
PWD-AST-0011,2026-09-18,10.8,0
PWD-AST-0011,2026-09-19,10.78,0
PWD-AST-0011,2026-09-20,10.75,0
PWD-AST-0011,2026-09-21,10.73,0
PWD-AST-0011,2026-09-22,10.7,0
PWD-AST-0011,2026-09-23,10.67,0
PWD-AST-0011,2026-09-24,10.65,0
PWD-AST-0011,2026-09-25,10.62,0
PWD-AST-0012,2026-06-28,25.0,0
PWD-AST-0012,2026-06-29,24.9,0
PWD-AST-0012,2026-06-30,24.79,0
PWD-AST-0012,2026-07-01,24.74,0
PWD-AST-0012,2026-07-02,24.68,0
PWD-AST-0012,2026-07-03,24.63,0
PWD-AST-0012,2026-07-04,24.57,0
PWD-AST-0012,2026-07-05,24.52,0
PWD-AST-0012,2026-07-06,24.47,0
PWD-AST-0012,2026-07-07,24.41,0
PWD-AST-0012,2026-07-08,24.36,0
PWD-AST-0012,2026-07-09,24.37,0
PWD-AST-0012,2026-07-10,24.31,0
PWD-AST-0012,2026-07-11,24.26,0
PWD-AST-0012,2026-07-12,24.21,0
PWD-AST-0012,2026-07-13,24.15,0
PWD-AST-0012,2026-07-14,24.1,0
PWD-AST-0012,2026-07-15,24.05,0
PWD-AST-0012,2026-07-16,24.0,0
PWD-AST-0012,2026-07-17,23.95,0
PWD-AST-0012,2026-07-18,23.89,0
PWD-AST-0012,2026-07-19,23.84,0
PWD-AST-0012,2026-07-20,23.79,0
PWD-AST-0012,2026-07-21,23.74,0
PWD-AST-0012,2026-07-22,23.69,0
PWD-AST-0012,2026-07-23,23.64,0
PWD-AST-0012,2026-07-24,23.59,0
PWD-AST-0012,2026-07-25,23.54,0
PWD-AST-0012,2026-07-26,23.48,0
PWD-AST-0012,2026-07-27,23.43,0
PWD-AST-0012,2026-07-28,23.38,0
PWD-AST-0012,2026-07-29,23.33,0
PWD-AST-0012,2026-07-30,23.28,0
PWD-AST-0012,2026-07-31,23.23,0
PWD-AST-0012,2026-08-01,23.18,0
PWD-AST-0012,2026-08-02,23.13,0
PWD-AST-0012,2026-08-03,23.09,0
PWD-AST-0012,2026-08-04,23.04,0
PWD-AST-0012,2026-08-05,25.18,0
PWD-AST-0012,2026-08-06,25.13,0
PWD-AST-0012,2026-08-07,25.07,0
PWD-AST-0012,2026-08-08,25.02,0
PWD-AST-0012,2026-08-09,24.96,0
PWD-AST-0012,2026-08-10,24.91,0
PWD-AST-0012,2026-08-11,24.85,0
PWD-AST-0012,2026-08-12,24.8,0
PWD-AST-0012,2026-08-13,24.74,0
PWD-AST-0012,2026-08-14,24.69,0
PWD-AST-0012,2026-08-15,24.64,0
PWD-AST-0012,2026-08-16,30.16,0
PWD-AST-0012,2026-08-17,30.09,0
PWD-AST-0012,2026-08-18,30.02,0
PWD-AST-0012,2026-08-19,29.95,0
PWD-AST-0012,2026-08-20,29.88,0
PWD-AST-0012,2026-08-21,32.66,0
PWD-AST-0012,2026-08-22,32.58,0
PWD-AST-0012,2026-08-23,32.5,0
PWD-AST-0012,2026-08-24,32.42,0
PWD-AST-0012,2026-08-25,32.35,0
PWD-AST-0012,2026-08-26,33.56,0
PWD-AST-0012,2026-08-27,33.48,0
PWD-AST-0012,2026-08-28,35.6,0
PWD-AST-0012,2026-08-29,35.51,0
PWD-AST-0012,2026-08-30,35.42,0
PWD-AST-0012,2026-08-31,35.34,0
PWD-AST-0012,2026-09-01,35.25,0
PWD-AST-0012,2026-09-02,35.17,0
PWD-AST-0012,2026-09-03,35.08,0
PWD-AST-0012,2026-09-04,34.99,0
PWD-AST-0012,2026-09-05,34.91,0
PWD-AST-0012,2026-09-06,34.82,0
PWD-AST-0012,2026-09-07,34.74,0
PWD-AST-0012,2026-09-08,34.66,0
PWD-AST-0012,2026-09-09,34.57,0
PWD-AST-0012,2026-09-10,36.8,0
PWD-AST-0012,2026-09-11,39.4,87
PWD-AST-0012,2026-09-12,39.3,0
PWD-AST-0012,2026-09-13,39.4,48
PWD-AST-0012,2026-09-14,39.3,0
PWD-AST-0012,2026-09-15,39.2,0
PWD-AST-0012,2026-09-16,39.11,0
PWD-AST-0012,2026-09-17,39.01,0
PWD-AST-0012,2026-09-18,38.91,0
PWD-AST-0012,2026-09-19,38.82,0
PWD-AST-0012,2026-09-20,38.72,0
PWD-AST-0012,2026-09-21,38.62,0
PWD-AST-0012,2026-09-22,38.53,0
PWD-AST-0012,2026-09-23,38.43,0
PWD-AST-0012,2026-09-24,38.34,0
PWD-AST-0012,2026-09-25,38.24,0
PWD-AST-0013,2026-06-28,13.94,0
PWD-AST-0013,2026-06-29,13.88,0
PWD-AST-0013,2026-06-30,13.82,0
PWD-AST-0013,2026-07-01,13.95,0
PWD-AST-0013,2026-07-02,13.92,0
PWD-AST-0013,2026-07-03,13.89,0
PWD-AST-0013,2026-07-04,13.86,0
PWD-AST-0013,2026-07-05,13.83,0
PWD-AST-0013,2026-07-06,13.8,0
PWD-AST-0013,2026-07-07,13.77,0
PWD-AST-0013,2026-07-08,13.74,0
PWD-AST-0013,2026-07-09,13.82,0
PWD-AST-0013,2026-07-10,13.79,0
PWD-AST-0013,2026-07-11,13.76,0
PWD-AST-0013,2026-07-12,13.73,0
PWD-AST-0013,2026-07-13,13.7,0
PWD-AST-0013,2026-07-14,13.67,0
PWD-AST-0013,2026-07-15,13.64,0
PWD-AST-0013,2026-07-16,13.61,0
PWD-AST-0013,2026-07-17,13.58,0
PWD-AST-0013,2026-07-18,13.55,0
PWD-AST-0013,2026-07-19,13.52,0
PWD-AST-0013,2026-07-20,13.49,0
PWD-AST-0013,2026-07-21,13.46,0
PWD-AST-0013,2026-07-22,13.43,0
PWD-AST-0013,2026-07-23,13.4,0
PWD-AST-0013,2026-07-24,13.37,0
PWD-AST-0013,2026-07-25,13.34,0
PWD-AST-0013,2026-07-26,13.32,0
PWD-AST-0013,2026-07-27,13.29,0
PWD-AST-0013,2026-07-28,13.26,0
PWD-AST-0013,2026-07-29,13.23,0
PWD-AST-0013,2026-07-30,21.67,28
PWD-AST-0013,2026-07-31,21.62,0
PWD-AST-0013,2026-08-01,21.56,0
PWD-AST-0013,2026-08-02,21.51,0
PWD-AST-0013,2026-08-03,21.45,0
PWD-AST-0013,2026-08-04,21.4,0
PWD-AST-0013,2026-08-05,21.35,0
PWD-AST-0013,2026-08-06,21.3,0
PWD-AST-0013,2026-08-07,21.24,0
PWD-AST-0013,2026-08-08,21.19,0
PWD-AST-0013,2026-08-09,21.67,81
PWD-AST-0013,2026-08-10,21.65,0
PWD-AST-0013,2026-08-11,21.6,0
PWD-AST-0013,2026-08-12,21.55,0
PWD-AST-0013,2026-08-13,21.49,0
PWD-AST-0013,2026-08-14,21.44,0
PWD-AST-0013,2026-08-15,21.38,0
PWD-AST-0013,2026-08-16,21.33,0
PWD-AST-0013,2026-08-17,21.28,0
PWD-AST-0013,2026-08-18,21.23,0
PWD-AST-0013,2026-08-19,21.17,0
PWD-AST-0013,2026-08-20,21.12,0
PWD-AST-0013,2026-08-21,21.07,0
PWD-AST-0013,2026-08-22,21.02,0
PWD-AST-0013,2026-08-23,20.96,0
PWD-AST-0013,2026-08-24,20.91,0
PWD-AST-0013,2026-08-25,20.86,0
PWD-AST-0013,2026-08-26,21.67,129
PWD-AST-0013,2026-08-27,21.62,0
PWD-AST-0013,2026-08-28,21.67,11
PWD-AST-0013,2026-08-29,21.62,0
PWD-AST-0013,2026-08-30,21.56,0
PWD-AST-0013,2026-08-31,21.51,0
PWD-AST-0013,2026-09-01,21.45,0
PWD-AST-0013,2026-09-02,21.4,0
PWD-AST-0013,2026-09-03,21.35,0
PWD-AST-0013,2026-09-04,21.3,0
PWD-AST-0013,2026-09-05,21.24,0
PWD-AST-0013,2026-09-06,21.19,0
PWD-AST-0013,2026-09-07,21.14,0
PWD-AST-0013,2026-09-08,21.08,0
PWD-AST-0013,2026-09-09,21.03,0
PWD-AST-0013,2026-09-10,21.67,9
PWD-AST-0013,2026-09-11,21.67,1
PWD-AST-0013,2026-09-12,21.62,0
PWD-AST-0013,2026-09-13,21.56,0
PWD-AST-0013,2026-09-14,21.51,0
PWD-AST-0013,2026-09-15,21.45,0
PWD-AST-0013,2026-09-16,21.4,0
PWD-AST-0013,2026-09-17,21.35,0
PWD-AST-0013,2026-09-18,21.3,0
PWD-AST-0013,2026-09-19,21.24,0
PWD-AST-0013,2026-09-20,21.19,0
PWD-AST-0013,2026-09-21,21.14,0
PWD-AST-0013,2026-09-22,21.08,0
PWD-AST-0013,2026-09-23,21.03,0
PWD-AST-0013,2026-09-24,20.98,0
PWD-AST-0013,2026-09-25,20.93,0
PWD-AST-0083,2026-06-28,1163.9,72
PWD-AST-0083,2026-06-29,1155.2,71
PWD-AST-0083,2026-06-30,1146.6,71
PWD-AST-0083,2026-07-01,1139.1,70
PWD-AST-0083,2026-07-02,1131.7,70
PWD-AST-0083,2026-07-03,1124.4,69
PWD-AST-0083,2026-07-04,1117.1,69
PWD-AST-0083,2026-07-05,1109.9,68
PWD-AST-0083,2026-07-06,1102.7,68
PWD-AST-0083,2026-07-07,1095.5,67
PWD-AST-0083,2026-07-08,1088.4,67
PWD-AST-0083,2026-07-09,1377.0,85
PWD-AST-0083,2026-07-10,1368.0,84
PWD-AST-0083,2026-07-11,1359.2,84
PWD-AST-0083,2026-07-12,1350.3,83
PWD-AST-0083,2026-07-13,1341.6,83
PWD-AST-0083,2026-07-14,1332.9,82
PWD-AST-0083,2026-07-15,1324.2,82
PWD-AST-0083,2026-07-16,1315.6,81
PWD-AST-0083,2026-07-17,1307.1,81
PWD-AST-0083,2026-07-18,1298.6,80
PWD-AST-0083,2026-07-19,1290.2,79
PWD-AST-0083,2026-07-20,1281.8,79
PWD-AST-0083,2026-07-21,1273.5,78
PWD-AST-0083,2026-07-22,1265.3,78
PWD-AST-0083,2026-07-23,1257.0,77
PWD-AST-0083,2026-07-24,1248.9,77
PWD-AST-0083,2026-07-25,1240.8,76
PWD-AST-0083,2026-07-26,1232.7,76
PWD-AST-0083,2026-07-27,1224.7,75
PWD-AST-0083,2026-07-28,1216.8,75
PWD-AST-0083,2026-07-29,1208.9,74
PWD-AST-0083,2026-07-30,1484.0,91
PWD-AST-0083,2026-07-31,1524.3,94
PWD-AST-0083,2026-08-01,1514.4,93
PWD-AST-0083,2026-08-02,1504.5,93
PWD-AST-0083,2026-08-03,1494.8,92
PWD-AST-0083,2026-08-04,1485.1,91
PWD-AST-0083,2026-08-05,1527.5,94
PWD-AST-0083,2026-08-06,1517.6,93
PWD-AST-0083,2026-08-07,1507.7,93
PWD-AST-0083,2026-08-08,1498.0,92
PWD-AST-0083,2026-08-09,1691.4,104
PWD-AST-0083,2026-08-10,1680.5,104
PWD-AST-0083,2026-08-11,1669.5,103
PWD-AST-0083,2026-08-12,1658.7,102
PWD-AST-0083,2026-08-13,1648.0,102
PWD-AST-0083,2026-08-14,1637.3,101
PWD-AST-0083,2026-08-15,1626.6,100
PWD-AST-0083,2026-08-16,1641.2,101
PWD-AST-0083,2026-08-17,1630.5,100
PWD-AST-0083,2026-08-18,1619.9,100
PWD-AST-0083,2026-08-19,1609.4,99
PWD-AST-0083,2026-08-20,1599.0,98
PWD-AST-0083,2026-08-21,1615.6,100
PWD-AST-0083,2026-08-22,1605.1,99
PWD-AST-0083,2026-08-23,1594.7,98
PWD-AST-0083,2026-08-24,1584.3,98
PWD-AST-0083,2026-08-25,1574.1,97
PWD-AST-0083,2026-08-26,1679.2,103
PWD-AST-0083,2026-08-27,1668.3,103
PWD-AST-0083,2026-08-28,1663.9,102
PWD-AST-0083,2026-08-29,1653.1,102
PWD-AST-0083,2026-08-30,1642.4,101
PWD-AST-0083,2026-08-31,1631.8,101
PWD-AST-0083,2026-09-01,1621.2,100
PWD-AST-0083,2026-09-02,1610.7,99
PWD-AST-0083,2026-09-03,1600.2,99
PWD-AST-0083,2026-09-04,1589.8,98
PWD-AST-0083,2026-09-05,1579.5,97
PWD-AST-0083,2026-09-06,1569.3,97
PWD-AST-0083,2026-09-07,1559.1,96
PWD-AST-0083,2026-09-08,1549.0,95
PWD-AST-0083,2026-09-09,1538.9,95
PWD-AST-0083,2026-09-10,1571.9,97
PWD-AST-0083,2026-09-11,1644.8,101
PWD-AST-0083,2026-09-12,1634.1,101
PWD-AST-0083,2026-09-13,1644.3,101
PWD-AST-0083,2026-09-14,1633.7,101
PWD-AST-0083,2026-09-15,1623.1,100
PWD-AST-0083,2026-09-16,1612.5,99
PWD-AST-0083,2026-09-17,1602.1,99
PWD-AST-0083,2026-09-18,1591.7,98
PWD-AST-0083,2026-09-19,1581.4,97
PWD-AST-0083,2026-09-20,1571.1,97
PWD-AST-0083,2026-09-21,1560.9,96
PWD-AST-0083,2026-09-22,1550.8,96
PWD-AST-0083,2026-09-23,1540.7,95
PWD-AST-0083,2026-09-24,1530.7,94
PWD-AST-0083,2026-09-25,1520.8,94
PWD-AST-0084,2026-06-28,1255.7,66
PWD-AST-0084,2026-06-29,1247.3,65
PWD-AST-0084,2026-06-30,1239.0,65
PWD-AST-0084,2026-07-01,1232.0,64
PWD-AST-0084,2026-07-02,1225.0,64
PWD-AST-0084,2026-07-03,1218.0,64
PWD-AST-0084,2026-07-04,1211.1,63
PWD-AST-0084,2026-07-05,1204.2,63
PWD-AST-0084,2026-07-06,1197.4,62
PWD-AST-0084,2026-07-07,1190.6,62
PWD-AST-0084,2026-07-08,1183.8,62
PWD-AST-0084,2026-07-09,1494.3,78
PWD-AST-0084,2026-07-10,1485.8,78
PWD-AST-0084,2026-07-11,1477.4,77
PWD-AST-0084,2026-07-12,1469.0,77
PWD-AST-0084,2026-07-13,1460.6,76
PWD-AST-0084,2026-07-14,1452.3,76
PWD-AST-0084,2026-07-15,1444.1,75
PWD-AST-0084,2026-07-16,1435.9,75
PWD-AST-0084,2026-07-17,1427.7,74
PWD-AST-0084,2026-07-18,1419.6,74
PWD-AST-0084,2026-07-19,1411.5,74
PWD-AST-0084,2026-07-20,1403.5,73
PWD-AST-0084,2026-07-21,1395.5,73
PWD-AST-0084,2026-07-22,1387.6,72
PWD-AST-0084,2026-07-23,1379.7,72
PWD-AST-0084,2026-07-24,1371.9,72
PWD-AST-0084,2026-07-25,1364.1,71
PWD-AST-0084,2026-07-26,1356.3,71
PWD-AST-0084,2026-07-27,1348.6,70
PWD-AST-0084,2026-07-28,1341.0,70
PWD-AST-0084,2026-07-29,1333.3,70
PWD-AST-0084,2026-07-30,1629.3,85
PWD-AST-0084,2026-07-31,1673.8,86
PWD-AST-0084,2026-08-01,1664.4,86
PWD-AST-0084,2026-08-02,1655.0,86
PWD-AST-0084,2026-08-03,1645.6,86
PWD-AST-0084,2026-08-04,1636.2,85
PWD-AST-0084,2026-08-05,1683.0,86
PWD-AST-0084,2026-08-06,1673.5,86
PWD-AST-0084,2026-08-07,1664.1,86
PWD-AST-0084,2026-08-08,1654.7,86
PWD-AST-0084,2026-08-09,1864.3,86
PWD-AST-0084,2026-08-10,1854.7,86
PWD-AST-0084,2026-08-11,1845.1,86
PWD-AST-0084,2026-08-12,1835.5,86
PWD-AST-0084,2026-08-13,1825.8,86
PWD-AST-0084,2026-08-14,1816.3,86
PWD-AST-0084,2026-08-15,1806.7,86
PWD-AST-0084,2026-08-16,1824.1,86
PWD-AST-0084,2026-08-17,1814.5,86
PWD-AST-0084,2026-08-18,1805.0,86
PWD-AST-0084,2026-08-19,1795.4,86
PWD-AST-0084,2026-08-20,1785.8,86
PWD-AST-0084,2026-08-21,1805.3,86
PWD-AST-0084,2026-08-22,1795.8,86
PWD-AST-0084,2026-08-23,1786.2,86
PWD-AST-0084,2026-08-24,1776.7,86
PWD-AST-0084,2026-08-25,1767.1,86
PWD-AST-0084,2026-08-26,1881.9,86
PWD-AST-0084,2026-08-27,1872.2,86
PWD-AST-0084,2026-08-28,1869.6,86
PWD-AST-0084,2026-08-29,1859.9,86
PWD-AST-0084,2026-08-30,1850.3,86
PWD-AST-0084,2026-08-31,1840.7,86
PWD-AST-0084,2026-09-01,1831.1,86
PWD-AST-0084,2026-09-02,1821.5,86
PWD-AST-0084,2026-09-03,1811.9,86
PWD-AST-0084,2026-09-04,1802.3,86
PWD-AST-0084,2026-09-05,1792.7,86
PWD-AST-0084,2026-09-06,1783.2,86
PWD-AST-0084,2026-09-07,1773.6,86
PWD-AST-0084,2026-09-08,1764.1,86
PWD-AST-0084,2026-09-09,1754.6,86
PWD-AST-0084,2026-09-10,1791.4,86
PWD-AST-0084,2026-09-11,1871.4,86
PWD-AST-0084,2026-09-12,1861.7,86
PWD-AST-0084,2026-09-13,1874.5,86
PWD-AST-0084,2026-09-14,1864.9,86
PWD-AST-0084,2026-09-15,1855.2,86
PWD-AST-0084,2026-09-16,1845.6,86
PWD-AST-0084,2026-09-17,1836.0,86
PWD-AST-0084,2026-09-18,1826.4,86
PWD-AST-0084,2026-09-19,1816.8,86
PWD-AST-0084,2026-09-20,1807.2,86
PWD-AST-0084,2026-09-21,1797.6,86
PWD-AST-0084,2026-09-22,1788.0,86
PWD-AST-0084,2026-09-23,1778.5,86
PWD-AST-0084,2026-09-24,1768.9,86
PWD-AST-0084,2026-09-25,1759.4,86
PWD-AST-0085,2026-06-28,1130.1,65
PWD-AST-0085,2026-06-29,1122.0,65
PWD-AST-0085,2026-06-30,1114.0,64
PWD-AST-0085,2026-07-01,1107.1,64
PWD-AST-0085,2026-07-02,1100.3,64
PWD-AST-0085,2026-07-03,1093.5,63
PWD-AST-0085,2026-07-04,1086.8,63
PWD-AST-0085,2026-07-05,1080.1,62
PWD-AST-0085,2026-07-06,1073.4,62
PWD-AST-0085,2026-07-07,1066.8,62
PWD-AST-0085,2026-07-08,1060.2,61
PWD-AST-0085,2026-07-09,1365.4,79
PWD-AST-0085,2026-07-10,1357.0,78
PWD-AST-0085,2026-07-11,1348.7,78
PWD-AST-0085,2026-07-12,1340.3,77
PWD-AST-0085,2026-07-13,1332.1,77
PWD-AST-0085,2026-07-14,1323.9,76
PWD-AST-0085,2026-07-15,1315.7,76
PWD-AST-0085,2026-07-16,1307.6,76
PWD-AST-0085,2026-07-17,1299.6,75
PWD-AST-0085,2026-07-18,1291.6,75
PWD-AST-0085,2026-07-19,1283.6,74
PWD-AST-0085,2026-07-20,1275.7,74
PWD-AST-0085,2026-07-21,1267.8,73
PWD-AST-0085,2026-07-22,1260.0,73
PWD-AST-0085,2026-07-23,1252.3,72
PWD-AST-0085,2026-07-24,1244.5,72
PWD-AST-0085,2026-07-25,1236.9,71
PWD-AST-0085,2026-07-26,1229.3,71
PWD-AST-0085,2026-07-27,1221.7,71
PWD-AST-0085,2026-07-28,1214.2,70
PWD-AST-0085,2026-07-29,1206.7,70
PWD-AST-0085,2026-07-30,1497.5,87
PWD-AST-0085,2026-07-31,1541.0,89
PWD-AST-0085,2026-08-01,1531.5,88
PWD-AST-0085,2026-08-02,1522.0,88
PWD-AST-0085,2026-08-03,1512.7,87
PWD-AST-0085,2026-08-04,1503.3,87
PWD-AST-0085,2026-08-05,1548.9,89
PWD-AST-0085,2026-08-06,1539.4,89
PWD-AST-0085,2026-08-07,1529.9,88
PWD-AST-0085,2026-08-08,1520.5,88
PWD-AST-0085,2026-08-09,1726.0,93
PWD-AST-0085,2026-08-10,1715.9,93
PWD-AST-0085,2026-08-11,1705.8,93
PWD-AST-0085,2026-08-12,1695.7,93
PWD-AST-0085,2026-08-13,1685.7,93
PWD-AST-0085,2026-08-14,1675.6,93
PWD-AST-0085,2026-08-15,1665.6,93
PWD-AST-0085,2026-08-16,1682.1,93
PWD-AST-0085,2026-08-17,1672.1,93
PWD-AST-0085,2026-08-18,1662.1,93
PWD-AST-0085,2026-08-19,1652.0,93
PWD-AST-0085,2026-08-20,1642.0,93
PWD-AST-0085,2026-08-21,1660.6,93
PWD-AST-0085,2026-08-22,1650.6,93
PWD-AST-0085,2026-08-23,1640.6,93
PWD-AST-0085,2026-08-24,1630.6,93
PWD-AST-0085,2026-08-25,1620.6,93
PWD-AST-0085,2026-08-26,1732.9,93
PWD-AST-0085,2026-08-27,1722.8,93
PWD-AST-0085,2026-08-28,1719.5,93
PWD-AST-0085,2026-08-29,1709.4,93
PWD-AST-0085,2026-08-30,1699.4,93
PWD-AST-0085,2026-08-31,1689.3,93
PWD-AST-0085,2026-09-01,1679.3,93
PWD-AST-0085,2026-09-02,1669.2,93
PWD-AST-0085,2026-09-03,1659.2,93
PWD-AST-0085,2026-09-04,1649.2,93
PWD-AST-0085,2026-09-05,1639.2,93
PWD-AST-0085,2026-09-06,1629.2,93
PWD-AST-0085,2026-09-07,1619.2,93
PWD-AST-0085,2026-09-08,1609.2,93
PWD-AST-0085,2026-09-09,1599.3,92
PWD-AST-0085,2026-09-10,1634.9,93
PWD-AST-0085,2026-09-11,1713.0,93
PWD-AST-0085,2026-09-12,1702.9,93
PWD-AST-0085,2026-09-13,1714.9,93
PWD-AST-0085,2026-09-14,1704.8,93
PWD-AST-0085,2026-09-15,1694.7,93
PWD-AST-0085,2026-09-16,1684.7,93
PWD-AST-0085,2026-09-17,1674.6,93
PWD-AST-0085,2026-09-18,1664.6,93
PWD-AST-0085,2026-09-19,1654.6,93
PWD-AST-0085,2026-09-20,1644.6,93
PWD-AST-0085,2026-09-21,1634.6,93
PWD-AST-0085,2026-09-22,1624.6,93
PWD-AST-0085,2026-09-23,1614.6,93
PWD-AST-0085,2026-09-24,1604.7,93
PWD-AST-0085,2026-09-25,1594.8,92
PWD-AST-0086,2026-06-28,278.9,21
PWD-AST-0086,2026-06-29,276.5,21
PWD-AST-0086,2026-06-30,274.1,21
PWD-AST-0086,2026-07-01,272.0,21
PWD-AST-0086,2026-07-02,269.9,21
PWD-AST-0086,2026-07-03,267.8,20
PWD-AST-0086,2026-07-04,265.7,20
PWD-AST-0086,2026-07-05,263.7,20
PWD-AST-0086,2026-07-06,261.7,20
PWD-AST-0086,2026-07-07,259.6,20
PWD-AST-0086,2026-07-08,257.6,20
PWD-AST-0086,2026-07-09,344.6,26
PWD-AST-0086,2026-07-10,342.0,26
PWD-AST-0086,2026-07-11,339.3,26
PWD-AST-0086,2026-07-12,336.7,26
PWD-AST-0086,2026-07-13,334.1,25
PWD-AST-0086,2026-07-14,331.5,25
PWD-AST-0086,2026-07-15,329.0,25
PWD-AST-0086,2026-07-16,326.4,25
PWD-AST-0086,2026-07-17,323.9,25
PWD-AST-0086,2026-07-18,321.4,24
PWD-AST-0086,2026-07-19,318.9,24
PWD-AST-0086,2026-07-20,316.5,24
PWD-AST-0086,2026-07-21,314.0,24
PWD-AST-0086,2026-07-22,311.6,24
PWD-AST-0086,2026-07-23,309.2,24
PWD-AST-0086,2026-07-24,306.8,23
PWD-AST-0086,2026-07-25,304.5,23
PWD-AST-0086,2026-07-26,302.1,23
PWD-AST-0086,2026-07-27,299.8,23
PWD-AST-0086,2026-07-28,297.5,23
PWD-AST-0086,2026-07-29,295.2,22
PWD-AST-0086,2026-07-30,378.1,29
PWD-AST-0086,2026-07-31,390.2,30
PWD-AST-0086,2026-08-01,387.2,29
PWD-AST-0086,2026-08-02,384.2,29
PWD-AST-0086,2026-08-03,381.2,29
PWD-AST-0086,2026-08-04,378.3,29
PWD-AST-0086,2026-08-05,391.0,30
PWD-AST-0086,2026-08-06,388.0,29
PWD-AST-0086,2026-08-07,385.0,29
PWD-AST-0086,2026-08-08,382.0,29
PWD-AST-0086,2026-08-09,440.2,33
PWD-AST-0086,2026-08-10,436.8,33
PWD-AST-0086,2026-08-11,433.5,33
PWD-AST-0086,2026-08-12,430.1,33
PWD-AST-0086,2026-08-13,426.8,32
PWD-AST-0086,2026-08-14,423.5,32
PWD-AST-0086,2026-08-15,420.2,32
PWD-AST-0086,2026-08-16,424.6,32
PWD-AST-0086,2026-08-17,421.3,32
PWD-AST-0086,2026-08-18,418.0,32
PWD-AST-0086,2026-08-19,414.8,32
PWD-AST-0086,2026-08-20,411.6,31
PWD-AST-0086,2026-08-21,416.5,32
PWD-AST-0086,2026-08-22,413.3,31
PWD-AST-0086,2026-08-23,410.1,31
PWD-AST-0086,2026-08-24,407.0,31
PWD-AST-0086,2026-08-25,403.8,31
PWD-AST-0086,2026-08-26,435.4,33
PWD-AST-0086,2026-08-27,432.1,33
PWD-AST-0086,2026-08-28,430.7,33
PWD-AST-0086,2026-08-29,427.4,32
PWD-AST-0086,2026-08-30,424.1,32
PWD-AST-0086,2026-08-31,420.8,32
PWD-AST-0086,2026-09-01,417.5,32
PWD-AST-0086,2026-09-02,414.3,31
PWD-AST-0086,2026-09-03,411.1,31
PWD-AST-0086,2026-09-04,407.9,31
PWD-AST-0086,2026-09-05,404.8,31
PWD-AST-0086,2026-09-06,401.7,31
PWD-AST-0086,2026-09-07,398.6,30
PWD-AST-0086,2026-09-08,395.5,30
PWD-AST-0086,2026-09-09,392.4,30
PWD-AST-0086,2026-09-10,402.4,31
PWD-AST-0086,2026-09-11,424.3,32
PWD-AST-0086,2026-09-12,421.0,32
PWD-AST-0086,2026-09-13,424.0,32
PWD-AST-0086,2026-09-14,420.7,32
PWD-AST-0086,2026-09-15,417.5,32
PWD-AST-0086,2026-09-16,414.3,31
PWD-AST-0086,2026-09-17,411.1,31
PWD-AST-0086,2026-09-18,407.9,31
PWD-AST-0086,2026-09-19,404.7,31
PWD-AST-0086,2026-09-20,401.6,31
PWD-AST-0086,2026-09-21,398.5,30
PWD-AST-0086,2026-09-22,395.4,30
PWD-AST-0086,2026-09-23,392.4,30
PWD-AST-0086,2026-09-24,389.4,30
PWD-AST-0086,2026-09-25,386.3,29
PWD-AST-0087,2026-06-28,179.9,10
PWD-AST-0087,2026-06-29,178.7,10
PWD-AST-0087,2026-06-30,177.4,10
PWD-AST-0087,2026-07-01,176.4,10
PWD-AST-0087,2026-07-02,175.3,10
PWD-AST-0087,2026-07-03,174.3,10
PWD-AST-0087,2026-07-04,173.3,10
PWD-AST-0087,2026-07-05,172.2,10
PWD-AST-0087,2026-07-06,171.2,9
PWD-AST-0087,2026-07-07,170.2,9
PWD-AST-0087,2026-07-08,169.2,9
PWD-AST-0087,2026-07-09,213.9,12
PWD-AST-0087,2026-07-10,212.6,12
PWD-AST-0087,2026-07-11,211.4,12
PWD-AST-0087,2026-07-12,210.1,12
PWD-AST-0087,2026-07-13,208.9,12
PWD-AST-0087,2026-07-14,207.6,11
PWD-AST-0087,2026-07-15,206.4,11
PWD-AST-0087,2026-07-16,205.2,11
PWD-AST-0087,2026-07-17,203.9,11
PWD-AST-0087,2026-07-18,202.7,11
PWD-AST-0087,2026-07-19,201.5,11
PWD-AST-0087,2026-07-20,200.3,11
PWD-AST-0087,2026-07-21,199.1,11
PWD-AST-0087,2026-07-22,197.9,11
PWD-AST-0087,2026-07-23,196.8,11
PWD-AST-0087,2026-07-24,195.6,11
PWD-AST-0087,2026-07-25,194.4,11
PWD-AST-0087,2026-07-26,193.3,11
PWD-AST-0087,2026-07-27,192.1,11
PWD-AST-0087,2026-07-28,191.0,11
PWD-AST-0087,2026-07-29,189.9,10
PWD-AST-0087,2026-07-30,232.5,13
PWD-AST-0087,2026-07-31,238.8,13
PWD-AST-0087,2026-08-01,237.4,13
PWD-AST-0087,2026-08-02,236.0,13
PWD-AST-0087,2026-08-03,234.6,13
PWD-AST-0087,2026-08-04,233.2,13
PWD-AST-0087,2026-08-05,239.9,13
PWD-AST-0087,2026-08-06,238.4,13
PWD-AST-0087,2026-08-07,237.0,13
PWD-AST-0087,2026-08-08,235.6,13
PWD-AST-0087,2026-08-09,265.7,14
PWD-AST-0087,2026-08-10,264.2,14
PWD-AST-0087,2026-08-11,262.7,14
PWD-AST-0087,2026-08-12,261.2,14
PWD-AST-0087,2026-08-13,259.7,14
PWD-AST-0087,2026-08-14,258.2,14
PWD-AST-0087,2026-08-15,256.7,14
PWD-AST-0087,2026-08-16,259.1,14
PWD-AST-0087,2026-08-17,257.6,14
PWD-AST-0087,2026-08-18,256.1,14
PWD-AST-0087,2026-08-19,254.6,14
PWD-AST-0087,2026-08-20,253.1,14
PWD-AST-0087,2026-08-21,255.8,14
PWD-AST-0087,2026-08-22,254.3,14
PWD-AST-0087,2026-08-23,252.8,14
PWD-AST-0087,2026-08-24,251.4,14
PWD-AST-0087,2026-08-25,249.9,14
PWD-AST-0087,2026-08-26,266.3,14
PWD-AST-0087,2026-08-27,264.8,14
PWD-AST-0087,2026-08-28,264.3,14
PWD-AST-0087,2026-08-29,262.8,14
PWD-AST-0087,2026-08-30,261.3,14
PWD-AST-0087,2026-08-31,259.8,14
PWD-AST-0087,2026-09-01,258.3,14
PWD-AST-0087,2026-09-02,256.8,14
PWD-AST-0087,2026-09-03,255.3,14
PWD-AST-0087,2026-09-04,253.8,14
PWD-AST-0087,2026-09-05,252.3,14
PWD-AST-0087,2026-09-06,250.8,14
PWD-AST-0087,2026-09-07,249.3,14
PWD-AST-0087,2026-09-08,247.9,14
PWD-AST-0087,2026-09-09,246.4,14
PWD-AST-0087,2026-09-10,251.6,14
PWD-AST-0087,2026-09-11,263.0,14
PWD-AST-0087,2026-09-12,261.5,14
PWD-AST-0087,2026-09-13,263.2,14
PWD-AST-0087,2026-09-14,261.7,14
PWD-AST-0087,2026-09-15,260.2,14
PWD-AST-0087,2026-09-16,258.7,14
PWD-AST-0087,2026-09-17,257.2,14
PWD-AST-0087,2026-09-18,255.7,14
PWD-AST-0087,2026-09-19,254.2,14
PWD-AST-0087,2026-09-20,252.7,14
PWD-AST-0087,2026-09-21,251.3,14
PWD-AST-0087,2026-09-22,249.8,14
PWD-AST-0087,2026-09-23,248.3,14
PWD-AST-0087,2026-09-24,246.8,14
PWD-AST-0087,2026-09-25,245.3,14
