alert_id,type,severity,title,message,explanation,place,zone_no,date,category_code,incident_ids,created_at,status
ALR-0001,anomaly,High,"Spike in theft, snatching & fraud in Anna Nagar",5 incidents on 2026-09-30 against 1.22 expected,Poisson probability 0.00827 against the 28-day baseline with weekday adjustment,Anna Nagar,8.0,2026-09-30,CRIME_PROPERTY,,2026-10-04T11:31:00+05:30,new
ALR-0002,anomaly,High,Spike in violent crime & crimes against women in Thiru-Vi-Ka-Nagar,4 incidents on 2026-10-01 against 0.39 expected,Poisson probability 0.000729 against the 28-day baseline with weekday adjustment,Thiru-Vi-Ka-Nagar,6.0,2026-10-01,CRIME_VIOLENT,,2026-10-04T11:31:00+05:30,new
ALR-0003,anomaly,High,Spike in violent crime & crimes against women in Teynampet,5 incidents on 2026-09-30 against 1.04 expected,Poisson probability 0.00432 against the 28-day baseline with weekday adjustment,Teynampet,9.0,2026-09-30,CRIME_VIOLENT,,2026-10-04T11:31:00+05:30,new
ALR-0004,anomaly,High,Spike in drainage & sewage in Thiru-Vi-Ka-Nagar,5 incidents on 2026-09-30 against 0.9 expected,Poisson probability 0.00231 against the 28-day baseline with weekday adjustment,Thiru-Vi-Ka-Nagar,6.0,2026-09-30,DRAINAGE_SEWAGE,,2026-10-04T11:31:00+05:30,new
ALR-0005,anomaly,High,Spike in drain works site safety in Tondiarpet,3 incidents on 2026-09-28 against 0.38 expected,Poisson probability 0.0069 against the 28-day baseline with weekday adjustment,Tondiarpet,4.0,2026-09-28,DRAIN_WORKS_SAFETY,,2026-10-04T11:31:00+05:30,new
ALR-0006,anomaly,High,Spike in encroachment & unauthorised construction in Thiru-Vi-Ka-Nagar,3 incidents on 2026-10-02 against 0.18 expected,Poisson probability 0.000803 against the 28-day baseline with weekday adjustment,Thiru-Vi-Ka-Nagar,6.0,2026-10-02,ENCROACHMENT,,2026-10-04T11:31:00+05:30,new
ALR-0007,anomaly,High,Spike in road accident in Manali,3 incidents on 2026-10-03 against 0.3 expected,Poisson probability 0.00344 against the 28-day baseline with weekday adjustment,Manali,2.0,2026-10-03,ROAD_ACCIDENT,,2026-10-04T11:31:00+05:30,new
ALR-0008,anomaly,High,Spike in road accident in Sholinganallur,3 incidents on 2026-10-02 against 0.42 expected,Poisson probability 0.00925 against the 28-day baseline with weekday adjustment,Sholinganallur,15.0,2026-10-02,ROAD_ACCIDENT,,2026-10-04T11:31:00+05:30,new
ALR-0009,anomaly,High,"Spike in roads, footpaths & bridges in Thiru-Vi-Ka-Nagar",7 incidents on 2026-09-29 against 0.4 expected,Poisson probability 2.15e-07 against the 28-day baseline with weekday adjustment,Thiru-Vi-Ka-Nagar,6.0,2026-09-29,ROAD_DAMAGE,,2026-10-04T11:31:00+05:30,new
ALR-0010,anomaly,High,"Spike in roads, footpaths & bridges in Thiru-Vi-Ka-Nagar",6 incidents on 2026-10-01 against 0.71 expected,Poisson probability 0.000101 against the 28-day baseline with weekday adjustment,Thiru-Vi-Ka-Nagar,6.0,2026-10-01,ROAD_DAMAGE,,2026-10-04T11:31:00+05:30,new
ALR-0011,anomaly,High,Spike in public toilets & open defecation in Anna Nagar,3 incidents on 2026-10-02 against 0.42 expected,Poisson probability 0.00925 against the 28-day baseline with weekday adjustment,Anna Nagar,8.0,2026-10-02,SANITATION_TOILETS,,2026-10-04T11:31:00+05:30,new
ALR-0012,anomaly,High,Spike in garbage & solid waste in Tondiarpet,7 incidents on 2026-10-02 against 1.48 expected,Poisson probability 0.000866 against the 28-day baseline with weekday adjustment,Tondiarpet,4.0,2026-10-02,SOLID_WASTE,,2026-10-04T11:31:00+05:30,new
ALR-0013,anomaly,High,Spike in stray animals in Ambattur,3 incidents on 2026-09-29 against 0.14 expected,Poisson probability 0.000447 against the 28-day baseline with weekday adjustment,Ambattur,7.0,2026-09-29,STRAY_ANIMALS,,2026-10-04T11:31:00+05:30,new
ALR-0014,anomaly,High,Spike in traffic obstruction & parking in Madhavaram,3 incidents on 2026-09-30 against 0.32 expected,Poisson probability 0.00441 against the 28-day baseline with weekday adjustment,Madhavaram,3.0,2026-09-30,TRAFFIC_OBSTRUCTION,,2026-10-04T11:31:00+05:30,new
ALR-0015,anomaly,High,Spike in vector- & water-borne disease in Anna Nagar,3 incidents on 2026-09-29 against 0.14 expected,Poisson probability 0.000447 against the 28-day baseline with weekday adjustment,Anna Nagar,8.0,2026-09-29,VECTOR_DISEASE,,2026-10-04T11:31:00+05:30,new
ALR-0016,anomaly,High,Spike in vector- & water-borne disease in Teynampet,3 incidents on 2026-09-29 against 0.32 expected,Poisson probability 0.00446 against the 28-day baseline with weekday adjustment,Teynampet,9.0,2026-09-29,VECTOR_DISEASE,,2026-10-04T11:31:00+05:30,new
ALR-0017,anomaly,High,"Spike in lakes, bunds & sluices in Valasaravakkam",3 incidents on 2026-09-30 against 0.11 expected,Poisson probability 0.000192 against the 28-day baseline with weekday adjustment,Valasaravakkam,11.0,2026-09-30,WATERBODY_INFRA,,2026-10-04T11:31:00+05:30,new
ALR-0018,anomaly,High,Spike in drinking water supply in Adyar,3 incidents on 2026-09-29 against 0.07 expected,Poisson probability 5.9e-05 against the 28-day baseline with weekday adjustment,Adyar,13.0,2026-09-29,WATER_SUPPLY,,2026-10-04T11:31:00+05:30,new
ALR-0019,weather_warning,Medium,IMD warning level 1 for 06 Oct,"Thunderstorms & Lightning, Squall etc",IMD district-wise warning (GIS service),Chennai district,,2026-10-06,,,2026-10-04T11:31:00+05:30,new
ALR-0020,weather_warning,Medium,IMD warning level 1 for 04 Oct,"Thunderstorms & Lightning, Squall etc",IMD district-wise warning (GIS service),Chennai district,,2026-10-04,,,2026-10-04T11:31:00+05:30,new
ALR-0021,weather_warning,Medium,IMD warning level 1 for 05 Oct,"Thunderstorms & Lightning, Squall etc",IMD district-wise warning (GIS service),Chennai district,,2026-10-05,,,2026-10-04T11:31:00+05:30,new
ALR-0022,lake_level,High,Adambakkam Lake at 98% of capacity,Rising 0.05 points a day; full in about 28 days,PWD daily storage against asset capacity,Adambakkam Lake,,,,,2026-10-04T11:31:00+05:30,new
ALR-0023,lake_level,High,Palavanthangal Lake at 98% of capacity,Rising 0.07 points a day; full in about 21 days,PWD daily storage against asset capacity,Palavanthangal Lake,,,,,2026-10-04T11:31:00+05:30,new
ALR-0024,lake_level,Medium,Ambattur Lake at 98% of capacity,Falling 0.00 points a day,PWD daily storage against asset capacity,Ambattur Lake,,,,,2026-10-04T11:31:00+05:30,new
ALR-0025,lake_level,Medium,Korattur Lake at 98% of capacity,Falling 0.00 points a day,PWD daily storage against asset capacity,Korattur Lake,,,,,2026-10-04T11:31:00+05:30,new
ALR-0026,lake_level,Medium,Mogappair Eri at 98% of capacity,Falling 0.01 points a day,PWD daily storage against asset capacity,Mogappair Eri,,,,,2026-10-04T11:31:00+05:30,new
ALR-0027,lake_level,High,Kolathur Lake at 98% of capacity,Rising 0.01 points a day,PWD daily storage against asset capacity,Kolathur Lake,,,,,2026-10-04T11:31:00+05:30,new
ALR-0028,lake_level,High,Chetpet Lake at 98% of capacity,Rising 0.04 points a day,PWD daily storage against asset capacity,Chetpet Lake,,,,,2026-10-04T11:31:00+05:30,new
ALR-0029,lake_level,Medium,Madhavaram Lake at 98% of capacity,Steady,PWD daily storage against asset capacity,Madhavaram Lake,,,,,2026-10-04T11:31:00+05:30,new
ALR-0030,lake_level,Medium,Retteri Lake at 98% of capacity,Steady,PWD daily storage against asset capacity,Retteri Lake,,,,,2026-10-04T11:31:00+05:30,new
ALR-0031,lake_level,Medium,Porur Lake at 98% of capacity,Falling 0.02 points a day,PWD daily storage against asset capacity,Porur Lake,,,,,2026-10-04T11:31:00+05:30,new
ALR-0032,lake_level,Medium,Nolambur Lake at 98% of capacity,Falling 0.02 points a day,PWD daily storage against asset capacity,Nolambur Lake,,,,,2026-10-04T11:31:00+05:30,new
ALR-0033,lake_level,High,Perungudi Lake at 98% of capacity,Rising 0.07 points a day; full in about 20 days,PWD daily storage against asset capacity,Perungudi Lake,,,,,2026-10-04T11:31:00+05:30,new
ALR-0034,lake_level,High,Velachery Lake at 98% of capacity,Rising 0.26 points a day; full in about 6 days,PWD daily storage against asset capacity,Velachery Lake,,,,,2026-10-04T11:31:00+05:30,new
ALR-0035,hospital,High,Obstetrics and Gynecology Hospital Egmore: Bed Capacity Critical,Alert level 3 on 04 Oct,Hospital MIS daily alert,Obstetrics and Gynecology Hospital Egmore,,,,,2026-10-04T11:31:00+05:30,new
ALR-0036,hospital,High,Rajiv Gandhi Government General Hospital: Dengue Surge; High Bed Occupancy,Alert level 3 on 04 Oct,Hospital MIS daily alert,Rajiv Gandhi Government General Hospital,,,,,2026-10-04T11:31:00+05:30,new
ALR-0037,hospital,Medium,Stanley Medical College and Hospital: Hepatitis Surge,Alert level 2 on 04 Oct,Hospital MIS daily alert,Stanley Medical College and Hospital,,,,,2026-10-04T11:31:00+05:30,new
ALR-0038,incident_attention,Severe,"Lakes, bunds & sluices – Porur (Porur Lake Bund)","Severe and not verified, Well past its deadline","Severe lakes, bunds & sluices (100); resolution over twice the 6 h target; not yet verified by an officer; linked to a rain event; 5 similar incidents here in 90 days",Valasaravakkam,11.0,,,INC-20260930-030D94,2026-10-04T11:31:00+05:30,new
ALR-0039,incident_attention,Severe,"Roads, footpaths & bridges – Pulianthope (Basin Bridge)","Severe and not verified, Well past its deadline","Severe roads, footpaths & bridges (100); resolution over twice the 24 h target; not yet verified by an officer; linked to a rain event",Royapuram,5.0,,,INC-20261002-37C0B4,2026-10-04T11:31:00+05:30,new
ALR-0040,incident_attention,Severe,Flooding & waterlogging – Anna Arch,"Well past its deadline, Spreading: several new reports in 24 h",Severe flooding & waterlogging (99); resolution over twice the 6 h target; 3 new reports in 24 h; linked to a rain event,Anna Nagar,8.0,,,INC-20261003-7675E9,2026-10-04T11:31:00+05:30,new
ALR-0041,incident_attention,Severe,"Lakes, bunds & sluices – Porur (Porur Lake Bund)",Well past its deadline,"Severe lakes, bunds & sluices (100); resolution over twice the 6 h target; linked to a rain event; 4 similar incidents here in 90 days",Valasaravakkam,11.0,,,INC-20260930-C9D941,2026-10-04T11:31:00+05:30,new
ALR-0042,incident_attention,Severe,Flooding & waterlogging – Koyambedu (Cooum River - Koyambedu stretch),Well past its deadline,"Severe flooding & waterlogging (85); reported by 2 sources; 2 citizen complaints; resolution over twice the 6 h target; affects children, elderly, worship; linked to a rain event; 4 similar incidents here in 90 days",Valasaravakkam,11.0,,,INC-20260919-9E98A9,2026-10-04T11:31:00+05:30,new
ALR-0043,incident_attention,Severe,"Lakes, bunds & sluices – Chetpet (Chetpet Lake)","Severe and not verified, Well past its deadline","Severe lakes, bunds & sluices (86); resolution over twice the 6 h target; not yet verified by an officer; affects bus stop, elderly; linked to a rain event; 9 similar incidents here in 90 days",Royapuram,5.0,,,INC-20260919-C34947,2026-10-04T11:31:00+05:30,new
ALR-0044,incident_attention,Severe,"Lakes, bunds & sluices – Porur (Porur Lake Bund)","Severe and not verified, Well past its deadline","Severe lakes, bunds & sluices (90); resolution over twice the 6 h target; not yet verified by an officer; linked to a rain event; 6 similar incidents here in 90 days",Valasaravakkam,11.0,,,INC-20260930-51C47B,2026-10-04T11:31:00+05:30,new
ALR-0045,incident_attention,Severe,Flooding & waterlogging – Valasaravakkam (Valasaravakkam Macro Drain),"Well past its deadline, Needs several departments","Severe flooding & waterlogging (78); reported by 3 sources; 2 citizen complaints; resolution over twice the 6 h target; affects children, elderly, worship; linked to a rain event; 4 similar incidents here in 90 days",Valasaravakkam,11.0,,,INC-20260929-E8AB46,2026-10-04T11:31:00+05:30,new
ALR-0046,incident_attention,Severe,"Roads, footpaths & bridges – Okkiyam Thoraipakkam (Okkiyam Madavu Bridge)",Well past its deadline,"Severe roads, footpaths & bridges (100); resolution over twice the 24 h target; linked to a rain event",Sholinganallur,15.0,,,INC-20260906-6759CE,2026-10-04T11:31:00+05:30,new
ALR-0047,incident_attention,Severe,"Roads, footpaths & bridges – Pulianthope (Basin Bridge)","Severe and not verified, Well past its deadline","Severe roads, footpaths & bridges (85); resolution over twice the 24 h target; not yet verified by an officer; linked to a rain event; 3 similar incidents here in 90 days",Anna Nagar,8.0,,,INC-20261002-F7DAD6,2026-10-04T11:31:00+05:30,new
ALR-0048,incident_attention,Severe,Flooding & waterlogging – Adambakkam,"Well past its deadline, Needs several departments",Severe flooding & waterlogging (80); reported by 3 sources; 2 citizen complaints; resolution over twice the 6 h target; affects worship; linked to a rain event,Alandur,12.0,,,INC-20260925-D19D26,2026-10-04T11:31:00+05:30,new
ALR-0049,incident_attention,Severe,Flooding & waterlogging – Alapakkam,Well past its deadline,"Severe flooding & waterlogging (76); reported by 2 sources; 2 citizen complaints; resolution over twice the 6 h target; affects children, school, worship; linked to a rain event; 6 similar incidents here in 90 days",Valasaravakkam,11.0,,,INC-20260906-FA599E,2026-10-04T11:31:00+05:30,new
ALR-0050,incident_attention,High,Flooding & waterlogging – Chintadripet,Well past its deadline,High flooding & waterlogging (69); reported by 3 sources; 3 citizen complaints; resolution over twice the 24 h target; affects bus stop; linked to a rain event; 9 similar incidents here in 90 days,Royapuram,5.0,,,INC-20260919-C2C009,2026-10-04T11:31:00+05:30,new
ALR-0051,incident_attention,Severe,Flooding & waterlogging – Ward 76,"Well past its deadline, Needs several departments","Severe flooding & waterlogging (70); reported by 2 sources; 3 citizen complaints; resolution over twice the 6 h target; affects school, worship; linked to a rain event; 10 similar incidents here in 90 days",Thiru-Vi-Ka-Nagar,6.0,,,INC-20260928-606AE5,2026-10-04T11:31:00+05:30,new
ALR-0052,incident_attention,Severe,Flooding & waterlogging – Korukkupet (Buckingham Canal - Korukkupet stretch),Severe and not verified,"Severe flooding & waterlogging (91); not yet verified by an officer; affects children, school; linked to a rain event; 9 similar incidents here in 90 days",Tondiarpet,4.0,,,INC-20261004-983F0B,2026-10-04T11:31:00+05:30,new
ALR-0053,incident_attention,Severe,"Lakes, bunds & sluices – Mogappair (Mogappair Eri)","Severe and not verified, Well past its deadline","Severe lakes, bunds & sluices (75); resolution over twice the 6 h target; not yet verified by an officer; linked to a rain event; 32 similar incidents here in 90 days",Ambattur,7.0,,,INC-20260930-F48000,2026-10-04T11:31:00+05:30,new
ALR-0054,incident_attention,Severe,"Roads, footpaths & bridges – Aminjikarai (Aminjikarai Cooum Bridge)","Severe and not verified, Well past its deadline","Severe roads, footpaths & bridges (75); resolution over twice the 24 h target; not yet verified by an officer; linked to a rain event; 5 similar incidents here in 90 days",Anna Nagar,8.0,,,INC-20261002-06D1B6,2026-10-04T11:31:00+05:30,new
ALR-0055,incident_attention,Severe,Unsafe buildings & walls – Nungambakkam,"Severe and not verified, Well past its deadline",Severe unsafe buildings & walls (80); resolution over twice the 6 h target; not yet verified by an officer; linked to a rain event,Royapuram,5.0,,,INC-20261003-BBA025,2026-10-04T11:31:00+05:30,new
ALR-0056,incident_attention,Severe,Vector- & water-borne disease – Stanley Medical College and Hospital,"Severe and not verified, Well past its deadline",Severe vector- & water-borne disease (75); resolution over twice the 12 h target; not yet verified by an officer; linked to a rain event; 14 similar incidents here in 90 days,Royapuram,5.0,,,INC-20260929-68BB95,2026-10-04T11:31:00+05:30,new
ALR-0057,incident_attention,Severe,Flooding & waterlogging – Korukkupet,"Well past its deadline, Needs several departments",Severe flooding & waterlogging (70); reported by 3 sources; resolution over twice the 6 h target; affects worship; linked to a rain event; 13 similar incidents here in 90 days,Royapuram,5.0,,,INC-20260925-C54596,2026-10-04T11:31:00+05:30,new
ALR-0058,incident_attention,High,Flooding & waterlogging – Seven Wells,"Well past its deadline, Needs several departments","High flooding & waterlogging (68); reported by 2 sources; 2 citizen complaints; resolution over twice the 24 h target; affects school, worship; linked to a rain event; 9 similar incidents here in 90 days",Royapuram,5.0,,,INC-20260925-2B958A,2026-10-04T11:31:00+05:30,new
ALR-0059,incident_attention,Severe,Flooding & waterlogging – Aminjikarai,"Well past its deadline, Needs several departments",Severe flooding & waterlogging (70); reported by 3 sources; 2 citizen complaints; resolution over twice the 6 h target; linked to a rain event; 3 similar incidents here in 90 days,Anna Nagar,8.0,,,INC-20260930-1A46F5,2026-10-04T11:31:00+05:30,new
ALR-0060,incident_attention,High,Flooding & waterlogging – Villivakkam (Villivakkam Macro Drain),Well past its deadline,High flooding & waterlogging (65); reported by 3 sources; 2 citizen complaints; resolution over twice the 24 h target; affects worship; linked to a rain event; 9 similar incidents here in 90 days,Anna Nagar,8.0,,,INC-20260919-54E890,2026-10-04T11:31:00+05:30,new
ALR-0061,incident_attention,High,"Man killed for harassing friend’s girlfriend, two held",Only in the news,"High violent crime & crimes against women (69); response over twice the 6 h target; not yet verified by an officer; affects hospital, school; in the news but not in any department's records; 5 similar incidents here in 90 days",Anna Nagar,8.0,,,INC-20260927-EE06A1,2026-10-04T11:31:00+05:30,new
ALR-0062,incident_attention,High,Woman dies a week after set ablaze,Only in the news,High violent crime & crimes against women (69); response over twice the 6 h target; not yet verified by an officer; affects hospital; in the news but not in any department's records; 6 similar incidents here in 90 days,Anna Nagar,8.0,,,INC-20260927-7547B8,2026-10-04T11:31:00+05:30,new
ALR-0063,sla,Medium,17 open incidents past their deadline (CMWSSB),CMWSSB has 17 open incidents past target,Deadlines from the category SLA table,District,,,,,2026-10-04T11:31:00+05:30,new
ALR-0064,sla,Medium,10 open incidents past their deadline (DIST-DM),DIST-DM has 10 open incidents past target,Deadlines from the category SLA table,District,,,,,2026-10-04T11:31:00+05:30,new
ALR-0065,sla,Medium,65 open incidents past their deadline (GCC-ELE),GCC-ELE has 65 open incidents past target,Deadlines from the category SLA table,District,,,,,2026-10-04T11:31:00+05:30,new
ALR-0066,sla,Medium,131 open incidents past their deadline (GCC-ENG),GCC-ENG has 131 open incidents past target,Deadlines from the category SLA table,District,,,,,2026-10-04T11:31:00+05:30,new
ALR-0067,sla,Medium,13 open incidents past their deadline (GCC-GAD),GCC-GAD has 13 open incidents past target,Deadlines from the category SLA table,District,,,,,2026-10-04T11:31:00+05:30,new
ALR-0068,sla,Medium,80 open incidents past their deadline (GCC-HLT),GCC-HLT has 80 open incidents past target,Deadlines from the category SLA table,District,,,,,2026-10-04T11:31:00+05:30,new
ALR-0069,sla,Medium,18 open incidents past their deadline (GCC-PRK),GCC-PRK has 18 open incidents past target,Deadlines from the category SLA table,District,,,,,2026-10-04T11:31:00+05:30,new
ALR-0070,sla,Medium,167 open incidents past their deadline (GCC-SWD),GCC-SWD has 167 open incidents past target,Deadlines from the category SLA table,District,,,,,2026-10-04T11:31:00+05:30,new
ALR-0071,sla,Medium,56 open incidents past their deadline (GCC-SWM),GCC-SWM has 56 open incidents past target,Deadlines from the category SLA table,District,,,,,2026-10-04T11:31:00+05:30,new
ALR-0072,sla,Medium,178 open incidents past their deadline (POL-GCP),POL-GCP has 178 open incidents past target,Deadlines from the category SLA table,District,,,,,2026-10-04T11:31:00+05:30,new
ALR-0073,sla,Medium,53 open incidents past their deadline (PWD-BLD),PWD-BLD has 53 open incidents past target,Deadlines from the category SLA table,District,,,,,2026-10-04T11:31:00+05:30,new
ALR-0074,sla,Medium,187 open incidents past their deadline (PWD-WRD),PWD-WRD has 187 open incidents past target,Deadlines from the category SLA table,District,,,,,2026-10-04T11:31:00+05:30,new
ALR-0075,data_quality,Medium,IMD feed degraded,Last success 04 Oct 11:25,Unavailable endpoints (not bypassed): IMD_CITY_TEST_PAGE: http_403; IMD_RMC_CHENNAI_HOME: no_observation_time; IMD_AWS_ARG: access_restricted; IMD_WARNINGS_API: http_401; OPEN_METEO_ARCHIVE: not_needed,District,,,,,2026-10-04T11:31:00+05:30,new
ALR-0076,data_quality,Medium,CPCB feed degraded,Last success 04 Oct 11:27,data.gov.in CPCB real-time air quality (3b01bcb8): no-api-key; CPCB CCR live city map: 200; CPCB CCR historical (advance search / repository): captcha-gated; app.cpcbccr.com AQI_India: 200 rejected: US-AQI scale,District,,,,,2026-10-04T11:31:00+05:30,new
ALR-0077,data_quality,High,HOSPITAL feed stale,Last success 04 Oct 00:12,,District,,,,,2026-10-04T11:31:00+05:30,new
ALR-0078,data_quality,Medium,Category mix shifted in hospital,PSI 0.421,HEALTH_SERVICES 65.2%→33.3%; VECTOR_DISEASE 34.8%→66.7%,District,,,,,2026-10-04T11:31:00+05:30,new
ALR-0079,data_quality,Medium,Category mix shifted in news,PSI 0.403,ROAD_ACCIDENT 12.9%→3.5%; ROAD_DAMAGE 2.1%→9.4%; STRAY_ANIMALS 2.4%→5.5%,District,,,,,2026-10-04T11:31:00+05:30,new
