location_id,issued_at,valid_from,forecast_text,source_url
IMD_CITY_STATION:99947:Chennai-Madhavaram,2026-09-25T10:01:36+05:30,2026-09-25T00:00:00+05:30,Generally cloudy sky with Light rain; Max 37.0 °C; Min 27.0 °C,https://city.imd.gov.in/citywx/responsive/api/fetchCity_static.php (POST ID=99947)
IMD_CITY_STATION:43278:Chennai-Nungambakkam,2026-09-25T18:34:09+05:30,2026-09-25T00:00:00+05:30,Generally cloudy sky with Light rain; Max 36.0 °C; Min 27.0 °C,https://city.imd.gov.in/citywx/responsive/api/fetchCity_static.php (POST ID=43278)
IMD_CITY_STATION:43279:Chennai-Meenambakkam,2026-09-25T18:34:15+05:30,2026-09-25T00:00:00+05:30,Generally cloudy sky with Light rain; Max 36.0 °C; Min 27.0 °C,https://city.imd.gov.in/citywx/responsive/api/fetchCity_static.php (POST ID=43279)
IMD_CITY_STATION:99948:Chennai-Ennore,2026-09-25T18:34:31+05:30,2026-09-25T00:00:00+05:30,Generally cloudy sky with Light rain; Max 36.0 °C; Min 27.0 °C,https://city.imd.gov.in/citywx/responsive/api/fetchCity_static.php (POST ID=99948)
IMD_CITY_STATION:43279:Chennai-Meenambakkam,2026-09-26T18:23:32+05:30,2026-09-26T00:00:00+05:30,Generally cloudy sky with Light rain; Max 38.0 °C; Min 29.0 °C,https://city.imd.gov.in/citywx/responsive/api/fetchCity_static.php (POST ID=43279)
IMD_CITY_STATION:43279:Chennai-Meenambakkam,2026-09-26T18:23:32+05:30,2026-09-27T00:00:00+05:30,Generally cloudy sky with Light rain; Max 38.0 °C; Min 28.0 °C,https://city.imd.gov.in/citywx/responsive/api/fetchCity_static.php (POST ID=43279)
IMD_CITY_STATION:43278:Chennai-Nungambakkam,2026-09-26T18:24:10+05:30,2026-09-26T00:00:00+05:30,Generally cloudy sky with Light rain; Max 38.0 °C; Min 28.0 °C,https://city.imd.gov.in/citywx/responsive/api/fetchCity_static.php (POST ID=43278)
IMD_CITY_STATION:99947:Chennai-Madhavaram,2026-09-26T18:25:21+05:30,2026-09-26T00:00:00+05:30,Generally cloudy sky with Light rain; Max 38.0 °C; Min 27.0 °C,https://city.imd.gov.in/citywx/responsive/api/fetchCity_static.php (POST ID=99947)
IMD_CITY_STATION:99948:Chennai-Ennore,2026-09-26T18:26:34+05:30,2026-09-26T00:00:00+05:30,Generally cloudy sky with Light rain; Max 35.0 °C; Min 26.0 °C,https://city.imd.gov.in/citywx/responsive/api/fetchCity_static.php (POST ID=99948)
IMD_CITY_STATION:43278:Chennai-Nungambakkam,2026-09-27T18:02:32+05:30,2026-09-27T00:00:00+05:30,Generally cloudy sky with Light rain; Max 37.0 °C; Min 27.0 °C,https://city.imd.gov.in/citywx/responsive/api/fetchCity_static.php (POST ID=43278)
IMD_CITY_STATION:43278:Chennai-Nungambakkam,2026-09-27T18:02:32+05:30,2026-09-28T00:00:00+05:30,Partly cloudy sky with possibility of moderate rain or Thunderstorm; Max 36.0 °C; Min 27.0 °C,https://city.imd.gov.in/citywx/responsive/api/fetchCity_static.php (POST ID=43278)
IMD_CITY_STATION:43279:Chennai-Meenambakkam,2026-09-27T18:02:45+05:30,2026-09-28T00:00:00+05:30,Partly cloudy sky with possibility of moderate rain or Thunderstorm; Max 37.0 °C; Min 28.0 °C,https://city.imd.gov.in/citywx/responsive/api/fetchCity_static.php (POST ID=43279)
IMD_CITY_STATION:99947:Chennai-Madhavaram,2026-09-27T18:03:25+05:30,2026-09-27T00:00:00+05:30,Generally cloudy sky with Light rain; Max 37.0 °C; Min 27.0 °C,https://city.imd.gov.in/citywx/responsive/api/fetchCity_static.php (POST ID=99947)
IMD_CITY_STATION:99947:Chennai-Madhavaram,2026-09-27T18:03:25+05:30,2026-09-28T00:00:00+05:30,Partly cloudy sky with possibility of moderate rain or Thunderstorm; Max 36.0 °C; Min 27.0 °C,https://city.imd.gov.in/citywx/responsive/api/fetchCity_static.php (POST ID=99947)
IMD_CITY_STATION:99948:Chennai-Ennore,2026-09-27T18:05:43+05:30,2026-09-28T00:00:00+05:30,Partly cloudy sky with possibility of moderate rain or Thunderstorm; Max 36.0 °C; Min 27.0 °C,https://city.imd.gov.in/citywx/responsive/api/fetchCity_static.php (POST ID=99948)
IMD_CITY_STATION:99948:Chennai-Ennore,2026-09-27T18:05:43+05:30,2026-09-27T00:00:00+05:30,Generally cloudy sky with Light rain; Max 37.0 °C; Min 27.0 °C,https://city.imd.gov.in/citywx/responsive/api/fetchCity_static.php (POST ID=99948)
IMD_CITY_STATION:43278:Chennai-Nungambakkam,2026-09-29T18:25:24+05:30,2026-09-30T00:00:00+05:30,Partly cloudy sky with possibility of moderate rain or Thunderstorm; Max 37.0 °C; Min 28.0 °C,https://city.imd.gov.in/citywx/responsive/api/fetchCity_static.php (POST ID=43278)
IMD_CITY_STATION:43278:Chennai-Nungambakkam,2026-09-29T18:25:24+05:30,2026-09-29T00:00:00+05:30,Partly cloudy sky with possibility of moderate rain or Thunderstorm; Max 37.0 °C; Min 28.0 °C,https://city.imd.gov.in/citywx/responsive/api/fetchCity_static.php (POST ID=43278)
IMD_CITY_STATION:43279:Chennai-Meenambakkam,2026-09-29T18:25:57+05:30,2026-09-29T00:00:00+05:30,Partly cloudy sky with possibility of moderate rain or Thunderstorm; Max 37.0 °C; Min 28.0 °C,https://city.imd.gov.in/citywx/responsive/api/fetchCity_static.php (POST ID=43279)
IMD_CITY_STATION:43279:Chennai-Meenambakkam,2026-09-29T18:25:57+05:30,2026-09-30T00:00:00+05:30,Partly cloudy sky with possibility of moderate rain or Thunderstorm; Max 37.0 °C; Min 28.0 °C,https://city.imd.gov.in/citywx/responsive/api/fetchCity_static.php (POST ID=43279)
IMD_CITY_STATION:99947:Chennai-Madhavaram,2026-09-29T18:27:59+05:30,2026-09-30T00:00:00+05:30,Partly cloudy sky with possibility of moderate rain or Thunderstorm; Max 37.0 °C; Min 28.0 °C,https://city.imd.gov.in/citywx/responsive/api/fetchCity_static.php (POST ID=99947)
IMD_CITY_STATION:99947:Chennai-Madhavaram,2026-09-29T18:27:59+05:30,2026-09-29T00:00:00+05:30,Partly cloudy sky with possibility of moderate rain or Thunderstorm; Max 37.0 °C; Min 28.0 °C,https://city.imd.gov.in/citywx/responsive/api/fetchCity_static.php (POST ID=99947)
IMD_CITY_STATION:99948:Chennai-Ennore,2026-09-29T18:54:16+05:30,2026-09-29T00:00:00+05:30,Partly cloudy sky with possibility of moderate rain or Thunderstorm; Max 37.0 °C; Min 28.0 °C,https://city.imd.gov.in/citywx/responsive/api/fetchCity_static.php (POST ID=99948)
IMD_CITY_STATION:99948:Chennai-Ennore,2026-09-29T18:54:16+05:30,2026-09-30T00:00:00+05:30,Partly cloudy sky with possibility of moderate rain or Thunderstorm; Max 37.0 °C; Min 28.0 °C,https://city.imd.gov.in/citywx/responsive/api/fetchCity_static.php (POST ID=99948)
IMD_CITY_STATION:43278:Chennai-Nungambakkam,2026-09-30T18:37:51+05:30,2026-10-01T00:00:00+05:30,Generally cloudy sky with Light rain; Max 35.0 °C; Min 29.0 °C,https://city.imd.gov.in/citywx/responsive/api/fetchCity_static.php (POST ID=43278)
IMD_CITY_STATION:99947:Chennai-Madhavaram,2026-09-30T18:39:02+05:30,2026-10-01T00:00:00+05:30,Generally cloudy sky with Light rain; Max 36.0 °C; Min 29.0 °C,https://city.imd.gov.in/citywx/responsive/api/fetchCity_static.php (POST ID=99947)
IMD_CITY_STATION:99948:Chennai-Ennore,2026-09-30T18:40:15+05:30,2026-10-01T00:00:00+05:30,Generally cloudy sky with Light rain; Max 35.0 °C; Min 27.0 °C,https://city.imd.gov.in/citywx/responsive/api/fetchCity_static.php (POST ID=99948)
IMD_CITY_STATION:43279:Chennai-Meenambakkam,2026-10-01T08:50:16+05:30,2026-10-01T00:00:00+05:30,Generally cloudy sky with Light rain; Max 36.0 °C; Min 29.0 °C,https://city.imd.gov.in/citywx/responsive/api/fetchCity_static.php (POST ID=43279)
IMD_CITY_STATION:43278:Chennai-Nungambakkam,2026-10-02T09:44:31+05:30,2026-10-02T00:00:00+05:30,Generally cloudy sky with Light rain; Max 34.0 °C; Min 26.0 °C,https://city.imd.gov.in/citywx/responsive/api/fetchCity_static.php (POST ID=43278)
IMD_CITY_STATION:43279:Chennai-Meenambakkam,2026-10-02T09:45:00+05:30,2026-10-05T00:00:00+05:30,Generally cloudy sky with Light rain; Max 36.0 °C; Min 27.0 °C,https://city.imd.gov.in/citywx/responsive/api/fetchCity_static.php (POST ID=43279)
IMD_CITY_STATION:43279:Chennai-Meenambakkam,2026-10-02T09:45:00+05:30,2026-10-02T00:00:00+05:30,Generally cloudy sky with Light rain; Max 35.0 °C; Min 27.0 °C,https://city.imd.gov.in/citywx/responsive/api/fetchCity_static.php (POST ID=43279)
IMD_CITY_STATION:99947:Chennai-Madhavaram,2026-10-02T09:48:52+05:30,2026-10-02T00:00:00+05:30,Generally cloudy sky with Light rain; Max 33.0 °C; Min 26.0 °C,https://city.imd.gov.in/citywx/responsive/api/fetchCity_static.php (POST ID=99947)
IMD_CITY_STATION:99948:Chennai-Ennore,2026-10-02T09:49:34+05:30,2026-10-02T00:00:00+05:30,Generally cloudy sky with Light rain; Max 34.0 °C; Min 26.0 °C,https://city.imd.gov.in/citywx/responsive/api/fetchCity_static.php (POST ID=99948)
IMD_CITY_STATION:43279:Chennai-Meenambakkam,2026-10-03T17:50:06+05:30,2026-10-03T00:00:00+05:30,Generally cloudy sky with Light rain; Max 36.0 °C; Min 27.0 °C,https://city.imd.gov.in/citywx/responsive/api/fetchCity_static.php (POST ID=43279)
IMD_CITY_STATION:43279:Chennai-Meenambakkam,2026-10-03T17:50:06+05:30,2026-10-04T00:00:00+05:30,Generally cloudy sky with Light rain; Max 36.0 °C; Min 27.0 °C,https://city.imd.gov.in/citywx/responsive/api/fetchCity_static.php (POST ID=43279)
IMD_CITY_STATION:43278:Chennai-Nungambakkam,2026-10-03T18:15:16+05:30,2026-10-09T00:00:00+05:30,Partly cloudy sky; Max 35.0 °C; Min 28.0 °C,https://city.imd.gov.in/citywx/responsive/api/fetchCity_static.php (POST ID=43278)
IMD_CITY_STATION:43278:Chennai-Nungambakkam,2026-10-03T18:15:16+05:30,2026-10-08T00:00:00+05:30,Partly cloudy sky; Max 35.0 °C; Min 28.0 °C,https://city.imd.gov.in/citywx/responsive/api/fetchCity_static.php (POST ID=43278)
IMD_CITY_STATION:43278:Chennai-Nungambakkam,2026-10-03T18:15:16+05:30,2026-10-06T00:00:00+05:30,Partly cloudy sky; Max 36.0 °C; Min 27.0 °C,https://city.imd.gov.in/citywx/responsive/api/fetchCity_static.php (POST ID=43278)
IMD_CITY_STATION:43278:Chennai-Nungambakkam,2026-10-03T18:15:16+05:30,2026-10-07T00:00:00+05:30,Partly cloudy sky; Max 36.0 °C; Min 28.0 °C,https://city.imd.gov.in/citywx/responsive/api/fetchCity_static.php (POST ID=43278)
IMD_CITY_STATION:43278:Chennai-Nungambakkam,2026-10-03T18:15:16+05:30,2026-10-04T00:00:00+05:30,Generally cloudy sky with Light rain; Max 35.0 °C; Min 27.0 °C,https://city.imd.gov.in/citywx/responsive/api/fetchCity_static.php (POST ID=43278)
IMD_CITY_STATION:43278:Chennai-Nungambakkam,2026-10-03T18:15:16+05:30,2026-10-03T00:00:00+05:30,Generally cloudy sky with Light rain; Max 35.0 °C; Min 27.0 °C,https://city.imd.gov.in/citywx/responsive/api/fetchCity_static.php (POST ID=43278)
IMD_CITY_STATION:43278:Chennai-Nungambakkam,2026-10-03T18:15:16+05:30,2026-10-05T00:00:00+05:30,Generally cloudy sky with Light rain; Max 35.0 °C; Min 27.0 °C,https://city.imd.gov.in/citywx/responsive/api/fetchCity_static.php (POST ID=43278)
IMD_CITY_STATION:43279:Chennai-Meenambakkam,2026-10-03T18:16:33+05:30,2026-10-06T00:00:00+05:30,Partly cloudy sky; Max 37.0 °C; Min 27.0 °C,https://city.imd.gov.in/citywx/responsive/api/fetchCity_static.php (POST ID=43279)
IMD_CITY_STATION:43279:Chennai-Meenambakkam,2026-10-03T18:16:33+05:30,2026-10-07T00:00:00+05:30,Partly cloudy sky; Max 37.0 °C; Min 28.0 °C,https://city.imd.gov.in/citywx/responsive/api/fetchCity_static.php (POST ID=43279)
IMD_CITY_STATION:43279:Chennai-Meenambakkam,2026-10-03T18:16:33+05:30,2026-10-08T00:00:00+05:30,Partly cloudy sky; Max 36.0 °C; Min 28.0 °C,https://city.imd.gov.in/citywx/responsive/api/fetchCity_static.php (POST ID=43279)
IMD_CITY_STATION:43279:Chennai-Meenambakkam,2026-10-03T18:16:33+05:30,2026-10-09T00:00:00+05:30,Partly cloudy sky; Max 36.0 °C; Min 28.0 °C,https://city.imd.gov.in/citywx/responsive/api/fetchCity_static.php (POST ID=43279)
IMD_CITY_STATION:99947:Chennai-Madhavaram,2026-10-03T18:17:56+05:30,2026-10-09T00:00:00+05:30,Partly cloudy sky; Max 35.0 °C; Min 28.0 °C,https://city.imd.gov.in/citywx/responsive/api/fetchCity_static.php (POST ID=99947)
IMD_CITY_STATION:99947:Chennai-Madhavaram,2026-10-03T18:17:56+05:30,2026-10-08T00:00:00+05:30,Partly cloudy sky; Max 35.0 °C; Min 28.0 °C,https://city.imd.gov.in/citywx/responsive/api/fetchCity_static.php (POST ID=99947)
IMD_CITY_STATION:99947:Chennai-Madhavaram,2026-10-03T18:17:56+05:30,2026-10-06T00:00:00+05:30,Partly cloudy sky; Max 36.0 °C; Min 27.0 °C,https://city.imd.gov.in/citywx/responsive/api/fetchCity_static.php (POST ID=99947)
IMD_CITY_STATION:99947:Chennai-Madhavaram,2026-10-03T18:17:56+05:30,2026-10-07T00:00:00+05:30,Partly cloudy sky; Max 36.0 °C; Min 28.0 °C,https://city.imd.gov.in/citywx/responsive/api/fetchCity_static.php (POST ID=99947)
IMD_CITY_STATION:99947:Chennai-Madhavaram,2026-10-03T18:17:56+05:30,2026-10-04T00:00:00+05:30,Generally cloudy sky with Light rain; Max 35.0 °C; Min 27.0 °C,https://city.imd.gov.in/citywx/responsive/api/fetchCity_static.php (POST ID=99947)
IMD_CITY_STATION:99947:Chennai-Madhavaram,2026-10-03T18:17:56+05:30,2026-10-03T00:00:00+05:30,Generally cloudy sky with Light rain; Max 35.0 °C; Min 27.0 °C,https://city.imd.gov.in/citywx/responsive/api/fetchCity_static.php (POST ID=99947)
IMD_CITY_STATION:99947:Chennai-Madhavaram,2026-10-03T18:17:56+05:30,2026-10-05T00:00:00+05:30,Partly cloudy sky; Max 35.0 °C; Min 27.0 °C,https://city.imd.gov.in/citywx/responsive/api/fetchCity_static.php (POST ID=99947)
IMD_CITY_STATION:99948:Chennai-Ennore,2026-10-03T18:20:31+05:30,2026-10-03T00:00:00+05:30,Generally cloudy sky with Light rain; Max 35.0 °C; Min 27.0 °C,https://city.imd.gov.in/citywx/responsive/api/fetchCity_static.php (POST ID=99948)
IMD_CITY_STATION:99948:Chennai-Ennore,2026-10-03T18:20:31+05:30,2026-10-04T00:00:00+05:30,Generally cloudy sky with Light rain; Max 35.0 °C; Min 27.0 °C,https://city.imd.gov.in/citywx/responsive/api/fetchCity_static.php (POST ID=99948)
IMD_CITY_STATION:99948:Chennai-Ennore,2026-10-03T18:20:31+05:30,2026-10-05T00:00:00+05:30,Generally cloudy sky with Light rain; Max 35.0 °C; Min 27.0 °C,https://city.imd.gov.in/citywx/responsive/api/fetchCity_static.php (POST ID=99948)
IMD_CITY_STATION:99948:Chennai-Ennore,2026-10-03T18:20:31+05:30,2026-10-06T00:00:00+05:30,Partly cloudy sky; Max 36.0 °C; Min 27.0 °C,https://city.imd.gov.in/citywx/responsive/api/fetchCity_static.php (POST ID=99948)
IMD_CITY_STATION:99948:Chennai-Ennore,2026-10-03T18:20:31+05:30,2026-10-07T00:00:00+05:30,Partly cloudy sky; Max 36.0 °C; Min 28.0 °C,https://city.imd.gov.in/citywx/responsive/api/fetchCity_static.php (POST ID=99948)
IMD_CITY_STATION:99948:Chennai-Ennore,2026-10-03T18:20:31+05:30,2026-10-08T00:00:00+05:30,Partly cloudy sky; Max 35.0 °C; Min 28.0 °C,https://city.imd.gov.in/citywx/responsive/api/fetchCity_static.php (POST ID=99948)
IMD_CITY_STATION:99948:Chennai-Ennore,2026-10-03T18:20:31+05:30,2026-10-09T00:00:00+05:30,Partly cloudy sky; Max 35.0 °C; Min 28.0 °C,https://city.imd.gov.in/citywx/responsive/api/fetchCity_static.php (POST ID=99948)
IMD_CITY_STATION:43278:Chennai-Nungambakkam,2026-10-04T09:57:50+05:30,2026-10-10T00:00:00+05:30,Partly cloudy sky; Max 35.0 °C; Min 27.0 °C,https://city.imd.gov.in/citywx/responsive/api/fetchCity_static.php (POST ID=43278)
IMD_CITY_STATION:43279:Chennai-Meenambakkam,2026-10-04T09:58:13+05:30,2026-10-10T00:00:00+05:30,Partly cloudy sky; Max 36.0 °C; Min 26.0 °C,https://city.imd.gov.in/citywx/responsive/api/fetchCity_static.php (POST ID=43279)
IMD_CITY_STATION:99947:Chennai-Madhavaram,2026-10-04T10:00:36+05:30,2026-10-10T00:00:00+05:30,Partly cloudy sky; Max 35.0 °C; Min 26.0 °C,https://city.imd.gov.in/citywx/responsive/api/fetchCity_static.php (POST ID=99947)
IMD_CITY_STATION:99948:Chennai-Ennore,2026-10-04T10:01:01+05:30,2026-10-10T00:00:00+05:30,Partly cloudy sky; Max 35.0 °C; Min 26.0 °C,https://city.imd.gov.in/citywx/responsive/api/fetchCity_static.php (POST ID=99948)
