incident_id,title,category_code,lead_dept,zone_name,ward_no,outlet_count,first_reported_at,severity_level,priority_score,gap_strength,suggested_action
INC-20261003-F20CE5,சென்னை | விடுதியில் சகோதரர்கள் சடலம் மீட்பு,FLOOD_RELIEF,DIST-DM,,,1,2026-10-03T10:06:40+05:30,High,98.0,single outlet,Ask DIST-DM to verify on the ground and log it in their system
INC-20260928-D8D861,கொடுங்கையூரில் ரூ.34 கோடி நிலம் மீட்பு 18 கடைகளை இடித்து அகற்றியது மாநகராட்சி,FLOOD_RELIEF,DIST-DM,Tondiarpet,35,1,2026-09-28T02:01:00+05:30,High,93.0,single outlet,Ask DIST-DM to verify on the ground and log it in their system
INC-20260928-E13C81,Man suffers minor injury after concrete step collapses in Pattinapakkam,BUILDING_SAFETY,PWD-BLD,Teynampet,126,1,2026-09-28T00:24:08+05:30,High,93.0,single outlet,Ask PWD-BLD to verify on the ground and log it in their system
INC-20260928-22C36A,"Chennai Dengue Prevention Drive: 1,534 Schools Cleared of Waste and Mosquito Breeding Spots",VECTOR_DISEASE,GCC-HLT,,,1,2026-09-28T09:31:52+05:30,Medium,88.0,single outlet,Ask GCC-HLT to verify on the ground and log it in their system
INC-20260928-448D23,டெங்கு காய்ச்சல் பரவல் எதிரொலி - சென்னை அண்ணா பல்கலை மாணவர்களுக்கு 4 நாட்கள் விடுமுறை!,VECTOR_DISEASE,GCC-HLT,,,1,2026-09-28T06:30:00+05:30,Medium,88.0,single outlet,Ask GCC-HLT to verify on the ground and log it in their system
INC-20261003-ACD919,Chennai Fire Accident| சென்னையின் ஹாட்ஸ்பாட்டில் பயங்கரம்.. அவசர அவசரமாக மக்கள் வெளியேற்றம்,FLOOD_RELIEF,DIST-DM,,,1,2026-10-03T15:36:16+05:30,High,88.0,single outlet,Ask DIST-DM to verify on the ground and log it in their system
INC-20260924-140BF9,17 stray dogs found dead in Madambakkam; IT employee arrested for poisoning,STRAY_ANIMALS,GCC-HLT,,,1,2026-09-24T12:45:58+05:30,High,84.0,single outlet,Ask GCC-HLT to verify on the ground and log it in their system
INC-20260930-8DD8BE,"Chennai Latest News Today on September 30th, 2026: CM-PM Meeting, School Fraud & Dengue Alert",VECTOR_DISEASE,GCC-HLT,,,1,2026-09-30T08:17:50+05:30,Medium,78.0,single outlet,Ask GCC-HLT to verify on the ground and log it in their system
INC-20260930-9840B5,GCC flies drone to spray larvicide over Cooum,VECTOR_DISEASE,GCC-HLT,,,1,2026-09-30T00:21:20+05:30,Medium,78.0,single outlet,Ask GCC-HLT to verify on the ground and log it in their system
INC-20261001-A80722,சென்னையில் டெங்கு பாதிப்பு 2 மடங்கு அதிகரிப்பு!,VECTOR_DISEASE,GCC-HLT,,,1,2026-10-01T08:53:15+05:30,Medium,78.0,single outlet,Ask GCC-HLT to verify on the ground and log it in their system
INC-20260927-847E33,சென்னையில் டெங்கு தடுப்பு நடவடிக்கைகள் தீவிரம்... கோடம்பாக்கத்தில் மாநகராட்சி ஆணையாளர் ஆய்வு,VECTOR_DISEASE,GCC-HLT,,,1,2026-09-27T15:39:00+05:30,Medium,75.0,single outlet,Ask GCC-HLT to verify on the ground and log it in their system
INC-20260927-E308D5,சென்னையில் டெங்கு தடுப்பு நடவடிக்கைகள் தீவிரம்... கோடம்பாக்கத்தில் மாநகராட்சி ஆணையாளர் ஆய்வு,VECTOR_DISEASE,GCC-HLT,,,1,2026-09-27T15:39:35+05:30,Medium,75.0,single outlet,Ask GCC-HLT to verify on the ground and log it in their system
INC-20260928-1A7D1C,வங்க கடலில் காற்றழுத்த தாழ்வு மண்டலம்! சென்னை உள்பட 9 துறைமுகங்களில் புயல் எச்சரிக்கை கூண்டு!,FLOOD_RISK_SIGNAL,DIST-DM,,,1,2026-09-28T15:21:14+05:30,Medium,75.0,single outlet,Ask DIST-DM to verify on the ground and log it in their system
INC-20260924-85CF4A,"Senior citizen falls in between moving train and platform at Guindy railway station, rescued",FLOOD_RELIEF,DIST-DM,Adyar,174,1,2026-09-24T18:07:51+05:30,High,73.0,single outlet,Ask DIST-DM to verify on the ground and log it in their system
INC-20260926-6D4DF9,நேபாள பெருவெள்ளம்: தமிழக யாத்ரீகர்கள் 85 பேர் தொடர்பாக தகவல் எதுவும் இல்லை: உறவினர்கள் வேதனை,FLOOD_WATERLOGGING,GCC-SWD,,,1,2026-09-26T09:41:00+05:30,High,73.0,single outlet,Ask GCC-SWD to verify on the ground and log it in their system
INC-20260921-0CBC0B,"Chennai private hospitals face 12-hour bed waits as flu, dengue surge",VECTOR_DISEASE,GCC-HLT,,,1,2026-09-21T23:17:00+05:30,Medium,68.0,single outlet,Ask GCC-HLT to verify on the ground and log it in their system
INC-20260921-1C9FEC,"Chennai private hospitals face 12-hour bed waits as flu, dengue surge",VECTOR_DISEASE,GCC-HLT,,,1,2026-09-21T23:17:00+05:30,Medium,68.0,single outlet,Ask GCC-HLT to verify on the ground and log it in their system
INC-20260921-817DD6,"மக்களே எச்சரிக்கையுடன் இருங்கள்; தமிழகத்தில் 17,277 பேருக்கு டெங்கு பாதிப்பு",VECTOR_DISEASE,GCC-HLT,,,1,2026-09-21T22:34:00+05:30,Medium,68.0,single outlet,Ask GCC-HLT to verify on the ground and log it in their system
INC-20260922-2336AF,"Chennai hospitals see surge in respiratory infections, dengue cases",VECTOR_DISEASE,GCC-HLT,,,1,2026-09-22T12:24:07+05:30,Medium,68.0,single outlet,Ask GCC-HLT to verify on the ground and log it in their system
INC-20260922-5FE82C,டெங்குவை விட கொடூரம்.. சென்னை மாணவர் உயிரை பறித்த உண்ணிக் காய்ச்சல்! இந்த அறிகுறிகளை கவனிங்க!,VECTOR_DISEASE,GCC-HLT,,,1,2026-09-22T09:37:15+05:30,Medium,68.0,single outlet,Ask GCC-HLT to verify on the ground and log it in their system
INC-20260922-C81A38,Chennai: Students form human chain for dengue awareness #Gallery,VECTOR_DISEASE,GCC-HLT,,,1,2026-09-22T06:34:02+05:30,Medium,68.0,single outlet,Ask GCC-HLT to verify on the ground and log it in their system
INC-20260922-D5575F,"Chennai Hospitals Struggle With Surge In Flu, Respiratory Infections And Dengue | Nation",VECTOR_DISEASE,GCC-HLT,,,1,2026-09-22T12:39:20+05:30,Medium,68.0,single outlet,Ask GCC-HLT to verify on the ground and log it in their system
INC-20260922-E59CAA,டெங்குவை விட கொடூரம்.. சென்னை மாணவர் உயிரை பறித்த உண்ணிக் காய்ச்சல்! இந்த அறிகுறிகளை கவனிங்க!,VECTOR_DISEASE,GCC-HLT,,,1,2026-09-22T09:37:15+05:30,Medium,68.0,single outlet,Ask GCC-HLT to verify on the ground and log it in their system
INC-20260926-9E3A5B,"சென்னை மாநகராட்சிப் பகுதிகளில் உள்ள 1,534 பள்ளிகளில் டெங்கு தடுப்பு நடவடிக்கைகள்",VECTOR_DISEASE,GCC-HLT,,,1,2026-09-26T18:45:51+05:30,Medium,68.0,single outlet,Ask GCC-HLT to verify on the ground and log it in their system
INC-20260926-DBCB29,"சென்னை மாநகராட்சிப் பகுதிகளில் உள்ள 1,534 பள்ளிகளில் டெங்கு தடுப்பு நடவடிக்கைகள்",VECTOR_DISEASE,GCC-HLT,,,1,2026-09-26T18:45:00+05:30,Medium,68.0,single outlet,Ask GCC-HLT to verify on the ground and log it in their system
INC-20260929-54F75B,Chennai Citizen Connect: Exposed e-cables raise safety concerns on Paper Mills Road,DRAINAGE_SEWAGE,GCC-SWD,,,1,2026-09-29T07:19:21+05:30,Medium,66.0,single outlet,Ask GCC-SWD to verify on the ground and log it in their system
INC-20260922-0F8168,சென்னை வண்ணாரப்பேட்டையில் வீட்டின் பால்கனி இடிந்து விழுந்து இளைஞர் உயிரிழப்பு,BUILDING_SAFETY,PWD-BLD,Royapuram,51,1,2026-09-22T13:46:02+05:30,High,65.0,single outlet,Ask PWD-BLD to verify on the ground and log it in their system
INC-20260923-555514,சென்னை: பால்கனி இடிந்து விழுந்து சைக்கிளில் சென்ற வடமாநில இளைஞர் உயிரிழப்பு,BUILDING_SAFETY,PWD-BLD,,,1,2026-09-23T10:19:11+05:30,High,65.0,single outlet,Ask PWD-BLD to verify on the ground and log it in their system
INC-20260923-900A2C,Death of migrant worker: Three demolition notices unenforced in Chennai,BUILDING_SAFETY,PWD-BLD,,,1,2026-09-23T10:19:21+05:30,High,65.0,single outlet,Ask PWD-BLD to verify on the ground and log it in their system
INC-20260927-F0ACE2,பட்டினப்பாக்கம் மீனவர் குடியிருப்பு படிக்கட்டு இடிந்து விழுந்து ஒருவர் படுகாயம்! கொந்தளிக்கும் மக்கள்!,BUILDING_SAFETY,PWD-BLD,Teynampet,126,1,2026-09-27T09:59:57+05:30,High,65.0,single outlet,Ask PWD-BLD to verify on the ground and log it in their system
INC-20260928-8C8EC5,யாருமே பாக்க வரல ஆத்திரத்தில் மக்கள்! Public opinion about dengue fever | dengue cases chennai,VECTOR_DISEASE,GCC-HLT,,,1,2026-09-28T13:06:47+05:30,Medium,65.0,single outlet,Ask GCC-HLT to verify on the ground and log it in their system
INC-20260929-A54FCF,களப் பணியாளர்களுக்கு வேறு பணிகள் வழங்கப்பட்டதால்தான் டெங்கு பாதிப்பு உயர்ந்ததா? சென்னை ஆணையர் பதில்!,VECTOR_DISEASE,GCC-HLT,,,1,2026-09-29T12:54:00+05:30,Medium,65.0,single outlet,Ask GCC-HLT to verify on the ground and log it in their system
INC-20260929-FD1A8B,"ஒரே நாளில் 62 பேருக்கு டெங்கு பாதிப்பு: அண்ணா நகர், அடையாறில் அதிகரிப்பு",VECTOR_DISEASE,GCC-HLT,Anna Nagar,99,1,2026-09-29T19:03:06+05:30,Medium,65.0,single outlet,Ask GCC-HLT to verify on the ground and log it in their system
INC-20260930-2A6AFD,Chennai steps up dengue control measures,VECTOR_DISEASE,GCC-HLT,,,1,2026-09-30T10:57:06+05:30,Medium,65.0,single outlet,Ask GCC-HLT to verify on the ground and log it in their system
INC-20260930-485DFB,"Drones spray larvicide over Cooum, Buckingham Canal",VECTOR_DISEASE,GCC-HLT,,,1,2026-09-30T10:16:58+05:30,Medium,65.0,single outlet,Ask GCC-HLT to verify on the ground and log it in their system
INC-20260930-708C37,"Chennai Dengue Cases Reach 1,775: GCC Intensifies Mosquito Control with Drones",VECTOR_DISEASE,GCC-HLT,,,1,2026-09-30T09:36:26+05:30,Medium,65.0,single outlet,Ask GCC-HLT to verify on the ground and log it in their system
INC-20260930-855DCE,சென்னையில் அதிகரிக்கும் டெங்கு பாதிப்பு..? | NEWS7 TAMIL,VECTOR_DISEASE,GCC-HLT,,,1,2026-09-30T02:58:00+05:30,Medium,65.0,single outlet,Ask GCC-HLT to verify on the ground and log it in their system
INC-20261001-009895,சென்னையில் எகிறும் டெங்கு! செப்டம்பரில் பாதிப்பு பல மடங்கு அதிகரிப்பு!,VECTOR_DISEASE,GCC-HLT,,,1,2026-10-01T10:22:00+05:30,Medium,65.0,single outlet,Ask GCC-HLT to verify on the ground and log it in their system
INC-20261001-13684E,BREAKING | சென்னையில் 2 மடங்கு உயர்ந்த டெங்கு பாதிப்பு | Chennai | Dengue Fever | Tamil News,VECTOR_DISEASE,GCC-HLT,,,1,2026-10-01T09:48:15+05:30,Medium,65.0,single outlet,Ask GCC-HLT to verify on the ground and log it in their system
INC-20261001-14FB56,சென்னையில் டெங்கு பாதிப்பு அதிகரிப்பு: நேற்று ஒரே நாளில் 72 பேருக்கு காய்ச்சல் உறுதி,VECTOR_DISEASE,GCC-HLT,,,1,2026-10-01T10:48:00+05:30,Medium,65.0,single outlet,Ask GCC-HLT to verify on the ground and log it in their system
INC-20261001-34FD82,சென்னையில் டெங்கு பாதிப்பு இரு மடங்கு அதிகரிப்பு!,VECTOR_DISEASE,GCC-HLT,,,1,2026-10-01T10:08:42+05:30,Medium,65.0,single outlet,Ask GCC-HLT to verify on the ground and log it in their system
INC-20261001-3EC5BE,"Dengue cases in Chennai more than double in September to 1,290, says Tamil Nadu Health Department",VECTOR_DISEASE,GCC-HLT,,,1,2026-10-01T11:02:46+05:30,Medium,65.0,single outlet,Ask GCC-HLT to verify on the ground and log it in their system
INC-20261001-74E755,சென்னையில் டெங்கு காய்ச்சல் பாதிப்பு ஒரு மாதத்தில் இருமடங்காக அதிகரிப்பு,VECTOR_DISEASE,GCC-HLT,,,1,2026-10-01T08:53:38+05:30,Medium,65.0,single outlet,Ask GCC-HLT to verify on the ground and log it in their system
INC-20261001-775D5B,சென்னையில் எகிறும் டெங்கு! செப்டம்பரில் பாதிப்பு பல மடங்கு அதிகரிப்பு!,VECTOR_DISEASE,GCC-HLT,,,1,2026-10-01T10:22:00+05:30,Medium,65.0,single outlet,Ask GCC-HLT to verify on the ground and log it in their system
INC-20261001-8B7E86,சென்னையில் டெங்கு பாதிப்பு இருமடங்காக உயர்வு.. நேற்று ஒரே நாளில் 72 பேருக்கு பாதிப்பு! மக்கள் அச்சம்,VECTOR_DISEASE,GCC-HLT,,,1,2026-10-01T09:47:55+05:30,Medium,65.0,single outlet,Ask GCC-HLT to verify on the ground and log it in their system
INC-20261001-92365E,"Chennai Dengue Cases Double in September: 1,290 Reported",VECTOR_DISEASE,GCC-HLT,,,1,2026-10-01T10:23:18+05:30,Medium,65.0,single outlet,Ask GCC-HLT to verify on the ground and log it in their system
INC-20261001-924EB3,சென்னையில் டெங்கு பாதிப்பு இருமடங்கு உயர்வு!,VECTOR_DISEASE,GCC-HLT,,,1,2026-10-01T10:39:30+05:30,Medium,65.0,single outlet,Ask GCC-HLT to verify on the ground and log it in their system
INC-20261001-985EE5,சென்னையில் டெங்கு பாதிப்பு 2 மடங்கு அதிகரிப்பு,VECTOR_DISEASE,GCC-HLT,,,1,2026-10-01T06:40:00+05:30,Medium,65.0,single outlet,Ask GCC-HLT to verify on the ground and log it in their system
INC-20261001-BC66FF,"Dengue cases rise in Chennai, 1,290 people affected in September: Tamil Nadu Health Department",VECTOR_DISEASE,GCC-HLT,,,1,2026-10-01T10:57:00+05:30,Medium,65.0,single outlet,Ask GCC-HLT to verify on the ground and log it in their system
INC-20261001-C7348B,சென்னையில் டெங்கு காய்ச்சல் பாதிப்பு ஒரு மாதத்தில் இருமடங்காக அதிகரிப்பு,VECTOR_DISEASE,GCC-HLT,,,1,2026-10-01T08:53:38+05:30,Medium,65.0,single outlet,Ask GCC-HLT to verify on the ground and log it in their system
INC-20261001-C921CC,சென்னையில் டெங்கு காய்ச்சல் பாதிப்பு ஒரு மாதத்தில் இருமடங்காக அதிகரிப்பு..!!,VECTOR_DISEASE,GCC-HLT,,,1,2026-10-01T10:21:23+05:30,Medium,65.0,single outlet,Ask GCC-HLT to verify on the ground and log it in their system
INC-20261001-CBA6AF,சென்னையில் டெங்கு பாதிப்பு அதிகரிப்பு: நேற்று ஒரே நாளில் 72 பேருக்கு காய்ச்சல் உறுதி,VECTOR_DISEASE,GCC-HLT,,,1,2026-10-01T10:48:10+05:30,Medium,65.0,single outlet,Ask GCC-HLT to verify on the ground and log it in their system
INC-20260929-79CF07,Villivakkam Children’s Park Turns Unsafe as Maintenance Fails,DARK_SPOT_SAFETY,GCC-ELE,Anna Nagar,94,1,2026-09-29T14:30:20+05:30,Medium,63.0,single outlet,Ask GCC-ELE to verify on the ground and log it in their system
INC-20260921-284925,"கேரளாவில் வெள்ளம், நிலச்சரிவு; ஒரே நாளில் ஒன்பது பேர் பலியான சோகம்",FLOOD_WATERLOGGING,GCC-SWD,,,1,2026-09-21T18:07:00+05:30,Medium,60.0,single outlet,Ask GCC-SWD to verify on the ground and log it in their system
INC-20261001-0CB7AB,சென்னை மக்களே ரிலாக்ஸ் - மழை வெள்ளம் குறித்து இனி 3 நாட்களுக்கு முன்னரே கணித்து விடலாம்,FLOOD_WATERLOGGING,GCC-SWD,,,1,2026-10-01T21:09:32+05:30,Medium,60.0,single outlet,Ask GCC-SWD to verify on the ground and log it in their system
INC-20260927-2EEF92,Senior citizen killed after tree branch falls on him in Royapettah,TREES_PARKS,GCC-PRK,Teynampet,115,1,2026-09-27T23:39:15+05:30,Medium,56.0,single outlet,Ask GCC-PRK to verify on the ground and log it in their system
INC-20260920-0FD797,அண்ணா நகரில் ‘டெங்கு’ தடுப்பு பணிகள் தீவிரம்,VECTOR_DISEASE,GCC-HLT,Anna Nagar,99,1,2026-09-20T17:23:00+05:30,Medium,55.0,single outlet,Ask GCC-HLT to verify on the ground and log it in their system
INC-20260920-6EE313,சென்னையை அச்சுறுத்தும் டெங்கு கொசுக்கள்..! உங்கள் வீடு தேடி வரும் அதிகாரிகள்..!,VECTOR_DISEASE,GCC-HLT,,,1,2026-09-20T13:01:00+05:30,Medium,55.0,single outlet,Ask GCC-HLT to verify on the ground and log it in their system
INC-20260920-B4B95F,Chennai civic body steps up dengue control as city sees over 650 cases in September,VECTOR_DISEASE,GCC-HLT,,,1,2026-09-20T11:33:55+05:30,Medium,55.0,single outlet,Ask GCC-HLT to verify on the ground and log it in their system
INC-20260920-CA1ED0,"Chennai records 4,600 fever cases so far in September: Corporation",VECTOR_DISEASE,GCC-HLT,,,1,2026-09-20T23:10:36+05:30,Medium,55.0,single outlet,Ask GCC-HLT to verify on the ground and log it in their system
INC-20260921-0B51D2,Chennai Dengue Cases Rise: GCC Intensifies Mosquito Control in Colleges and Hostels,VECTOR_DISEASE,GCC-HLT,,,1,2026-09-21T12:15:10+05:30,Medium,55.0,single outlet,Ask GCC-HLT to verify on the ground and log it in their system
INC-20260921-0F7620,மகாபிரபு நீங்க இங்கேயும் வந்துட்டீங்களா! எல்-நினோவால் டெங்கு அதிகரிப்பு? சென்னைக்கு பெரிய வார்னிங்!,VECTOR_DISEASE,GCC-HLT,,,1,2026-09-21T07:36:40+05:30,Medium,55.0,single outlet,Ask GCC-HLT to verify on the ground and log it in their system
INC-20260921-274696,பருவநிலை மாற்றத்தால் சென்னையில் அதிகரிக்கிறதா டெங்கு பாதிப்பு?,VECTOR_DISEASE,GCC-HLT,,,1,2026-09-21T03:35:00+05:30,Medium,55.0,single outlet,Ask GCC-HLT to verify on the ground and log it in their system
INC-20260921-5E053F,சென்னை மாநகராட்சியில் கொசு ஒழிப்பு நடவடிக்கைகள் தீவிரம்,VECTOR_DISEASE,GCC-HLT,,,1,2026-09-21T18:29:55+05:30,Medium,55.0,single outlet,Ask GCC-HLT to verify on the ground and log it in their system
INC-20260921-768429,Chennai: Civic workers conduct dengue prevention drive #Gallery,VECTOR_DISEASE,GCC-HLT,,,1,2026-09-21T01:38:48+05:30,Medium,55.0,single outlet,Ask GCC-HLT to verify on the ground and log it in their system
INC-20260921-8F8EDF,"சென்னையில் டெங்கு ஒழிப்பிற்காக பாதுகாப்பு மற்றும் தூய்மைப் பணியில் 3,597 பணியாளர்கள்! மாநகராட்சி ஆணையர் தகவல்",VECTOR_DISEASE,GCC-HLT,,,1,2026-09-21T16:31:54+05:30,Medium,55.0,single outlet,Ask GCC-HLT to verify on the ground and log it in their system
INC-20260921-B114DD,தமிழகத்தில் ஒரே நாளில் 228 பேருக்கு டெங்கு: சென்னையில் மட்டும் இத்தனை பேரா?,VECTOR_DISEASE,GCC-HLT,,,1,2026-09-21T11:55:26+05:30,Medium,55.0,single outlet,Ask GCC-HLT to verify on the ground and log it in their system
INC-20260921-E9C503,"தமிழகத்தில் 17,000-ஐ கடந்த டெங்கு பாதிப்பு! சென்னையில் மட்டும் 650-ஐ தாண்டியது.. மக்கள் எச்சரிக்கையாக இருக்க வேண்டியது ஏ",VECTOR_DISEASE,GCC-HLT,,,1,2026-09-21T08:01:53+05:30,Medium,55.0,single outlet,Ask GCC-HLT to verify on the ground and log it in their system
INC-20260921-FDF290,சென்னையில் 654 பேருக்கு டெங்கு பாதிப்பு: தினமும் 100 இடங்களில் மருத்துவ முகாம்கள்!,VECTOR_DISEASE,GCC-HLT,,,1,2026-09-21T01:00:00+05:30,Medium,55.0,single outlet,Ask GCC-HLT to verify on the ground and log it in their system
INC-20260922-26C5B6,"Chennai Dengue Prevention Drive: GCC Finds Mosquito Breeding Sources in 4,192 Houses",VECTOR_DISEASE,GCC-HLT,,,1,2026-09-22T12:45:33+05:30,Medium,55.0,single outlet,Ask GCC-HLT to verify on the ground and log it in their system
INC-20260922-56D5B4,"சென்னை மாநகராட்சியில் 4,192 வீடுகளில் கொசுப்புழு அழிப்பு",VECTOR_DISEASE,GCC-HLT,,,1,2026-09-22T00:58:00+05:30,Medium,55.0,single outlet,Ask GCC-HLT to verify on the ground and log it in their system
INC-20260922-96888C,சென்னையில் அதிகரிக்கும் டெங்கு பாதிப்பு! Public opinion about dengue fever | dengue cases chennai,VECTOR_DISEASE,GCC-HLT,,,1,2026-09-22T12:00:25+05:30,Medium,55.0,single outlet,Ask GCC-HLT to verify on the ground and log it in their system
INC-20260922-9CED42,"சென்னையில் டெங்கு தடுப்பு பணிகள் தீவிரம்: ஒரே நாளில் 1,838 கிலோ தேவையற்ற பொருட்கள் அகற்றம்",VECTOR_DISEASE,GCC-HLT,,,1,2026-09-22T23:40:53+05:30,Medium,55.0,single outlet,Ask GCC-HLT to verify on the ground and log it in their system
INC-20260922-B0451F,Dengue | சென்னையில் பெருக்கெடுக்கும் டெங்கு காய்ச்சல் தீவிர தடுப்பு பணியில் மாநகராட்சி,VECTOR_DISEASE,GCC-HLT,,,1,2026-09-22T08:41:19+05:30,Medium,55.0,single outlet,Ask GCC-HLT to verify on the ground and log it in their system
INC-20260922-E6D141,"சென்னையில் டெங்கு காய்ச்சல் வேகமாகப் பரவுகிறது: தமிழகத்தில் 2,000 பேருக்கு சிகிச்சை",VECTOR_DISEASE,GCC-HLT,,,1,2026-09-22T00:08:30+05:30,Medium,55.0,single outlet,Ask GCC-HLT to verify on the ground and log it in their system
INC-20260922-EC2D87,சென்னை மாநகராட்சி மற்றும் வைஷ்ணவா கல்லூரி சார்பில் டெங்கு விழிப்புணர்வு நிகழ்ச்சி நடந்தது. இதில் பாதிப்பை ஏற்படுத்தும் க,VECTOR_DISEASE,GCC-HLT,,,1,2026-09-22T07:30:12+05:30,Medium,55.0,single outlet,Ask GCC-HLT to verify on the ground and log it in their system
INC-20260922-F5CE11,சென்னையை உலுக்கும் டெங்கு ! தமிழகம் முழுவதும் 2000 பேருக்கு சிகிச்சை! குறுக்கே வந்த உண்ணி காய்ச்சல்!,VECTOR_DISEASE,GCC-HLT,,,1,2026-09-22T08:44:53+05:30,Medium,55.0,single outlet,Ask GCC-HLT to verify on the ground and log it in their system
INC-20260925-2D688D,சென்னையில் வீடுதோறும் காய்ச்சல்? மழைக்காலத்தில் அதிகரிக்கும் தொற்றுகள் குறித்து எச்சரிக்கை,VECTOR_DISEASE,GCC-HLT,,,1,2026-09-25T21:47:33+05:30,Medium,55.0,single outlet,Ask GCC-HLT to verify on the ground and log it in their system
INC-20261001-050A78,"சென்னையில் டெங்கு பாதிப்பு அதிகரிப்பு! செப்டம்பரில் மட்டும் 1,290 வழக்குகள் பதிவு #Chennai #Dengue #DengueFever #TamilNa",VECTOR_DISEASE,GCC-HLT,,,1,2026-10-01T15:18:16+05:30,Medium,55.0,single outlet,Ask GCC-HLT to verify on the ground and log it in their system
INC-20261001-2478A8,tamil nadu chennai dengue,VECTOR_DISEASE,GCC-HLT,,,1,2026-10-01T11:26:30+05:30,Medium,55.0,single outlet,Ask GCC-HLT to verify on the ground and log it in their system
INC-20261001-54A9EB,Dengue cases surge in Chennai,VECTOR_DISEASE,GCC-HLT,,,1,2026-10-01T13:25:54+05:30,Medium,55.0,single outlet,Ask GCC-HLT to verify on the ground and log it in their system
INC-20261001-89BD51,சென்னையில் டெங்கு பாதிப்பு இரு மடங்கு உயர்வு - கொசு ஒழிப்பு பணிகள் தீவிரம்,VECTOR_DISEASE,GCC-HLT,,,1,2026-10-01T12:22:34+05:30,Medium,55.0,single outlet,Ask GCC-HLT to verify on the ground and log it in their system
INC-20261001-CD64E9,"சென்னையில் 1,219 பேர் டெங்கு காய்ச்சலால் பாதிப்பு",VECTOR_DISEASE,GCC-HLT,,,1,2026-10-01T13:51:16+05:30,Medium,55.0,single outlet,Ask GCC-HLT to verify on the ground and log it in their system
INC-20261001-D30F37,மக்களே உஷாரா இருங்க..! சென்னையில் டெங்கு பாதிப்பு இரு மடங்கு உயர்வு,VECTOR_DISEASE,GCC-HLT,,,1,2026-10-01T13:23:33+05:30,Medium,55.0,single outlet,Ask GCC-HLT to verify on the ground and log it in their system
INC-20261002-4FD3DE,சென்னையில் டெங்கு வேகம்! ஒரே நாளில் 118 பேர் பாதிப்பு,VECTOR_DISEASE,GCC-HLT,,,1,2026-10-02T10:26:39+05:30,Medium,55.0,single outlet,Ask GCC-HLT to verify on the ground and log it in their system
INC-20261002-53BD47,Chennai Dengue Cases Double in September Before Monsoon,VECTOR_DISEASE,GCC-HLT,,,1,2026-10-02T14:43:45+05:30,Medium,55.0,single outlet,Ask GCC-HLT to verify on the ground and log it in their system
INC-20261002-99437C,திருத்தணியில் டெங்கு காய்ச்சல் தடுப்பு விழிப்புணர்வு பேரணி | Dinakaran Chennai - newspaper,VECTOR_DISEASE,GCC-HLT,,,1,2026-10-02T13:36:31+05:30,Medium,55.0,single outlet,Ask GCC-HLT to verify on the ground and log it in their system
INC-20261002-A73DA8,கண்டுக்காத விஜய்? சென்னையில் 2 மடங்கு எகிறிய டெங்கு பாதிப்பு.. எங்கே சொதப்புது தவெக அரசு?,VECTOR_DISEASE,GCC-HLT,,,1,2026-10-02T12:36:48+05:30,Medium,55.0,single outlet,Ask GCC-HLT to verify on the ground and log it in their system
INC-20261003-09977D,"டெங்கு, டைபாய்டு பாதிப்பை தடுக்க சென்னையில் சிறப்பு ஏற்பாடுகள்",VECTOR_DISEASE,GCC-HLT,,,1,2026-10-03T11:21:36+05:30,Medium,55.0,single outlet,Ask GCC-HLT to verify on the ground and log it in their system
INC-20261003-0A43FE,"சென்னையில் 2,000 பேருக்கு டெங்கு! 109 இடங்களில் இன்று சிறப்பு மருத்துவ முகாம்கள்!",VECTOR_DISEASE,GCC-HLT,,,1,2026-10-03T12:34:00+05:30,Medium,55.0,single outlet,Ask GCC-HLT to verify on the ground and log it in their system
INC-20261003-3E0C49,தலைநகரை அச்சுறுத்தும் டெங்கு பரவல்: சென்னை முழுவதும் சிறப்பு முகாம்கள்,VECTOR_DISEASE,GCC-HLT,,,1,2026-10-03T12:23:08+05:30,Medium,55.0,single outlet,Ask GCC-HLT to verify on the ground and log it in their system
INC-20261003-4D9192,"சென்னையில் 2,000 பேருக்கு டெங்கு! 109 இடங்களில் இன்று சிறப்பு மருத்துவ முகாம்கள்!",VECTOR_DISEASE,GCC-HLT,,,1,2026-10-03T12:50:35+05:30,Medium,55.0,single outlet,Ask GCC-HLT to verify on the ground and log it in their system
INC-20261003-500EE7,சென்னையில் டெங்கு பாதிப்பை தடுக்க மருத்துவ முகாம்கள்,VECTOR_DISEASE,GCC-HLT,,,1,2026-10-03T16:18:59+05:30,Medium,55.0,single outlet,Ask GCC-HLT to verify on the ground and log it in their system
INC-20261003-703BAE,Dengue fever | Chennai | அதிகரிக்கும் டெங்கு காய்ச்சல் அச்சம் - சென்னை முழுவதும் தடுப்பு முகாம்கள்,VECTOR_DISEASE,GCC-HLT,,,1,2026-10-03T12:24:36+05:30,Medium,55.0,single outlet,Ask GCC-HLT to verify on the ground and log it in their system
INC-20261003-BCFD4B,"சென்னையில் ஒரே நாளில் 50 பேருக்கு டெங்குஉறுதி- 2,000-ஐ கடந்த பாதிப்பு?",VECTOR_DISEASE,GCC-HLT,,,1,2026-10-03T11:39:00+05:30,Medium,55.0,single outlet,Ask GCC-HLT to verify on the ground and log it in their system
INC-20261003-C9D5B8,#BIG NEWS : சென்னையில் ஒரே நாளில் 50 பேருக்கு டெங்கு..!!,VECTOR_DISEASE,GCC-HLT,,,1,2026-10-03T11:49:54+05:30,Medium,55.0,single outlet,Ask GCC-HLT to verify on the ground and log it in their system
INC-20261003-DFA8F4,#justin | சென்னையில் காய்ச்சல் சிறப்பு முகாம் #Dengue | #ChennaiCorporation | #GCC | #HealthCamps | #Fever | #TNGovt | #,VECTOR_DISEASE,GCC-HLT,,,1,2026-10-03T08:32:07+05:30,Medium,55.0,single outlet,Ask GCC-HLT to verify on the ground and log it in their system
INC-20261004-9E3140,தமிழ்நாட்டின் கடலோரத்தில் ஒரே நாளில் 500 மி.மீ. மழைப்பொழிவு ஏற்படலாம்! விரிவான தகவல்!,FLOOD_RISK_SIGNAL,DIST-DM,,,1,2026-10-04T09:10:09+05:30,Medium,55.0,single outlet,Ask DIST-DM to verify on the ground and log it in their system
INC-20261004-F67357,சென்னையில் ஒரே மாதத்தில் 2 ஆயிரம் பேர் டெங்குவால் பாதிப்பு,VECTOR_DISEASE,GCC-HLT,,,1,2026-10-04T08:37:57+05:30,Medium,55.0,single outlet,Ask GCC-HLT to verify on the ground and log it in their system
INC-20260921-9E581D,'அர்னாப்' புயல்.. சென்னையில் பேய் மழை! உச்சக்கட்ட அலர்ட் கொடுத்த வானிலை மையம்!,FLOOD_RISK_SIGNAL,DIST-DM,,,1,2026-09-21T14:41:16+05:30,Medium,50.0,single outlet,Ask DIST-DM to verify on the ground and log it in their system
INC-20260923-6417E1,டெங்கு பரவல் கட்டுக்குள் உள்ளது: சென்னை மாநகராட்சி ஆணையர் சமீரன் பேட்டி!,VECTOR_DISEASE,GCC-HLT,,,1,2026-09-23T22:15:53+05:30,Medium,50.0,single outlet,Ask GCC-HLT to verify on the ground and log it in their system
INC-20260924-36E4BC,சாலையில் திடீர் விரிசல் பெரம்பூரில் பரபரப்பு!,BUILDING_SAFETY,PWD-BLD,Thiru-Vi-Ka-Nagar,68,1,2026-09-24T18:02:13+05:30,Medium,50.0,single outlet,Ask PWD-BLD to verify on the ground and log it in their system
INC-20260924-36EE0E,சென்னையில் மேற்கொள்ளப்பட்டு வரும் டெங்கு தடுப்பு நடவடிக்கைகள் - வட்டார துணை ஆணையாளர்கள் ஆய்வு,VECTOR_DISEASE,GCC-HLT,,,1,2026-09-24T21:17:00+05:30,Medium,50.0,single outlet,Ask GCC-HLT to verify on the ground and log it in their system
INC-20260924-3A9115,Dengue cases rise in Chennai as fever patients surge,VECTOR_DISEASE,GCC-HLT,,,1,2026-09-24T11:48:18+05:30,Medium,50.0,single outlet,Ask GCC-HLT to verify on the ground and log it in their system
INC-20260924-C14A9A,சென்னையில் மேற்கொள்ளப்பட்டு வரும் டெங்கு தடுப்பு நடவடிக்கைகள் - வட்டார துணை ஆணையாளர்கள் ஆய்வு,VECTOR_DISEASE,GCC-HLT,,,1,2026-09-24T21:17:47+05:30,Medium,50.0,single outlet,Ask GCC-HLT to verify on the ground and log it in their system
INC-20260928-7C8C5C,சென்னையில் நாளை (29.09.2026) பல்வேறு பகுதிகளில் மின்தடை - எந்தெந்த இடங்களில் தெரியுமா?,STREETLIGHT_ELECTRICAL,GCC-ELE,,,1,2026-09-28T10:04:57+05:30,Low,50.0,single outlet,Ask GCC-ELE to verify on the ground and log it in their system
INC-20260928-887A78,பிரதான குடிநீர் குழாய் வழித்தடம் மாற்றி அமைப்பு பணி நிறைவு; இன்று முதல் சோழிங்கநல்லூர் பகுதிகளில் சீரான குடிநீர் விநியோக,WATER_SUPPLY,CMWSSB,Sholinganallur,197,1,2026-09-28T15:53:51+05:30,Medium,50.0,single outlet,Ask CMWSSB to verify on the ground and log it in their system
INC-20260928-AECF52,பிரதான குடிநீர் குழாய் வழித்தடம் மாற்றி அமைப்பு பணி நிறைவு; இன்று முதல் சோழிங்கநல்லூர் பகுதிகளில் சீரான குடிநீர் விநியோக,WATER_SUPPLY,CMWSSB,Sholinganallur,197,1,2026-09-28T15:53:51+05:30,Medium,50.0,single outlet,Ask CMWSSB to verify on the ground and log it in their system
INC-20260929-02C890,எல் நினோ தாக்கம்; சென்னைக்கு குடிநீர் தட்டுப்பாடு வருமா?,WATER_SUPPLY,CMWSSB,,,1,2026-09-29T15:11:48+05:30,Medium,50.0,single outlet,Ask CMWSSB to verify on the ground and log it in their system
INC-20260929-38E2CA,"Chennai Latest News Today on September 29th, 2026: Flood Work Deadline, Kidnapping Arrest & Power Outages",STREETLIGHT_ELECTRICAL,GCC-ELE,,,1,2026-09-29T09:19:44+05:30,Low,50.0,single outlet,Ask GCC-ELE to verify on the ground and log it in their system
INC-20260929-566F40,Chennai Power Cut: செப்டம்பர் 30ம் தேதி சென்னையில் 9 இடங்களில் மின்தடை.. உங்க ஏரியா இருக்கா?,STREETLIGHT_ELECTRICAL,GCC-ELE,,,1,2026-09-29T15:36:20+05:30,Low,50.0,single outlet,Ask GCC-ELE to verify on the ground and log it in their system
INC-20260929-9BE264,சென்னையில் குடிநீர் தட்டுப்பாடு ஏற்படும் அபாயம்.!! வேகமாக குறைந்து வரும் 6 ஏரிகளின் நீர் இருப்பு...,WATER_SUPPLY,CMWSSB,,,1,2026-09-29T16:51:19+05:30,Medium,50.0,single outlet,Ask CMWSSB to verify on the ground and log it in their system
INC-20260929-BE1368,சென்னை குடிநீர் ஆதாரங்களில் கடும் சரிவு: 6 ஏரிகளின் நீர் இருப்பு 5 டிஎம்சியாகக் குறைந்தது!,WATER_SUPPLY,CMWSSB,,,1,2026-09-29T10:11:00+05:30,Medium,50.0,single outlet,Ask CMWSSB to verify on the ground and log it in their system
INC-20260929-C01195,சென்னையில் நாளை (30.09.2026) பல்வேறு பகுதிகளில் மின்தடை - எந்தெந்த இடங்களில் தெரியுமா?...,STREETLIGHT_ELECTRICAL,GCC-ELE,,,1,2026-09-29T08:45:25+05:30,Low,50.0,single outlet,Ask GCC-ELE to verify on the ground and log it in their system
INC-20260929-DAB910,Chennai Water Supply Restored in Adyar and Perungudi After Pipeline Relocation,WATER_SUPPLY,CMWSSB,Adyar,176,1,2026-09-29T11:01:57+05:30,Medium,50.0,single outlet,Ask CMWSSB to verify on the ground and log it in their system
INC-20260929-DDFFA9,"Chennai Latest News Today on September 29th, 2026: Flood Work Deadline, Kidnapping Arrest & Power Outages",STREETLIGHT_ELECTRICAL,GCC-ELE,,,1,2026-09-29T09:19:44+05:30,Low,50.0,single outlet,Ask GCC-ELE to verify on the ground and log it in their system
INC-20260929-E2E5D9,மின் தடை அலெர்ட்.. சென்னையில் நாளை (30.09.2026) எங்கெல்லாம் மின்சாரம் இருக்காது.. முழு விவரம் | Chennai Power Cut,STREETLIGHT_ELECTRICAL,GCC-ELE,,,1,2026-09-29T13:33:30+05:30,Low,50.0,single outlet,Ask GCC-ELE to verify on the ground and log it in their system
INC-20260929-F846A4,சென்னையில் குடிநீர் தட்டுப்பாடு ஏற்படும் அபாயம்.!! வேகமாக குறைந்து வரும் 6 ஏரிகளின் நீர் இருப்பு...,WATER_SUPPLY,CMWSSB,,,1,2026-09-29T16:51:19+05:30,Medium,50.0,single outlet,Ask CMWSSB to verify on the ground and log it in their system
INC-20260929-FBA90B,Chennai Power Cut: செப்டம்பர் 30ம் தேதி சென்னையில் 9 இடங்களில் மின்தடை.. உங்க ஏரியா இருக்கா?,STREETLIGHT_ELECTRICAL,GCC-ELE,,,1,2026-09-29T15:36:20+05:30,Low,50.0,single outlet,Ask GCC-ELE to verify on the ground and log it in their system
INC-20260930-707A05,குடிநீர் குழாய்களில் ஏற்படும் கசிவுகளை கண்டுபிடிக்க ரோபோடிக் கேமரா- சென்னையில் அறிமுகம்,WATER_SUPPLY,CMWSSB,,,1,2026-09-30T18:41:46+05:30,Medium,50.0,single outlet,Ask CMWSSB to verify on the ground and log it in their system
INC-20260930-930417,சென்னையில் நாளை (01.10.2026) பல்வேறு பகுதிகளில் மின்தடை - எந்தெந்த இடங்களில் தெரியுமா?,STREETLIGHT_ELECTRICAL,GCC-ELE,,,1,2026-09-30T08:36:00+05:30,Low,50.0,single outlet,Ask GCC-ELE to verify on the ground and log it in their system
INC-20260930-A7B90F,சென்னையில் நாளை (01.10.2026) பல்வேறு பகுதிகளில் மின்தடை - எந்தெந்த இடங்களில் தெரியுமா?,STREETLIGHT_ELECTRICAL,GCC-ELE,,,1,2026-09-30T08:36:15+05:30,Low,50.0,single outlet,Ask GCC-ELE to verify on the ground and log it in their system
INC-20260930-ADFE5F,சென்னையில் குடிநீர்த் தட்டுப்பாடு ஆபத்து: ஆறு ஏரிகளின் நீர் இருப்பு பாதியாகச் சரிவு,WATER_SUPPLY,CMWSSB,,,1,2026-09-30T15:28:39+05:30,Medium,50.0,single outlet,Ask CMWSSB to verify on the ground and log it in their system
INC-20260930-D26DD4,குடிநீர் குழாய்களில் ஏற்படும் கசிவுகளை கண்டுபிடிக்க ரோபோடிக் கேமரா- சென்னையில் அறிமுகம்,WATER_SUPPLY,CMWSSB,,,1,2026-09-30T18:41:46+05:30,Medium,50.0,single outlet,Ask CMWSSB to verify on the ground and log it in their system
INC-20260930-DFEFC4,சென்னையில் குடிநீர் தட்டுப்பாடு: ஏரிகளின் நீர் இருப்பு சரிவு,WATER_SUPPLY,CMWSSB,,,1,2026-09-30T15:28:39+05:30,Medium,50.0,single outlet,Ask CMWSSB to verify on the ground and log it in their system
INC-20261001-CE742C,"Chennai Latest News Today on October 1st, 2026: Road Cave-in, Metro Progress, Water Scarcity & Dengue",WATER_SUPPLY,CMWSSB,,,1,2026-10-01T08:22:41+05:30,Medium,50.0,single outlet,Ask CMWSSB to verify on the ground and log it in their system
INC-20261003-F4C041,சென்னையில் மின்சாரம் தாக்கி 4 வயது சிறுவன் படுகாயம்,STREETLIGHT_ELECTRICAL,GCC-ELE,,,1,2026-10-03T10:49:47+05:30,Medium,50.0,single outlet,Ask GCC-ELE to verify on the ground and log it in their system
INC-20260927-99D2A0,Chennai Citizen Connect: Wet-mix pothole repairs put Mettu Road residents at risk,ROAD_DAMAGE,GCC-ENG,,,1,2026-09-27T07:28:44+05:30,Medium,48.0,single outlet,Ask GCC-ENG to verify on the ground and log it in their system
INC-20260922-C989F9,சென்னை Metro Water-ல் கழிவுநீர் கலப்பை கண்காணிக்க அதிநவீன சென்சார் பொருத்தம்!,DRAINAGE_SEWAGE,GCC-SWD,,,1,2026-09-22T17:50:00+05:30,Medium,45.0,single outlet,Ask GCC-SWD to verify on the ground and log it in their system
INC-20260922-FC0AA3,ZEE Tamil News. . சென்னை Metro Water-ல் கழிவுநீர் கலப்பை கண்காணிக்க அதிநவீன சென்சார் பொருத்தம்! #ZeetamilNews #ChennaiMe,DRAINAGE_SEWAGE,GCC-SWD,,,1,2026-09-22T16:43:38+05:30,Medium,45.0,single outlet,Ask GCC-SWD to verify on the ground and log it in their system
INC-20260923-17E246,"வங்கக்கடலில் சுற்றும் சூறாவளி.. சென்னை, நாகையில் புயல் எச்சரிக்கை கூண்டு ஏற்றம்!",FLOOD_RISK_SIGNAL,DIST-DM,,,1,2026-09-23T09:25:06+05:30,Medium,45.0,single outlet,Ask DIST-DM to verify on the ground and log it in their system
INC-20260926-1B1B8D,மீண்டும் ஒரு வெள்ள பேரழிவை சென்னை தாங்காது போர்க்கால வேகத்தில் மழைநீர் வடிகால் பணிகள்: அன்புமணி வலியுறுத்தல்,DRAINAGE_SEWAGE,GCC-SWD,,,1,2026-09-26T01:14:29+05:30,Medium,45.0,single outlet,Ask GCC-SWD to verify on the ground and log it in their system
INC-20260928-8998C7,Perungudi Gets Water ATM as Heat Study Flags Drinking Water Gaps,WATER_SUPPLY,CMWSSB,Perungudi,184,1,2026-09-28T14:45:32+05:30,Medium,45.0,single outlet,Ask CMWSSB to verify on the ground and log it in their system
INC-20260928-E4393D,அடையாறு மண்டலத்தில் குடிநீர் வினியோகம் சீரானது,WATER_SUPPLY,CMWSSB,Adyar,176,1,2026-09-28T18:13:00+05:30,Medium,45.0,single outlet,Ask CMWSSB to verify on the ground and log it in their system
INC-20260929-5073A1,"அடையாறு, பெருங்குடி மண்டலங்களில் குடிநீர் விநியோகம் சீரானது",WATER_SUPPLY,CMWSSB,Adyar,176,1,2026-09-29T07:42:32+05:30,Medium,45.0,single outlet,Ask CMWSSB to verify on the ground and log it in their system
INC-20260929-5D00E5,Chennai Water Supply Restored in Adyar and Perungudi After Pipeline Relocation,WATER_SUPPLY,CMWSSB,Adyar,176,1,2026-09-29T11:01:56+05:30,Medium,45.0,single outlet,Ask CMWSSB to verify on the ground and log it in their system
INC-20260930-C94D59,Storage in reservoirs dip; desalination plants come to the rescue of Metrowater,WATER_SUPPLY,CMWSSB,Adyar,174,1,2026-09-30T00:18:07+05:30,Medium,45.0,single outlet,Ask CMWSSB to verify on the ground and log it in their system
INC-20261001-0EF7ED,"₹7cr restoration of Pallavaram Periya Eri begins, 200 encroachments to be removed",DRAINAGE_SEWAGE,GCC-SWD,,,1,2026-10-01T23:30:32+05:30,Medium,45.0,single outlet,Ask GCC-SWD to verify on the ground and log it in their system
INC-20261003-BFD38F,தொடர்ச்சியாக கழிவுநீர் கலப்பதால் நஞ்சாக மாறும் ரெட்டேரி ஏரி | Dinakaran Chennai - newspaper,DRAINAGE_SEWAGE,GCC-SWD,,,1,2026-10-03T13:37:36+05:30,Medium,45.0,single outlet,Ask GCC-SWD to verify on the ground and log it in their system
INC-20261004-04BA03,"Chennai: 'Kids, senior citizen unsafe with over 100 canines on premises’",STRAY_ANIMALS,GCC-HLT,Anna Nagar,99,1,2026-10-04T07:00:00+05:30,Medium,41.0,single outlet,Ask GCC-HLT to verify on the ground and log it in their system
INC-20260920-FCEE25,Chennai Power Cut: சென்னைல திங்கட்கிழமை (21.09.2026) எந்தெந்த ஏரியாக்கள்ல மின் தடை ஏற்படப் போகுது,STREETLIGHT_ELECTRICAL,GCC-ELE,,,1,2026-09-20T15:55:21+05:30,Low,40.0,single outlet,Ask GCC-ELE to verify on the ground and log it in their system
INC-20260921-BF2CCD,Chennai Metro Water installs ultrasonic sensors to prevent sewage leaks,WATER_SUPPLY,CMWSSB,,,1,2026-09-21T08:09:35+05:30,Medium,40.0,single outlet,Ask CMWSSB to verify on the ground and log it in their system
INC-20260921-E56AB8,Chennai: Damaged roads in Iyyappanthangal leave residents struggling for over six months,ROAD_DAMAGE,GCC-ENG,,,1,2026-09-21T07:18:37+05:30,Low,40.0,single outlet,Ask GCC-ENG to verify on the ground and log it in their system
INC-20260922-7AD6C8,"Chennai: Drinking water shortage for over 2 weeks, Keerapakkam residents stage a road blockade",WATER_SUPPLY,CMWSSB,,,1,2026-09-22T07:41:24+05:30,Medium,40.0,single outlet,Ask CMWSSB to verify on the ground and log it in their system
INC-20260922-BAAAD1,Chennai Power Cut: சென்னைல புதன்கிழமை (23.09.2026) எங்கெங்க மின்சாரத் தடை ஏற்படப் போகுது தெரியுமா.?,STREETLIGHT_ELECTRICAL,GCC-ELE,,,1,2026-09-22T15:47:00+05:30,Low,40.0,single outlet,Ask GCC-ELE to verify on the ground and log it in their system
INC-20260923-8F34FB,Metrowater plans to monetise biogas from sewage treatment plants in Chennai,DRAINAGE_SEWAGE,GCC-SWD,,,1,2026-09-23T23:44:00+05:30,Medium,40.0,single outlet,Ask GCC-SWD to verify on the ground and log it in their system
INC-20260923-C49357,"Lack of AE in ward 48: Junior officials at Chennai Metro Water demand Rs 50,000 bribe for new connections",WATER_SUPPLY,CMWSSB,,,1,2026-09-23T07:50:02+05:30,Medium,40.0,single outlet,Ask CMWSSB to verify on the ground and log it in their system
INC-20260924-4B80F0,Chennai sewage plants may turn sludge into compressed biogas,DRAINAGE_SEWAGE,GCC-SWD,,,1,2026-09-24T13:24:16+05:30,Medium,40.0,single outlet,Ask GCC-SWD to verify on the ground and log it in their system
INC-20260925-E33F09,Water hyacinth remains challenge as WRD steps up monsoon works,DRAINAGE_SEWAGE,GCC-SWD,Adyar,182,1,2026-09-25T21:38:42+05:30,Medium,40.0,single outlet,Ask GCC-SWD to verify on the ground and log it in their system
INC-20260926-4016DB,Chennai Power Cut: சென்னைல சனிக்கிழமை (26.09.2026) எந்தெந்த ஏரியாக்கள்ல மின்சாரத் தடை ஏற்படப்,STREETLIGHT_ELECTRICAL,GCC-ELE,,,1,2026-09-26T12:31:35+05:30,Low,40.0,single outlet,Ask GCC-ELE to verify on the ground and log it in their system
INC-20260929-4C5824,பெரம்பூர் பேரக்ஸ் சாலையில் ஏற்பட்ட திடீர் பள்ளம். இடம் : பெரம்பூர்,ROAD_DAMAGE,GCC-ENG,Thiru-Vi-Ka-Nagar,68,1,2026-09-29T22:52:38+05:30,Low,40.0,single outlet,Ask GCC-ENG to verify on the ground and log it in their system
INC-20260929-90E9E3,பெரம்பூர் பேரக்ஸ் சாலையில் திடீர் பள்ளம்; 15 அடி ஆழத்தில் உள்வாங்கிய ரோடு,ROAD_DAMAGE,GCC-ENG,Thiru-Vi-Ka-Nagar,68,1,2026-09-29T17:52:23+05:30,Low,40.0,single outlet,Ask GCC-ENG to verify on the ground and log it in their system
INC-20260929-93DB22,BREAKING || சென்னையின் முக்கிய சாலையில் பிரமாண்ட பள்ளம்... ஒரு லாரியே உள்ள போயிடும் போல,ROAD_DAMAGE,GCC-ENG,,,1,2026-09-29T17:54:28+05:30,Low,40.0,single outlet,Ask GCC-ENG to verify on the ground and log it in their system
INC-20260929-BD14F0,BREAKING || சென்னையின் முக்கிய சாலையில் பிரமாண்ட பள்ளம்... ஒரு லாரியே உள்ள போயிடும் போல,ROAD_DAMAGE,GCC-ENG,,,1,2026-09-29T17:54:28+05:30,Low,40.0,single outlet,Ask GCC-ENG to verify on the ground and log it in their system
INC-20260930-2D0E89,முதல்வர் விஜய்யின் பெரம்பூர் தொகுதியில் சாலையில் திடீரென ஏற்பட்ட பள்ளம்.. வாகன ஓட்டிகள் அதிர்ச்சி!,ROAD_DAMAGE,GCC-ENG,Thiru-Vi-Ka-Nagar,68,1,2026-09-30T09:52:54+05:30,Low,40.0,single outlet,Ask GCC-ENG to verify on the ground and log it in their system
INC-20260930-345B29,பொதுமக்கள் ஷாக்..! பெரம்பூரில் சாலை உடைந்து மிகப்பெரிய பள்ளம்..!,ROAD_DAMAGE,GCC-ENG,Thiru-Vi-Ka-Nagar,68,1,2026-09-30T06:20:19+05:30,Low,40.0,single outlet,Ask GCC-ENG to verify on the ground and log it in their system
INC-20260930-62BEFA,முதல்வர் விஜய்யின் பெரம்பூர் தொகுதியில் சாலையில் திடீரென ஏற்பட்ட பள்ளம்.. வாகன ஓட்டிகள் அதிர்ச்சி!,ROAD_DAMAGE,GCC-ENG,Thiru-Vi-Ka-Nagar,68,1,2026-09-30T09:52:54+05:30,Low,40.0,single outlet,Ask GCC-ENG to verify on the ground and log it in their system
INC-20260930-68CA72,"Chennai Road Develops Sinkhole, Third Cave-In on Stretch Since 2021",ROAD_DAMAGE,GCC-ENG,,,1,2026-09-30T12:44:40+05:30,Low,40.0,single outlet,Ask GCC-ENG to verify on the ground and log it in their system
INC-20260930-CD811A,"Chennai Road Develops Sinkhole, Third Cave-In on Stretch Since 2021",ROAD_DAMAGE,GCC-ENG,,,1,2026-09-30T12:44:40+05:30,Low,40.0,single outlet,Ask GCC-ENG to verify on the ground and log it in their system
INC-20261002-3823C0,Chennai Power Cut: சென்னைல சனிக்கிழமை (03.10.2026) நிறைய இடங்கள்ல மின்சாரத் தடை ஏற்படப் போகுது,STREETLIGHT_ELECTRICAL,GCC-ELE,,,1,2026-10-02T15:46:07+05:30,Low,40.0,single outlet,Ask GCC-ELE to verify on the ground and log it in their system
INC-20261002-833505,சென்னையில் நாளை (03.10.2026) பல்வேறு பகுதிகளில் மின்தடை - எந்தெந்த இடங்களில் தெரியுமா?,STREETLIGHT_ELECTRICAL,GCC-ELE,,,1,2026-10-02T08:44:40+05:30,Low,40.0,single outlet,Ask GCC-ELE to verify on the ground and log it in their system
INC-20261002-ACDCE6,மிஸ்பண்ணிடாதீங்க...சென்னை பெருநகர குடிநீர் வாரியத்தில் அப்ரண்டிஸ் பயிற்சி!,WATER_SUPPLY,CMWSSB,,,1,2026-10-02T16:51:04+05:30,Medium,40.0,single outlet,Ask CMWSSB to verify on the ground and log it in their system
INC-20261002-DE5836,Chennai Power Cut: சென்னைல சனிக்கிழமை (03.10.2026) நிறைய இடங்கள்ல மின்சாரத் தடை ஏற்படப் போகுது,STREETLIGHT_ELECTRICAL,GCC-ELE,,,1,2026-10-02T15:46:07+05:30,Low,40.0,single outlet,Ask GCC-ELE to verify on the ground and log it in their system
INC-20261002-ECD41A,குடிநீர் குழாய் கசிவு கண்டறிய ரோபோடிக் கேமரா அறிமுகம் | Dinakaran Chennai - newspaper,WATER_SUPPLY,CMWSSB,,,1,2026-10-02T13:36:36+05:30,Medium,40.0,single outlet,Ask CMWSSB to verify on the ground and log it in their system
INC-20261003-969047,சென்னை குடிநீரில் நெளியும் சிவப்பு புழுக்கள்: பொதுமக்கள் அச்சம்! விரைந்து நடவடிக்கை எடுப்பாரா முதல்வர்? Red worms wriggl,WATER_SUPPLY,CMWSSB,,,1,2026-10-03T20:16:14+05:30,Medium,40.0,single outlet,Ask CMWSSB to verify on the ground and log it in their system
INC-20260923-39605D,சென்னையில் நாளை (24.09.2026) பல்வேறு பகுதிகளில் மின்தடை - எந்தெந்த இடங்களில் தெரியுமா?,STREETLIGHT_ELECTRICAL,GCC-ELE,,,1,2026-09-23T08:54:00+05:30,Low,35.0,single outlet,Ask GCC-ELE to verify on the ground and log it in their system
INC-20260923-3E883A,தொடர் மின்வெட்டு புகார்; மின் வாரியத்தில் முதல்வர் விஜய் ஆய்வு; சீரமைக்க அவகாசம் தேவை என அமைச்சர் நிர்மல்குமார் பேட்டி,STREETLIGHT_ELECTRICAL,GCC-ELE,,,1,2026-09-23T13:32:00+05:30,Low,35.0,single outlet,Ask GCC-ELE to verify on the ground and log it in their system
INC-20260923-A69189,"Amid rising power cuts across Tamil Nadu, Chief Minister C Joseph Vijay inspected TNPDCL headquarters in Chennai on Wedn",STREETLIGHT_ELECTRICAL,GCC-ELE,,,1,2026-09-23T21:07:46+05:30,Low,35.0,single outlet,Ask GCC-ELE to verify on the ground and log it in their system
INC-20260924-AE88A1,"சென்ட்ரல், எழும்பூர், தாம்பரம், பெரம்பூர் உள்பட 11 ரயில் நிலையங்களில் தினமும் குடிநீர் சோதனை: சென்னை கோட்ட அதிகாரிகள் நட",WATER_SUPPLY,CMWSSB,Royapuram,61,1,2026-09-24T10:24:48+05:30,Medium,35.0,single outlet,Ask CMWSSB to verify on the ground and log it in their system
INC-20260924-F99455,219 flood-prone areas identified in Chennai; 1K pumps to be deployed,DRAINAGE_SEWAGE,GCC-SWD,Adyar,176,1,2026-09-24T07:25:14+05:30,Medium,35.0,single outlet,Ask GCC-SWD to verify on the ground and log it in their system
INC-20260927-F885D1,Roadwork worsens motorist woes on Velachery-Tambaram road,ROAD_DAMAGE,GCC-ENG,Perungudi,189,1,2026-09-27T23:09:24+05:30,Low,35.0,single outlet,Ask GCC-ENG to verify on the ground and log it in their system
INC-20260929-6AA6F8,சென்னை பெரம்பூர் சாலையில் திடீரென ஏற்பட்ட பள்ளம்...வாகன ஓட்டிகள் அதிர்ச்சி!,ROAD_DAMAGE,GCC-ENG,Thiru-Vi-Ka-Nagar,68,1,2026-09-29T17:43:52+05:30,Low,35.0,single outlet,Ask GCC-ENG to verify on the ground and log it in their system
INC-20260929-DE6E52,அதிர்ச்சி... பெரம்பூரில் சாலையின் நடுவே திடீர் பள்ளம்..! பீதியில் பொதுமக்கள்..!!,ROAD_DAMAGE,GCC-ENG,Thiru-Vi-Ka-Nagar,68,1,2026-09-29T17:24:35+05:30,Low,35.0,single outlet,Ask GCC-ENG to verify on the ground and log it in their system
INC-20260921-B20105,சென்னையின் 5 கடற்கரைப் பகுதிகளிலிருந்து 1.39 லட்சம் கிலோ குப்பைகள் அகற்றம்,SOLID_WASTE,GCC-SWM,,,1,2026-09-21T23:45:00+05:30,Low,30.0,single outlet,Ask GCC-SWM to verify on the ground and log it in their system
INC-20260921-22F558,"Chennai Stray Dog Vaccination: 86,489 Dogs Get Rabies Vaccine",STRAY_ANIMALS,GCC-HLT,,,1,2026-09-21T12:10:49+05:30,Low,25.0,single outlet,Ask GCC-HLT to verify on the ground and log it in their system
INC-20260922-6BBDE9,"86,489 stray dogs vaccinated against rabies in Chennai",STRAY_ANIMALS,GCC-HLT,,,1,2026-09-22T00:37:51+05:30,Low,25.0,single outlet,Ask GCC-HLT to verify on the ground and log it in their system
INC-20260922-C107FE,"86,489 stray dogs vaccinated against rabies in Chennai",STRAY_ANIMALS,GCC-HLT,,,1,2026-09-22T00:37:51+05:30,Low,25.0,single outlet,Ask GCC-HLT to verify on the ground and log it in their system
INC-20260925-2DEE7F,"Pet-riotic move: Abandoning pets in Chennai to cost owners Rs 10,000 from October",STRAY_ANIMALS,GCC-HLT,,,1,2026-09-25T20:38:33+05:30,Low,25.0,single outlet,Ask GCC-HLT to verify on the ground and log it in their system
INC-20260928-43D9BB,"Over 2,000 dogs vaccinated in Chennai on World Rabies Day",STRAY_ANIMALS,GCC-HLT,,,1,2026-09-28T20:26:37+05:30,Low,25.0,single outlet,Ask GCC-HLT to verify on the ground and log it in their system
INC-20260928-7593AE,Chennai Anti-Rabies Drive Crosses 1 Lakh Dogs Vaccinated,STRAY_ANIMALS,GCC-HLT,,,1,2026-09-28T15:28:39+05:30,Low,25.0,single outlet,Ask GCC-HLT to verify on the ground and log it in their system
INC-20260928-F118EA,"Over 2,000 dogs vaccinated in Chennai on World Rabies Day",STRAY_ANIMALS,GCC-HLT,,,1,2026-09-28T19:19:46+05:30,Low,25.0,single outlet,Ask GCC-HLT to verify on the ground and log it in their system
INC-20260929-41A13D,Chennai Corp vaccinates over 1 lakh stray dogs against rabies,STRAY_ANIMALS,GCC-HLT,,,1,2026-09-29T15:02:53+05:30,Low,25.0,single outlet,Ask GCC-HLT to verify on the ground and log it in their system
INC-20260929-6176E7,Chennai Corporation Vaccinates Over One Lakh Stray Dogs Against Rabies,STRAY_ANIMALS,GCC-HLT,,,1,2026-09-29T11:51:12+05:30,Low,25.0,single outlet,Ask GCC-HLT to verify on the ground and log it in their system
INC-20260929-7EAD2D,Chennai Corporation vaccinates over one lakh stray dogs against rabies,STRAY_ANIMALS,GCC-HLT,,,1,2026-09-29T20:24:37+05:30,Low,25.0,single outlet,Ask GCC-HLT to verify on the ground and log it in their system
INC-20260929-B029D9,Chennai Corporation Vaccinates Over One Lakh Stray Dogs Against Rabies,STRAY_ANIMALS,GCC-HLT,,,1,2026-09-29T10:02:13+05:30,Low,25.0,single outlet,Ask GCC-HLT to verify on the ground and log it in their system
INC-20260929-CE2765,Chennai Corporation vaccinates over one lakh stray dogs against rabies,STRAY_ANIMALS,GCC-HLT,,,1,2026-09-29T13:32:54+05:30,Low,25.0,single outlet,Ask GCC-HLT to verify on the ground and log it in their system
INC-20261002-5BA1DD,"Chennai Public Toilets Locked Over Sewage, Motor Failures",SANITATION_TOILETS,GCC-HLT,,,1,2026-10-02T14:39:07+05:30,Low,25.0,single outlet,Ask GCC-HLT to verify on the ground and log it in their system
INC-20261003-1A1192,"Chennai Central Toilets Fail Passengers Over Water, Repairs",SANITATION_TOILETS,GCC-HLT,,,1,2026-10-03T14:47:18+05:30,Low,25.0,single outlet,Ask GCC-HLT to verify on the ground and log it in their system
INC-20261004-B2B3DB,Fire breaks out at defunct building near Teynampet signal,SOLID_WASTE,GCC-SWM,Teynampet,118,1,2026-10-04T00:52:59+05:30,Low,25.0,single outlet,Ask GCC-SWM to verify on the ground and log it in their system
INC-20260921-9D0E8B,Korattur Water Canal Road Traffic: Roadside Encroachments Cause Traffic Congestion,ENCROACHMENT,GCC-ENG,Ambattur,83,1,2026-09-21T09:11:37+05:30,Low,20.0,single outlet,Ask GCC-ENG to verify on the ground and log it in their system
INC-20260922-57F478,Chennai: Stray cattle at traffic junctions in Koyambedu hassle motorists,STRAY_ANIMALS,GCC-HLT,Kodambakkam,127,1,2026-09-22T07:43:28+05:30,Low,20.0,single outlet,Ask GCC-HLT to verify on the ground and log it in their system
INC-20260929-F9E890,"Ambattur Leads With 21,844 Shots: Here Is How Chennai's 75-Day Stray Dog Vaccination Campaign Is",STRAY_ANIMALS,GCC-HLT,Ambattur,82,1,2026-09-29T09:59:21+05:30,Low,20.0,single outlet,Ask GCC-HLT to verify on the ground and log it in their system
INC-20260929-FCBF96,"Ambattur Leads With 21,844 Shots: Here Is How Chennai's 75-Day Stray Dog Vaccination Campaign Is",STRAY_ANIMALS,GCC-HLT,Ambattur,82,1,2026-09-29T09:59:21+05:30,Low,20.0,single outlet,Ask GCC-HLT to verify on the ground and log it in their system
