hotspot_id,category_code,incidents,incidents_30d,open,lat,lon,wards,first_seen,last_seen,top_place
HOT-BUILDING_SAFETY-000,BUILDING_SAFETY,10,3,4,13.114417,80.155186,81|82|85,2026-07-05T17:49:32+05:30,2026-09-30T16:29:16+05:30,"Ambattur (Govt Girls Hr Sec School, Ambattur)"
HOT-BUILDING_SAFETY-001,BUILDING_SAFETY,10,5,6,13.079267,80.259023,58|61,2026-07-06T10:30:20+05:30,2026-09-30T09:38:48+05:30,"Egmore (Institute of Child Health, Egmore)"
HOT-BUILDING_SAFETY-002,BUILDING_SAFETY,29,9,11,13.030926,80.267313,124|126,2026-07-07T08:21:59+05:30,2026-09-28T10:54:18+05:30,Royapettah (Govt Royapettah Hospital)
HOT-BUILDING_SAFETY-003,BUILDING_SAFETY,6,2,3,13.037547,80.22142,135,2026-07-08T13:03:55+05:30,2026-10-02T11:32:35+05:30,"K.K. Nagar (Govt Peripheral Hospital, K.K. Nagar)"
HOT-BUILDING_SAFETY-004,BUILDING_SAFETY,11,1,3,12.897989,80.228083,197,2026-07-08T07:16:31+05:30,2026-09-18T14:58:37+05:30,Sholinganallur (Sholinganallur Taluk Office)
HOT-BUILDING_SAFETY-005,BUILDING_SAFETY,6,3,5,13.004524,80.213052,174,2026-07-11T13:31:11+05:30,2026-09-25T10:39:34+05:30,Guindy (King Institute of Preventive Medicine)
HOT-BUILDING_SAFETY-006,BUILDING_SAFETY,6,1,1,13.11957,80.286354,48|49,2026-07-11T10:58:07+05:30,2026-09-24T15:39:31+05:30,"George Town (Collectorate Building, Rajaji Salai)"
HOT-BUILDING_SAFETY-007,BUILDING_SAFETY,14,2,3,13.093781,80.255183,75|76|78,2026-07-11T09:24:20+05:30,2026-10-01T11:19:18+05:30,Kilpauk (Govt Kilpauk Medical College Hospital)
HOT-BUILDING_SAFETY-008,BUILDING_SAFETY,10,3,4,13.09953,80.229171,96|97,2026-07-12T17:23:57+05:30,2026-09-23T15:26:20+05:30,"Periyar Nagar (Govt Peripheral Hospital, Periyar Nagar)"
HOT-BUILDING_SAFETY-009,BUILDING_SAFETY,12,4,3,13.081389,80.270442,58,2026-07-12T09:15:46+05:30,2026-09-23T17:49:38+05:30,Periamet (Rajiv Gandhi Govt General Hospital - Tower Block)
HOT-BUILDING_SAFETY-010,BUILDING_SAFETY,14,4,4,12.982011,80.212498,177,2026-07-12T10:02:38+05:30,2026-09-30T07:11:50+05:30,"Taramani (Govt Polytechnic College, Taramani)"
HOT-BUILDING_SAFETY-011,BUILDING_SAFETY,15,5,5,13.034228,80.226738,135|136|140|141,2026-07-17T07:37:22+05:30,2026-10-02T08:54:37+05:30,"Ashok Nagar (Govt Hr Sec School, Ashok Nagar)"
HOT-BUILDING_SAFETY-012,BUILDING_SAFETY,9,2,2,13.127877,80.290909,40|43,2026-07-17T08:35:44+05:30,2026-09-22T11:05:06+05:30,Old Washermanpet (Govt Stanley Hospital - OP Block)
HOT-CRIME_PROPERTY-000,CRIME_PROPERTY,12,3,5,13.084561,80.210738,99|100,2026-07-04T15:37:44+05:30,2026-09-30T19:14:24+05:30,Anna Nagar
HOT-CRIME_PROPERTY-001,CRIME_PROPERTY,18,6,4,13.084289,80.174046,91|92,2026-07-04T20:02:12+05:30,2026-09-30T16:56:11+05:30,Mogappair
HOT-CRIME_PROPERTY-002,CRIME_PROPERTY,17,5,4,13.113547,80.29009,49|50|51|52,2026-07-04T21:44:32+05:30,2026-09-28T22:03:43+05:30,Royapuram
HOT-CRIME_PROPERTY-003,CRIME_PROPERTY,15,3,3,12.999708,80.268271,176,2026-07-04T22:03:49+05:30,2026-09-24T23:41:30+05:30,Besant Nagar
HOT-CRIME_PROPERTY-004,CRIME_PROPERTY,13,1,2,13.067657,80.184715,145,2026-07-04T19:13:06+05:30,2026-09-09T20:01:33+05:30,Nerkundram
HOT-CRIME_PROPERTY-005,CRIME_PROPERTY,21,7,4,13.038688,80.223225,135|140,2026-07-04T17:56:29+05:30,2026-09-30T23:37:19+05:30,West Mambalam
HOT-CRIME_PROPERTY-006,CRIME_PROPERTY,33,10,6,12.935365,80.233212,189|194|195,2026-07-04T20:07:45+05:30,2026-10-01T23:24:47+05:30,Thoraipakkam
HOT-CRIME_PROPERTY-007,CRIME_PROPERTY,16,4,4,12.98329,80.264255,181|182,2026-07-04T16:31:01+05:30,2026-10-02T02:24:13+05:30,Thiruvanmiyur
HOT-CRIME_PROPERTY-008,CRIME_PROPERTY,9,2,4,13.089724,80.201658,99,2026-07-05T12:06:05+05:30,2026-09-19T13:32:48+05:30,Anna Nagar West
HOT-CRIME_PROPERTY-009,CRIME_PROPERTY,18,9,6,13.086593,80.247392,74|103|104,2026-07-05T05:17:36+05:30,2026-09-23T23:41:26+05:30,Kellys
HOT-CRIME_PROPERTY-010,CRIME_PROPERTY,9,3,2,12.915443,80.245534,196,2026-07-05T05:20:23+05:30,2026-09-24T17:31:51+05:30,Injambakkam
HOT-CRIME_PROPERTY-011,CRIME_PROPERTY,24,7,5,13.113368,80.243003,44|68|69|70|71,2026-07-05T18:13:00+05:30,2026-09-29T23:09:06+05:30,Jamalia
HOT-CRIME_PROPERTY-012,CRIME_PROPERTY,9,1,0,13.074364,80.2432,104|107,2026-07-05T16:03:06+05:30,2026-09-11T00:17:37+05:30,Chetpet
HOT-CRIME_PROPERTY-013,CRIME_PROPERTY,13,3,4,12.937483,80.20477,188|189|190,2026-07-05T03:35:19+05:30,2026-09-27T12:06:08+05:30,Pallikaranai
HOT-CRIME_PROPERTY-014,CRIME_PROPERTY,25,5,3,12.981754,80.218077,177|178,2026-07-05T00:47:09+05:30,2026-09-28T00:46:31+05:30,Velachery
HOT-CRIME_PROPERTY-015,CRIME_PROPERTY,17,4,2,13.09754,80.184387,87|88|89,2026-07-06T14:49:35+05:30,2026-09-17T00:08:59+05:30,Padi
HOT-CRIME_PROPERTY-016,CRIME_PROPERTY,17,6,7,13.12512,80.298031,43,2026-07-06T04:13:34+05:30,2026-10-01T04:04:08+05:30,Kasimedu
HOT-CRIME_PROPERTY-017,CRIME_PROPERTY,14,7,6,13.065471,80.164719,143|146,2026-07-06T04:31:09+05:30,2026-09-29T14:35:07+05:30,Maduravoyal
HOT-CRIME_PROPERTY-018,CRIME_PROPERTY,11,2,1,13.052107,80.192245,128,2026-07-07T08:28:01+05:30,2026-09-24T23:59:50+05:30,Virugambakkam
HOT-CRIME_PROPERTY-019,CRIME_PROPERTY,16,4,3,13.072983,80.272251,59|62,2026-07-07T08:31:49+05:30,2026-10-02T04:43:36+05:30,Chintadripet
HOT-CRIME_PROPERTY-020,CRIME_PROPERTY,17,8,6,13.13258,80.250297,35|36,2026-07-07T08:49:09+05:30,2026-09-30T02:05:25+05:30,Kodungaiyur
HOT-CRIME_PROPERTY-021,CRIME_PROPERTY,12,2,6,13.04844,80.165448,146|147,2026-07-07T21:53:38+05:30,2026-09-28T12:08:17+05:30,Alapakkam
HOT-CRIME_PROPERTY-022,CRIME_PROPERTY,8,4,3,13.039034,80.249585,118|123,2026-07-07T10:46:00+05:30,2026-09-21T02:37:46+05:30,Teynampet
HOT-CRIME_PROPERTY-023,CRIME_PROPERTY,14,4,5,13.020983,80.223711,142|171,2026-07-07T06:39:11+05:30,2026-09-25T21:23:19+05:30,Saidapet
HOT-CRIME_PROPERTY-024,CRIME_PROPERTY,13,4,4,13.131892,80.215044,26|32|64|65,2026-07-07T10:00:56+05:30,2026-09-22T17:18:31+05:30,Retteri
HOT-CRIME_PROPERTY-025,CRIME_PROPERTY,10,3,2,13.163383,80.300289,7|9|10,2026-07-07T00:03:37+05:30,2026-09-17T01:32:34+05:30,Thiruvottiyur
HOT-CRIME_PROPERTY-026,CRIME_PROPERTY,12,5,3,13.038184,80.197656,131|137,2026-07-07T03:00:57+05:30,2026-10-02T06:11:23+05:30,K.K. Nagar
HOT-CRIME_PROPERTY-027,CRIME_PROPERTY,10,2,1,13.033378,80.252629,122|123,2026-07-07T00:15:02+05:30,2026-09-21T18:00:24+05:30,Alwarpet
HOT-CRIME_PROPERTY-028,CRIME_PROPERTY,8,4,3,13.159382,80.205304,23,2026-07-08T00:24:46+05:30,2026-09-28T23:14:54+05:30,Puzhal
HOT-CRIME_PROPERTY-029,CRIME_PROPERTY,14,5,6,12.987439,80.176125,159|166,2026-07-08T00:26:12+05:30,2026-09-30T17:34:31+05:30,Meenambakkam
HOT-CRIME_PROPERTY-030,CRIME_PROPERTY,15,8,6,13.125542,80.257762,36|37,2026-07-08T11:27:03+05:30,2026-09-30T18:38:34+05:30,M.K.B. Nagar
HOT-CRIME_PROPERTY-031,CRIME_PROPERTY,23,14,12,12.982204,80.188018,164|167|168,2026-07-08T03:40:37+05:30,2026-09-29T01:02:40+05:30,Nanganallur
HOT-CRIME_PROPERTY-032,CRIME_PROPERTY,13,5,4,13.212804,80.323043,2,2026-07-08T22:39:33+05:30,2026-09-30T18:36:25+05:30,Ennore
HOT-CRIME_PROPERTY-033,CRIME_PROPERTY,7,2,2,13.065566,80.264149,63,2026-07-08T19:11:55+05:30,2026-09-15T04:24:50+05:30,Pudupet
HOT-CRIME_PROPERTY-034,CRIME_PROPERTY,8,2,3,13.12554,80.28804,40|42|43,2026-07-09T20:50:54+05:30,2026-09-26T05:00:44+05:30,Tondiarpet
HOT-CRIME_PROPERTY-035,CRIME_PROPERTY,13,1,1,13.098337,80.233604,69|96|97|98,2026-07-09T01:31:19+05:30,2026-09-11T07:57:23+05:30,Ayanavaram
HOT-CRIME_PROPERTY-036,CRIME_PROPERTY,21,7,7,13.026684,80.264399,124|126|173,2026-07-09T21:50:38+05:30,2026-09-30T07:03:54+05:30,Mandaveli
HOT-CRIME_PROPERTY-037,CRIME_PROPERTY,13,6,3,13.107095,80.182592,83|84,2026-07-06T04:07:31+05:30,2026-09-28T16:12:10+05:30,Korattur
HOT-CRIME_PROPERTY-038,CRIME_PROPERTY,12,4,2,13.014475,80.223576,170|171,2026-07-10T08:21:42+05:30,2026-10-01T00:03:09+05:30,Little Mount
HOT-CRIME_PROPERTY-039,CRIME_PROPERTY,11,5,3,13.04226,80.233017,136,2026-07-10T19:30:16+05:30,2026-09-29T18:32:54+05:30,T. Nagar
HOT-CRIME_PROPERTY-040,CRIME_PROPERTY,12,1,0,13.072205,80.208935,105|127,2026-07-10T07:05:30+05:30,2026-09-05T00:04:23+05:30,Arumbakkam
HOT-CRIME_PROPERTY-041,CRIME_PROPERTY,9,2,2,13.108783,80.208175,65|94,2026-07-10T09:44:17+05:30,2026-09-22T14:58:53+05:30,Villivakkam
HOT-CRIME_PROPERTY-042,CRIME_PROPERTY,15,5,3,12.966136,80.24629,183|184|185,2026-07-04T13:03:53+05:30,2026-09-25T13:03:48+05:30,Perungudi
HOT-CRIME_PROPERTY-043,CRIME_PROPERTY,7,3,3,13.147507,80.298355,12|14,2026-07-10T07:40:04+05:30,2026-09-23T04:34:39+05:30,Kaladipet
HOT-CRIME_PROPERTY-044,CRIME_PROPERTY,10,5,5,13.033928,80.267632,123|124,2026-07-11T15:44:04+05:30,2026-10-02T06:42:10+05:30,Mylapore
HOT-CRIME_PROPERTY-045,CRIME_PROPERTY,9,1,0,13.077199,80.228605,102,2026-07-09T04:20:18+05:30,2026-09-20T07:26:42+05:30,Shenoy Nagar
HOT-CRIME_PROPERTY-046,CRIME_PROPERTY,13,4,3,13.095606,80.263879,76|77|78,2026-07-11T18:10:36+05:30,2026-09-27T15:28:05+05:30,Pulianthope
HOT-CRIME_PROPERTY-047,CRIME_PROPERTY,13,5,4,13.117573,80.232204,66|67|68,2026-07-11T12:37:20+05:30,2026-09-22T21:18:40+05:30,Perambur
HOT-CRIME_PROPERTY-048,CRIME_PROPERTY,13,5,5,13.050264,80.224611,134,2026-07-12T23:17:21+05:30,2026-09-29T09:13:49+05:30,Kodambakkam
HOT-CRIME_PROPERTY-049,CRIME_PROPERTY,26,9,8,13.033136,80.210287,132|138,2026-07-12T02:11:53+05:30,2026-09-28T06:47:53+05:30,Ashok Nagar
HOT-CRIME_PROPERTY-050,CRIME_PROPERTY,17,4,4,13.120052,80.275899,38|41|47,2026-07-12T05:39:07+05:30,2026-09-30T15:16:40+05:30,Korukkupet
HOT-CRIME_PROPERTY-051,CRIME_PROPERTY,17,7,5,12.963322,80.199425,169|187|188,2026-07-08T10:21:15+05:30,2026-09-30T21:09:14+05:30,Madipakkam
HOT-CRIME_PROPERTY-052,CRIME_PROPERTY,5,0,1,13.14662,80.228713,26|31,2026-07-13T02:52:46+05:30,2026-08-23T19:41:44+05:30,Madhavaram
HOT-CRIME_PROPERTY-053,CRIME_PROPERTY,9,3,3,13.092316,80.286633,57|60,2026-07-13T05:24:04+05:30,2026-10-01T19:13:22+05:30,George Town
HOT-CRIME_PROPERTY-054,CRIME_PROPERTY,12,3,3,13.12525,80.211736,64,2026-07-13T09:28:51+05:30,2026-09-28T02:05:07+05:30,Kolathur
HOT-CRIME_PROPERTY-055,CRIME_PROPERTY,18,7,6,13.001456,80.256548,175|176,2026-07-13T00:50:10+05:30,2026-09-29T21:40:03+05:30,Adyar
HOT-CRIME_PROPERTY-056,CRIME_PROPERTY,7,3,3,13.00419,80.201933,160,2026-07-05T04:29:06+05:30,2026-09-16T06:20:13+05:30,Alandur
HOT-CRIME_PROPERTY-057,CRIME_PROPERTY,11,4,3,13.084471,80.260082,58,2026-07-14T10:01:26+05:30,2026-09-30T06:49:16+05:30,Vepery
HOT-CRIME_PROPERTY-058,CRIME_PROPERTY,15,6,4,13.050068,80.212651,130|133,2026-07-14T00:19:42+05:30,2026-10-01T06:54:05+05:30,Vadapalani
HOT-CRIME_PROPERTY-059,CRIME_PROPERTY,18,5,5,12.986935,80.243606,180,2026-07-15T00:18:44+05:30,2026-09-23T04:57:23+05:30,Taramani
HOT-CRIME_PROPERTY-060,CRIME_PROPERTY,16,5,4,13.099149,80.163251,85|86,2026-07-15T05:21:45+05:30,2026-09-22T03:52:51+05:30,Ambattur Industrial Estate
HOT-CRIME_PROPERTY-061,CRIME_PROPERTY,7,1,0,13.092413,80.249348,74|75|104,2026-07-08T13:57:03+05:30,2026-09-15T04:11:28+05:30,Otteri
HOT-CRIME_PROPERTY-062,CRIME_PROPERTY,16,5,4,13.083117,80.26824,58,2026-07-14T13:12:46+05:30,2026-10-01T19:39:53+05:30,Periamet
HOT-CRIME_PROPERTY-063,CRIME_PROPERTY,7,3,2,13.150002,80.230185,27|30,2026-07-16T00:49:23+05:30,2026-09-25T04:07:55+05:30,Madhavaram
HOT-CRIME_PROPERTY-064,CRIME_PROPERTY,27,13,11,13.072855,80.260679,61,2026-07-16T05:01:02+05:30,2026-10-01T12:58:39+05:30,Egmore
HOT-CRIME_PROPERTY-065,CRIME_PROPERTY,12,5,1,13.034606,80.158778,150|151|153,2026-07-12T20:45:01+05:30,2026-09-16T05:10:36+05:30,Porur
HOT-CRIME_PROPERTY-066,CRIME_PROPERTY,7,2,2,13.080756,80.218272,100|101,2026-07-18T02:20:28+05:30,2026-09-10T23:42:08+05:30,Anna Arch
HOT-CRIME_PROPERTY-067,CRIME_PROPERTY,17,5,2,12.948786,80.254993,192,2026-07-14T20:29:56+05:30,2026-09-27T03:32:48+05:30,Neelankarai
HOT-CRIME_PROPERTY-068,CRIME_PROPERTY,9,2,2,13.171432,80.239007,19,2026-07-18T21:54:27+05:30,2026-09-17T04:32:46+05:30,Mathur
HOT-CRIME_PROPERTY-069,CRIME_PROPERTY,10,2,3,13.007465,80.220036,174,2026-07-15T09:03:11+05:30,2026-10-01T16:47:54+05:30,Guindy
HOT-CRIME_PROPERTY-070,CRIME_PROPERTY,14,5,1,13.105592,80.167409,84|85,2026-07-19T07:10:45+05:30,2026-09-19T08:35:53+05:30,Pattaravakkam
HOT-CRIME_PROPERTY-071,CRIME_PROPERTY,8,2,0,13.022407,80.20612,170,2026-07-18T23:27:27+05:30,2026-09-21T16:30:51+05:30,Ekkattuthangal
HOT-CRIME_PROPERTY-072,CRIME_PROPERTY,5,3,2,13.151731,80.242328,28,2026-07-13T04:56:14+05:30,2026-10-01T19:23:39+05:30,Madhavaram Milk Colony
HOT-CRIME_PROPERTY-073,CRIME_PROPERTY,11,5,4,12.899369,80.228486,197,2026-07-11T13:52:18+05:30,2026-09-23T21:29:25+05:30,Sholinganallur
HOT-CRIME_PROPERTY-074,CRIME_PROPERTY,14,7,5,13.082575,80.274871,58|59,2026-07-14T05:58:47+05:30,2026-09-27T07:23:21+05:30,Park Town
HOT-CRIME_PROPERTY-075,CRIME_PROPERTY,13,5,7,12.917458,80.229087,190|197,2026-08-02T00:44:45+05:30,2026-09-30T00:13:09+05:30,Karapakkam
HOT-CRIME_PROPERTY-076,CRIME_PROPERTY,5,0,0,13.069553,80.195228,127,2026-07-04T13:56:40+05:30,2026-08-05T20:29:53+05:30,Koyambedu
HOT-CRIME_PROPERTY-077,CRIME_PROPERTY,8,3,1,13.200071,80.315191,3,2026-08-03T17:43:09+05:30,2026-09-26T20:52:40+05:30,Kathivakkam
HOT-CRIME_PROPERTY-078,CRIME_PROPERTY,6,1,1,13.11632,80.251237,44|45,2026-07-07T21:41:18+05:30,2026-09-03T23:14:15+05:30,Vyasarpadi
HOT-CRIME_PROPERTY-079,CRIME_PROPERTY,12,4,3,13.052818,80.263247,115|118|119,2026-07-05T23:30:16+05:30,2026-10-01T20:58:20+05:30,Royapettah
HOT-CRIME_PROPERTY-080,CRIME_PROPERTY,10,2,3,13.131329,80.24145,31|35,2026-07-26T13:21:53+05:30,2026-09-23T09:56:20+05:30,Moolakadai
HOT-CRIME_PROPERTY-081,CRIME_PROPERTY,5,1,0,12.847705,80.224859,200,2026-07-25T15:19:27+05:30,2026-09-04T21:26:21+05:30,Semmancheri
HOT-CRIME_PROPERTY-082,CRIME_PROPERTY,6,3,3,13.088832,80.255608,78|104,2026-08-08T17:07:40+05:30,2026-10-02T05:10:00+05:30,Purasawalkam
HOT-CRIME_PROPERTY-083,CRIME_PROPERTY,4,0,0,13.094934,80.285298,55,2026-07-18T17:47:17+05:30,2026-08-30T03:52:27+05:30,George Town
HOT-CRIME_PROPERTY-084,CRIME_PROPERTY,8,1,2,13.058673,80.275998,114|116,2026-07-11T04:40:12+05:30,2026-09-17T21:53:48+05:30,Triplicane
HOT-CRIME_PROPERTY-085,CRIME_PROPERTY,5,3,1,13.114756,80.157612,81|82|85,2026-07-18T19:42:02+05:30,2026-09-30T19:10:12+05:30,Ambattur
HOT-CRIME_VIOLENT-000,CRIME_VIOLENT,6,2,3,13.068647,80.263468,61|63,2026-07-04T17:40:06+05:30,2026-09-28T02:29:48+05:30,Pudupet
HOT-CRIME_VIOLENT-001,CRIME_VIOLENT,5,2,1,13.065464,80.163588,143,2026-07-05T02:51:51+05:30,2026-09-10T23:12:10+05:30,Maduravoyal
HOT-CRIME_VIOLENT-002,CRIME_VIOLENT,5,2,3,13.093438,80.247513,74,2026-07-09T14:52:55+05:30,2026-10-01T06:02:27+05:30,Otteri
HOT-CRIME_VIOLENT-003,CRIME_VIOLENT,5,1,2,12.988823,80.201539,163|165,2026-07-11T07:37:38+05:30,2026-09-05T08:25:54+05:30,Adambakkam
HOT-CRIME_VIOLENT-004,CRIME_VIOLENT,12,5,7,13.039984,80.249934,118|123,2026-07-14T22:12:26+05:30,2026-09-28T23:17:40+05:30,Teynampet
HOT-CRIME_VIOLENT-005,CRIME_VIOLENT,5,2,1,13.049627,80.16415,146,2026-07-15T18:02:58+05:30,2026-09-12T22:43:25+05:30,Alapakkam
HOT-CRIME_VIOLENT-006,CRIME_VIOLENT,5,1,1,13.050928,80.209969,130,2026-07-11T15:47:45+05:30,2026-09-24T00:38:53+05:30,Vadapalani
HOT-CRIME_VIOLENT-007,CRIME_VIOLENT,5,2,1,13.017211,80.242806,171|172,2026-07-06T22:25:18+05:30,2026-09-24T14:47:30+05:30,Kotturpuram
HOT-CRIME_VIOLENT-008,CRIME_VIOLENT,21,5,6,13.085439,80.26148,58,2026-07-17T04:55:04+05:30,2026-09-22T20:50:05+05:30,Vepery
HOT-CRIME_VIOLENT-009,CRIME_VIOLENT,6,2,1,13.166184,80.262106,21,2026-07-10T23:29:45+05:30,2026-09-10T08:39:30+05:30,Manali
HOT-CRIME_VIOLENT-010,CRIME_VIOLENT,5,1,0,13.003384,80.201612,160,2026-07-12T13:50:28+05:30,2026-09-02T17:45:31+05:30,Alandur
HOT-CRIME_VIOLENT-011,CRIME_VIOLENT,7,5,4,13.088071,80.24762,74|103|104,2026-07-22T05:07:31+05:30,2026-09-29T10:11:24+05:30,Kellys
HOT-CRIME_VIOLENT-012,CRIME_VIOLENT,5,2,0,13.160131,80.2048,23,2026-08-14T02:35:15+05:30,2026-09-11T09:52:47+05:30,Puzhal
HOT-CRIME_VIOLENT-013,CRIME_VIOLENT,7,0,2,12.983957,80.26226,181|182,2026-07-10T14:19:38+05:30,2026-08-29T03:32:31+05:30,Thiruvanmiyur
HOT-CRIME_VIOLENT-014,CRIME_VIOLENT,5,4,2,13.125343,80.255719,36,2026-08-20T21:40:19+05:30,2026-09-22T02:37:43+05:30,M.K.B. Nagar
HOT-CRIME_VIOLENT-015,CRIME_VIOLENT,5,2,1,13.053783,80.266627,115|119,2026-08-01T11:36:21+05:30,2026-09-15T11:18:34+05:30,Royapettah
HOT-CRIME_VIOLENT-016,CRIME_VIOLENT,7,5,4,12.936498,80.233203,194,2026-07-09T18:00:50+05:30,2026-09-29T20:03:57+05:30,Thoraipakkam
HOT-DRAINAGE_SEWAGE-000,DRAINAGE_SEWAGE,15,4,2,13.095398,80.257949,76|78,2026-07-04T18:43:00+05:30,2026-09-30T21:43:42+05:30,Kilpauk (Otteri Nullah - Kilpauk stretch)
HOT-DRAINAGE_SEWAGE-001,DRAINAGE_SEWAGE,12,4,1,13.009761,80.20899,160|170,2026-07-04T21:23:00+05:30,2026-09-28T17:20:59+05:30,Guindy Industrial Estate (Guindy Industrial Estate Storm Water Channel)
HOT-DRAINAGE_SEWAGE-002,DRAINAGE_SEWAGE,19,5,5,13.071301,80.222238,106,2026-07-06T11:06:34+05:30,2026-09-29T13:49:00+05:30,Anna Nagar (Anna Nagar Macro Drain)
HOT-DRAINAGE_SEWAGE-003,DRAINAGE_SEWAGE,22,8,3,13.116637,80.236722,68|69,2026-07-06T20:05:29+05:30,2026-09-30T07:06:25+05:30,Vyasarpadi (Captain Cotton Canal - Vyasarpadi stretch)
HOT-DRAINAGE_SEWAGE-004,DRAINAGE_SEWAGE,18,2,2,13.161063,80.300039,7|10|11,2026-07-07T16:52:00+05:30,2026-09-11T13:13:20+05:30,Ennore (Buckingham Canal - Ennore stretch)
HOT-DRAINAGE_SEWAGE-005,DRAINAGE_SEWAGE,9,3,2,12.980755,80.221214,178|179,2026-07-08T06:49:46+05:30,2026-09-30T09:35:51+05:30,Velachery (Veerangal Odai)
HOT-DRAINAGE_SEWAGE-006,DRAINAGE_SEWAGE,11,3,1,13.033325,80.261985,123|124,2026-07-08T06:52:33+05:30,2026-09-21T08:35:20+05:30,Mandaveli (Buckingham Canal - Mandaveli stretch)
HOT-DRAINAGE_SEWAGE-007,DRAINAGE_SEWAGE,22,8,7,13.063139,80.174906,144|147,2026-07-05T16:03:00+05:30,2026-09-29T22:05:11+05:30,Virugambakkam (Virugambakkam-Arumbakkam Canal)
HOT-DRAINAGE_SEWAGE-008,DRAINAGE_SEWAGE,8,1,2,13.110902,80.231183,66|67,2026-07-08T10:14:19+05:30,2026-09-06T16:54:43+05:30,Kodungaiyur (Kodungaiyur Canal)
HOT-DRAINAGE_SEWAGE-009,DRAINAGE_SEWAGE,10,2,0,12.99475,80.197549,161|162,2026-07-11T06:20:32+05:30,2026-09-13T17:54:06+05:30,Nanganallur (Nanganallur Macro Drain)
HOT-DRAINAGE_SEWAGE-010,DRAINAGE_SEWAGE,5,4,2,12.990881,80.264495,181,2026-07-13T19:50:00+05:30,2026-09-21T01:39:00+05:30,"Ist Street, Malaviya Avenue, Thiruvanmiyur"
HOT-DRAINAGE_SEWAGE-011,DRAINAGE_SEWAGE,4,3,1,12.984607,80.219233,178,2026-07-15T14:37:24+05:30,2026-09-25T19:04:48+05:30,Thiruvanmiyur (Buckingham Canal - Thiruvanmiyur stretch)
HOT-DRAINAGE_SEWAGE-012,DRAINAGE_SEWAGE,8,4,2,13.133691,80.287941,40,2026-07-15T14:45:55+05:30,2026-09-27T09:56:38+05:30,Korukkupet (Buckingham Canal - Korukkupet stretch)
HOT-DRAINAGE_SEWAGE-013,DRAINAGE_SEWAGE,7,4,2,13.14298,80.238103,30|31,2026-07-16T11:54:57+05:30,2026-09-20T09:27:28+05:30,Madhavaram Milk Colony (Madhavaram Surplus Drain)
HOT-DRAINAGE_SEWAGE-014,DRAINAGE_SEWAGE,27,7,3,12.904736,80.22401,197,2026-07-09T16:45:06+05:30,2026-09-25T08:19:31+05:30,Pallikaranai (Pallikaranai Marsh Outlet Drain)
HOT-DRAINAGE_SEWAGE-015,DRAINAGE_SEWAGE,6,2,2,13.112784,80.285812,48|51,2026-07-18T08:54:00+05:30,2026-09-18T17:47:46+05:30,"Devi Karumariamman Nagar 1St Street, Devi Karumari Amman Nagar, Korukkupet"
HOT-DRAINAGE_SEWAGE-016,DRAINAGE_SEWAGE,5,0,0,13.028308,80.184115,155,2026-07-19T09:22:00+05:30,2026-08-29T09:14:00+05:30,"Ambedkar Street, Ambedkar Street, Ramapuram"
HOT-DRAINAGE_SEWAGE-017,DRAINAGE_SEWAGE,12,6,3,13.094727,80.236994,98,2026-07-19T14:15:04+05:30,2026-09-29T16:12:00+05:30,Villivakkam (Villivakkam Macro Drain)
HOT-DRAINAGE_SEWAGE-018,DRAINAGE_SEWAGE,6,2,1,13.048773,80.221822,134,2026-07-19T19:15:00+05:30,2026-09-28T20:11:00+05:30,"Varadappan Street, Koyyathoppu, Rangarajapuram"
HOT-DRAINAGE_SEWAGE-019,DRAINAGE_SEWAGE,16,7,5,13.031514,80.222534,140,2026-07-20T07:33:32+05:30,2026-10-01T11:53:00+05:30,T. Nagar (Mambalam Canal Macro Drain)
HOT-DRAINAGE_SEWAGE-020,DRAINAGE_SEWAGE,5,2,1,13.047579,80.279,120,2026-07-22T18:07:00+05:30,2026-09-20T17:25:00+05:30,"Thulukanam Garden 1St Lane, Thulukanam Garden, Ice House"
HOT-DRAINAGE_SEWAGE-021,DRAINAGE_SEWAGE,5,1,1,13.125161,80.289441,42|43,2026-07-06T21:02:47+05:30,2026-09-28T11:04:24+05:30,Tondiarpet (Tondiarpet Macro Drain)
HOT-DRAINAGE_SEWAGE-022,DRAINAGE_SEWAGE,7,3,0,13.099434,80.235966,69|96,2026-07-17T10:51:49+05:30,2026-09-21T22:46:58+05:30,Ayanavaram (Otteri Nullah - Ayanavaram stretch)
HOT-DRAINAGE_SEWAGE-023,DRAINAGE_SEWAGE,12,4,4,13.084867,80.254596,58|78|104,2026-07-30T07:02:32+05:30,2026-09-30T22:57:50+05:30,Pulianthope (Buckingham Canal - Basin Bridge stretch)
HOT-DRAINAGE_SEWAGE-024,DRAINAGE_SEWAGE,6,2,1,13.065063,80.164689,143|146,2026-07-29T15:07:29+05:30,2026-09-17T18:35:40+05:30,Valasaravakkam (Valasaravakkam Macro Drain)
HOT-DRAIN_WORKS_SAFETY-000,DRAIN_WORKS_SAFETY,5,1,1,13.090315,80.234833,98,2026-07-23T15:37:00+05:30,2026-09-13T11:55:00+05:30,"Periyar Road Slum, Periyar Salai Tnscb Tenaments, Ayanavaram"
HOT-ENCROACHMENT-000,ENCROACHMENT,9,4,2,13.081529,80.261233,58,2026-07-09T07:00:30+05:30,2026-10-01T07:48:45+05:30,Chetpet (Chetpet Lake)
HOT-ENCROACHMENT-001,ENCROACHMENT,8,2,2,13.063649,80.167414,146|147,2026-07-13T07:25:38+05:30,2026-09-30T10:06:46+05:30,Nerkundram (Cooum River - Nerkundram stretch)
HOT-ENCROACHMENT-002,ENCROACHMENT,9,2,2,13.03211,80.263335,123|124,2026-07-21T19:39:34+05:30,2026-09-24T13:26:59+05:30,Kotturpuram (Adyar River - Kotturpuram stretch)
HOT-ENCROACHMENT-003,ENCROACHMENT,7,1,0,12.980581,80.219848,177|178,2026-07-20T15:33:07+05:30,2026-09-21T08:19:49+05:30,Velachery (Velachery Lake)
HOT-ENCROACHMENT-004,ENCROACHMENT,6,1,2,13.107007,80.159082,85,2026-08-06T18:13:04+05:30,2026-09-11T08:15:25+05:30,Korattur (Korattur Lake)
HOT-FLOOD_WATERLOGGING-000,FLOOD_WATERLOGGING,15,5,1,13.009671,80.21073,160|170|174,2026-07-04T14:42:02+05:30,2026-09-25T15:58:29+05:30,Guindy Industrial Estate (Guindy Industrial Estate Storm Water Channel)
HOT-FLOOD_WATERLOGGING-001,FLOOD_WATERLOGGING,13,3,0,13.160965,80.303136,9|10|11,2026-07-07T20:30:28+05:30,2026-09-19T03:44:23+05:30,Kathivakkam (Kathivakkam Macro Drain)
HOT-FLOOD_WATERLOGGING-002,FLOOD_WATERLOGGING,11,5,2,13.07192,80.222548,102|106,2026-07-08T15:50:36+05:30,2026-09-30T04:46:29+05:30,Anna Nagar (Anna Nagar Macro Drain)
HOT-FLOOD_WATERLOGGING-003,FLOOD_WATERLOGGING,8,3,0,12.996229,80.197771,161|162,2026-07-09T04:26:06+05:30,2026-09-22T15:32:20+05:30,Nanganallur (Nanganallur Macro Drain)
HOT-FLOOD_WATERLOGGING-004,FLOOD_WATERLOGGING,6,2,2,12.9926,80.198418,161|163,2026-07-09T06:15:31+05:30,2026-09-19T17:48:59+05:30,Nanganallur (Nanganallur Macro Drain)
HOT-FLOOD_WATERLOGGING-005,FLOOD_WATERLOGGING,8,5,2,13.064245,80.167107,146|147,2026-07-18T04:20:15+05:30,2026-09-29T20:46:01+05:30,Valasaravakkam (Valasaravakkam Macro Drain)
HOT-FLOOD_WATERLOGGING-006,FLOOD_WATERLOGGING,6,2,1,12.990979,80.202547,161|163,2026-07-18T01:56:38+05:30,2026-09-25T10:24:21+05:30,Adambakkam
HOT-FLOOD_WATERLOGGING-007,FLOOD_WATERLOGGING,8,2,0,13.117279,80.234263,68,2026-07-18T01:48:31+05:30,2026-09-19T12:25:30+05:30,Perambur (Otteri Nullah - Perambur stretch)
HOT-FLOOD_WATERLOGGING-008,FLOOD_WATERLOGGING,11,6,2,13.113678,80.154343,81|82|85,2026-07-18T06:02:36+05:30,2026-09-25T14:37:18+05:30,Mogappair
HOT-FLOOD_WATERLOGGING-009,FLOOD_WATERLOGGING,5,2,2,13.032992,80.222728,140,2026-07-31T18:10:51+05:30,2026-09-22T18:40:00+05:30,T. Nagar (Mambalam Canal Macro Drain)
HOT-FLOOD_WATERLOGGING-010,FLOOD_WATERLOGGING,8,3,0,13.071108,80.273202,59|60|62|63,2026-08-07T19:20:00+05:30,2026-09-08T18:03:00+05:30,Chintadripet
HOT-FLOOD_WATERLOGGING-011,FLOOD_WATERLOGGING,9,4,0,13.126331,80.287468,40|42|43,2026-07-18T06:17:51+05:30,2026-09-20T14:11:25+05:30,Tondiarpet
HOT-FLOOD_WATERLOGGING-012,FLOOD_WATERLOGGING,7,2,1,13.163672,80.299614,7|10,2026-07-19T21:44:00+05:30,2026-09-29T11:09:31+05:30,Ward 10
HOT-FLOOD_WATERLOGGING-013,FLOOD_WATERLOGGING,6,5,0,13.083388,80.255693,58|104,2026-07-08T19:02:31+05:30,2026-09-20T08:26:22+05:30,Pulianthope
HOT-HEALTH_SERVICES-000,HEALTH_SERVICES,6,2,0,13.106,80.2872,52,2026-07-05T00:00:00+05:30,2026-09-24T00:00:00+05:30,Stanley Medical College and Hospital
HOT-HEALTH_SERVICES-001,HEALTH_SERVICES,10,6,1,13.075297,80.259112,61,2026-07-23T00:00:00+05:30,2026-09-30T00:00:00+05:30,Institute of Child Health and Hospital
HOT-HEALTH_SERVICES-002,HEALTH_SERVICES,7,3,0,13.0823,80.2757,59,2026-08-02T00:00:00+05:30,2026-09-27T00:00:00+05:30,Rajiv Gandhi Government General Hospital
HOT-MISSING_PERSON-000,MISSING_PERSON,5,0,2,13.032442,80.212497,132,2026-07-10T23:28:44+05:30,2026-08-26T23:02:11+05:30,Ashok Nagar
HOT-PUBLIC_ORDER-000,PUBLIC_ORDER,14,3,0,13.086461,80.250699,103|104,2026-07-04T13:50:36+05:30,2026-09-16T21:18:43+05:30,Kellys
HOT-PUBLIC_ORDER-001,PUBLIC_ORDER,5,2,2,13.03388,80.267563,124,2026-07-06T10:30:37+05:30,2026-10-01T22:12:08+05:30,Mylapore
HOT-PUBLIC_ORDER-002,PUBLIC_ORDER,14,5,2,13.08279,80.269515,58,2026-07-09T16:17:58+05:30,2026-10-02T09:16:04+05:30,Periamet
HOT-PUBLIC_ORDER-003,PUBLIC_ORDER,21,7,3,13.071383,80.261078,61|63,2026-07-11T21:16:56+05:30,2026-09-27T22:02:39+05:30,Egmore
HOT-PUBLIC_ORDER-004,PUBLIC_ORDER,9,3,0,12.980958,80.218377,177|178,2026-07-11T23:05:52+05:30,2026-09-23T15:10:00+05:30,Velachery
HOT-PUBLIC_ORDER-005,PUBLIC_ORDER,6,2,1,13.041082,80.198866,137,2026-07-08T14:39:00+05:30,2026-09-24T22:53:54+05:30,K.K. Nagar
HOT-PUBLIC_ORDER-006,PUBLIC_ORDER,5,1,1,13.164911,80.298565,7|10,2026-07-16T09:09:50+05:30,2026-09-29T18:25:22+05:30,Thiruvottiyur
HOT-PUBLIC_ORDER-007,PUBLIC_ORDER,6,1,0,13.03738,80.22186,135,2026-07-18T20:21:04+05:30,2026-09-10T16:39:18+05:30,West Mambalam
HOT-PUBLIC_ORDER-008,PUBLIC_ORDER,5,1,0,13.133069,80.252,35,2026-07-09T18:05:34+05:30,2026-09-06T22:39:08+05:30,Kodungaiyur
HOT-PUBLIC_ORDER-009,PUBLIC_ORDER,5,3,1,13.15066,80.241087,28|30,2026-07-04T19:39:02+05:30,2026-09-20T14:00:19+05:30,Madhavaram Milk Colony
HOT-PUBLIC_ORDER-010,PUBLIC_ORDER,5,3,1,13.082896,80.239177,103,2026-07-11T21:31:32+05:30,2026-09-27T14:03:23+05:30,Kilpauk
HOT-PUBLIC_ORDER-011,PUBLIC_ORDER,8,5,1,12.985634,80.186828,164|167,2026-08-03T09:07:25+05:30,2026-10-02T01:09:11+05:30,Palavanthangal
HOT-PUBLIC_ORDER-012,PUBLIC_ORDER,5,1,0,13.114402,80.28965,49|51,2026-07-09T08:52:22+05:30,2026-09-26T18:31:39+05:30,Washermanpet
HOT-PUBLIC_ORDER-013,PUBLIC_ORDER,6,5,2,13.100538,80.16037,85|86,2026-07-12T12:09:17+05:30,2026-09-29T18:54:09+05:30,Ambattur Industrial Estate
HOT-PUBLIC_ORDER-014,PUBLIC_ORDER,3,1,0,12.983259,80.188682,164|167,2026-07-08T11:18:41+05:30,2026-09-12T14:37:39+05:30,Palavanthangal
HOT-PUBLIC_ORDER-015,PUBLIC_ORDER,5,1,0,12.916588,80.246241,196,2026-07-16T22:21:57+05:30,2026-09-17T23:08:02+05:30,Injambakkam
HOT-PUBLIC_ORDER-016,PUBLIC_ORDER,5,4,1,13.050407,80.227673,134,2026-08-30T08:58:55+05:30,2026-09-25T15:31:33+05:30,Kodambakkam
HOT-PUBLIC_ORDER-017,PUBLIC_ORDER,5,3,1,12.992907,80.206976,177,2026-07-06T20:00:14+05:30,2026-09-29T12:38:08+05:30,Adambakkam
HOT-ROAD_ACCIDENT-000,ROAD_ACCIDENT,7,3,0,12.849182,80.225716,200,2026-07-05T03:52:24+05:30,2026-09-18T04:58:27+05:30,Semmancheri
HOT-ROAD_ACCIDENT-001,ROAD_ACCIDENT,6,2,2,13.090595,80.200265,90|99,2026-07-05T04:13:40+05:30,2026-09-29T22:45:23+05:30,Anna Nagar West
HOT-ROAD_ACCIDENT-002,ROAD_ACCIDENT,10,4,2,13.126187,80.297947,43,2026-07-06T20:05:21+05:30,2026-09-22T13:02:34+05:30,Kasimedu
HOT-ROAD_ACCIDENT-003,ROAD_ACCIDENT,7,3,0,13.149984,80.297638,12|13,2026-07-07T19:16:37+05:30,2026-09-19T02:23:09+05:30,Kaladipet
HOT-ROAD_ACCIDENT-004,ROAD_ACCIDENT,12,4,2,13.164017,80.300466,7|8|9|10,2026-07-07T21:17:10+05:30,2026-09-29T01:09:08+05:30,Thiruvottiyur
HOT-ROAD_ACCIDENT-005,ROAD_ACCIDENT,9,6,3,13.06804,80.265074,61|63,2026-07-07T22:08:51+05:30,2026-09-28T03:36:22+05:30,Pudupet
HOT-ROAD_ACCIDENT-006,ROAD_ACCIDENT,7,2,0,13.166781,80.260429,21,2026-07-08T15:55:17+05:30,2026-09-15T06:31:59+05:30,Manali
HOT-ROAD_ACCIDENT-007,ROAD_ACCIDENT,7,3,1,13.079923,80.217708,100|101,2026-07-08T12:31:42+05:30,2026-09-28T08:13:04+05:30,Anna Arch
HOT-ROAD_ACCIDENT-008,ROAD_ACCIDENT,14,7,4,13.119298,80.232646,66|68,2026-07-10T19:34:43+05:30,2026-10-02T00:40:38+05:30,Perambur
HOT-ROAD_ACCIDENT-009,ROAD_ACCIDENT,6,2,0,13.019555,80.204664,170,2026-07-11T10:31:30+05:30,2026-09-25T20:55:24+05:30,Ekkattuthangal
HOT-ROAD_ACCIDENT-010,ROAD_ACCIDENT,10,4,2,13.00811,80.219989,174,2026-07-11T21:19:32+05:30,2026-09-25T21:59:31+05:30,Guindy
HOT-ROAD_ACCIDENT-011,ROAD_ACCIDENT,3,1,0,13.116326,80.229308,66,2026-07-11T01:09:33+05:30,2026-09-06T14:44:50+05:30,Perambur
HOT-ROAD_ACCIDENT-012,ROAD_ACCIDENT,8,3,0,13.042107,80.234531,136,2026-07-12T12:34:12+05:30,2026-09-20T00:13:21+05:30,T. Nagar
HOT-ROAD_ACCIDENT-013,ROAD_ACCIDENT,7,1,1,12.999237,80.258265,176,2026-07-13T10:46:44+05:30,2026-09-26T19:40:34+05:30,Adyar
HOT-ROAD_ACCIDENT-014,ROAD_ACCIDENT,6,1,0,13.08687,80.265027,58,2026-07-14T17:22:38+05:30,2026-09-13T16:04:49+05:30,Choolai
HOT-ROAD_ACCIDENT-015,ROAD_ACCIDENT,9,4,1,13.098457,80.185856,84|87|88,2026-07-15T18:15:30+05:30,2026-09-23T19:15:03+05:30,Padi
HOT-ROAD_ACCIDENT-016,ROAD_ACCIDENT,7,2,1,13.035816,80.157266,150|151,2026-07-15T18:37:28+05:30,2026-09-17T19:18:30+05:30,Porur
HOT-ROAD_ACCIDENT-017,ROAD_ACCIDENT,7,3,2,13.068792,80.183472,145,2026-07-15T00:32:03+05:30,2026-09-30T14:19:54+05:30,Nerkundram
HOT-ROAD_ACCIDENT-018,ROAD_ACCIDENT,8,3,1,12.989212,80.205327,163|165|177,2026-07-04T21:09:58+05:30,2026-09-24T22:52:14+05:30,Adambakkam
HOT-ROAD_ACCIDENT-019,ROAD_ACCIDENT,5,0,0,13.197849,80.313627,3,2026-07-15T20:09:10+05:30,2026-08-08T22:04:09+05:30,Kathivakkam
HOT-ROAD_ACCIDENT-020,ROAD_ACCIDENT,8,3,2,13.040466,80.199855,131|137,2026-07-13T20:12:42+05:30,2026-09-30T08:01:23+05:30,K.K. Nagar
HOT-ROAD_ACCIDENT-021,ROAD_ACCIDENT,5,0,0,12.936265,80.233061,194,2026-07-12T18:30:05+05:30,2026-08-15T06:19:39+05:30,Thoraipakkam
HOT-ROAD_ACCIDENT-022,ROAD_ACCIDENT,7,2,0,13.125263,80.259659,36|37,2026-07-18T14:48:09+05:30,2026-09-25T12:09:58+05:30,M.K.B. Nagar
HOT-ROAD_ACCIDENT-023,ROAD_ACCIDENT,10,2,1,13.113189,80.286832,48|49|51|52,2026-07-21T10:53:23+05:30,2026-09-29T21:16:47+05:30,Washermanpet
HOT-ROAD_ACCIDENT-024,ROAD_ACCIDENT,5,1,2,13.074924,80.22289,101|102|106,2026-07-13T21:19:45+05:30,2026-09-28T23:26:45+05:30,Aminjikarai
HOT-ROAD_ACCIDENT-025,ROAD_ACCIDENT,12,4,3,13.087248,80.247269,74|103|104,2026-07-05T19:00:16+05:30,2026-09-30T23:51:45+05:30,Kellys
HOT-ROAD_ACCIDENT-026,ROAD_ACCIDENT,7,2,2,13.078254,80.226727,102,2026-07-30T10:27:43+05:30,2026-09-30T01:15:24+05:30,Shenoy Nagar
HOT-ROAD_ACCIDENT-027,ROAD_ACCIDENT,8,3,1,13.202208,80.315976,3,2026-07-24T17:05:22+05:30,2026-09-24T12:55:32+05:30,Kathivakkam
HOT-ROAD_ACCIDENT-028,ROAD_ACCIDENT,7,2,2,12.916217,80.244742,196|197,2026-07-30T11:51:13+05:30,2026-10-02T09:47:50+05:30,Injambakkam
HOT-ROAD_ACCIDENT-029,ROAD_ACCIDENT,12,4,2,12.984768,80.24207,174|180,2026-07-12T02:21:16+05:30,2026-09-27T09:24:58+05:30,Taramani
HOT-ROAD_ACCIDENT-030,ROAD_ACCIDENT,7,3,1,13.035372,80.212808,132,2026-07-26T18:37:31+05:30,2026-09-23T10:11:08+05:30,Ashok Nagar
HOT-ROAD_ACCIDENT-031,ROAD_ACCIDENT,5,3,1,12.999085,80.266078,176,2026-07-23T03:07:30+05:30,2026-09-23T13:36:49+05:30,Besant Nagar
HOT-ROAD_ACCIDENT-032,ROAD_ACCIDENT,5,1,1,13.211784,80.324504,2,2026-07-15T01:46:22+05:30,2026-09-27T01:49:35+05:30,Ennore
HOT-ROAD_ACCIDENT-033,ROAD_ACCIDENT,8,3,1,13.082692,80.270265,58,2026-08-13T19:58:44+05:30,2026-10-01T07:35:58+05:30,Periamet
HOT-ROAD_ACCIDENT-034,ROAD_ACCIDENT,6,5,3,13.131047,80.24048,31|33,2026-08-13T22:20:07+05:30,2026-09-26T05:55:12+05:30,Moolakadai
HOT-ROAD_ACCIDENT-035,ROAD_ACCIDENT,5,1,1,12.900124,80.229765,197,2026-07-11T03:31:42+05:30,2026-09-29T19:54:36+05:30,Sholinganallur
HOT-ROAD_ACCIDENT-036,ROAD_ACCIDENT,6,2,1,12.98059,80.215829,177,2026-07-05T16:44:40+05:30,2026-10-02T06:58:29+05:30,Velachery
HOT-ROAD_ACCIDENT-037,ROAD_ACCIDENT,10,1,1,12.937338,80.20591,189|190,2026-07-06T10:35:45+05:30,2026-09-15T00:09:41+05:30,Pallikaranai
HOT-ROAD_ACCIDENT-038,ROAD_ACCIDENT,5,2,2,13.109813,80.244875,69|70|71,2026-07-05T20:39:31+05:30,2026-09-30T21:04:57+05:30,Jamalia
HOT-ROAD_ACCIDENT-039,ROAD_ACCIDENT,6,1,0,13.072016,80.259619,61,2026-08-01T09:06:28+05:30,2026-09-12T21:10:04+05:30,Egmore
HOT-ROAD_ACCIDENT-040,ROAD_ACCIDENT,5,3,1,12.978336,80.219,178,2026-08-02T22:46:42+05:30,2026-09-14T02:01:25+05:30,Velachery
HOT-ROAD_ACCIDENT-041,ROAD_ACCIDENT,5,2,1,13.121864,80.275205,41,2026-07-18T17:56:08+05:30,2026-09-04T01:55:23+05:30,Korukkupet
HOT-ROAD_ACCIDENT-042,ROAD_ACCIDENT,6,2,1,13.05262,80.193458,128,2026-07-21T20:25:45+05:30,2026-10-01T18:29:27+05:30,Virugambakkam
HOT-ROAD_ACCIDENT-043,ROAD_ACCIDENT,5,2,0,13.181209,80.306601,4|5,2026-07-18T11:30:05+05:30,2026-09-14T21:48:43+05:30,Wimco Nagar
HOT-ROAD_ACCIDENT-044,ROAD_ACCIDENT,7,4,2,13.072187,80.246462,107|111,2026-07-22T19:54:16+05:30,2026-09-20T16:08:40+05:30,Chetpet
HOT-ROAD_ACCIDENT-045,ROAD_ACCIDENT,5,2,0,12.985306,80.187813,164|167,2026-07-10T23:49:51+05:30,2026-09-18T21:03:48+05:30,Palavanthangal
HOT-ROAD_ACCIDENT-046,ROAD_ACCIDENT,5,2,0,13.111322,80.294266,50,2026-07-29T09:52:12+05:30,2026-09-18T22:52:28+05:30,Royapuram
HOT-ROAD_ACCIDENT-047,ROAD_ACCIDENT,6,3,2,12.994261,80.192796,162,2026-07-29T13:24:08+05:30,2026-09-29T13:44:56+05:30,St. Thomas Mount
HOT-ROAD_ACCIDENT-048,ROAD_ACCIDENT,5,2,2,12.9835,80.266681,181|182,2026-07-04T14:50:01+05:30,2026-10-01T08:03:40+05:30,Thiruvanmiyur
HOT-ROAD_DAMAGE-000,ROAD_DAMAGE,7,0,1,13.032229,80.267636,124,2026-07-05T16:00:22+05:30,2026-08-31T11:26:34+05:30,Triplicane (Napier Bridge)
HOT-ROAD_DAMAGE-001,ROAD_DAMAGE,12,5,4,13.161137,80.301829,9|10|11,2026-07-06T22:51:28+05:30,2026-09-23T03:20:23+05:30,Manali (Manali Kosasthalaiyar Causeway)
HOT-ROAD_DAMAGE-002,ROAD_DAMAGE,7,2,0,13.097781,80.249602,71|74,2026-07-05T14:46:00+05:30,2026-09-12T16:22:00+05:30,"Durga Street, Dashamakkan, Otteri"
HOT-ROAD_DAMAGE-003,ROAD_DAMAGE,13,6,6,13.072022,80.222394,101|106,2026-07-09T11:29:01+05:30,2026-10-02T08:54:21+05:30,Aminjikarai (Aminjikarai Cooum Bridge)
HOT-ROAD_DAMAGE-004,ROAD_DAMAGE,5,1,1,13.084061,80.255983,58|104,2026-07-06T15:10:00+05:30,2026-10-02T07:40:48+05:30,Pulianthope (Basin Bridge)
HOT-ROAD_DAMAGE-005,ROAD_DAMAGE,7,2,3,13.033409,80.258789,123,2026-07-04T17:13:13+05:30,2026-09-22T20:59:52+05:30,"Adyar (Thiru. Vi. Ka. Bridge, Adyar)"
HOT-ROAD_DAMAGE-006,ROAD_DAMAGE,5,1,1,12.906645,80.223758,197,2026-07-20T10:21:53+05:30,2026-09-06T17:38:06+05:30,Okkiyam Thoraipakkam (Okkiyam Madavu Bridge)
HOT-ROAD_DAMAGE-007,ROAD_DAMAGE,5,0,0,13.095644,80.267578,72|77,2026-07-18T11:32:00+05:30,2026-08-21T07:11:00+05:30,"Corporation Lane, Kosapet, Kosapet"
HOT-ROAD_DAMAGE-008,ROAD_DAMAGE,5,1,1,13.120192,80.24854,35|44,2026-07-25T16:04:00+05:30,2026-09-24T18:51:00+05:30,"Annai Sathya Nagar 1St Street, Annai Sathya Nagar, Vyasarpadi"
HOT-SOLID_WASTE-000,SOLID_WASTE,28,13,3,13.100225,80.281973,53|54|55|56,2026-07-04T17:58:00+05:30,2026-09-29T19:11:00+05:30,"Portguese Church 4Th Lane, Stanly Hospital, Seven Wells"
HOT-SOLID_WASTE-001,SOLID_WASTE,14,4,1,13.075097,80.271775,59|62,2026-07-05T16:12:00+05:30,2026-09-18T13:01:00+05:30,"Dhakshina Murthy Koil Street, Old Washermenpet, Mint"
HOT-SOLID_WASTE-002,SOLID_WASTE,24,7,4,13.044299,80.224231,133|134|135,2026-07-05T11:18:00+05:30,2026-10-01T21:40:00+05:30,"Varadappan Street, Koyyathoppu, Rangarajapuram"
HOT-SOLID_WASTE-003,SOLID_WASTE,12,4,0,13.117637,80.287902,42|48|49|51,2026-07-06T21:10:00+05:30,2026-09-28T09:11:00+05:30,"Bharathi Nagar 7Th Street, Bharathi Nagar, Korukkupet"
HOT-SOLID_WASTE-004,SOLID_WASTE,6,2,0,13.056352,80.260619,115,2026-07-06T23:38:00+05:30,2026-09-10T12:12:00+05:30,"Csd Colony Street, Csd Colony, Royapettah"
HOT-SOLID_WASTE-005,SOLID_WASTE,16,4,1,13.098091,80.262679,73|76|77,2026-07-06T05:01:00+05:30,2026-10-01T16:13:00+05:30,Balaji Nagar Main Salai
HOT-SOLID_WASTE-006,SOLID_WASTE,25,9,2,13.096749,80.252339,71|73|74|75|76,2026-07-06T20:03:00+05:30,2026-09-29T10:01:00+05:30,"Asirvathapuram 3Rd Street, Asirvatha Puram, Pulianthope"
HOT-SOLID_WASTE-007,SOLID_WASTE,9,1,0,13.117671,80.272562,37|46|47,2026-07-07T14:20:00+05:30,2026-09-07T07:13:00+05:30,"Corporation Lane, Nagappa Nagar, Basin Bridge"
HOT-SOLID_WASTE-008,SOLID_WASTE,9,2,1,13.027725,80.268035,124|126,2026-07-07T17:13:00+05:30,2026-10-02T08:12:00+05:30,"Kailasapuram 2Nd Street, Santhome, Mylapore"
HOT-SOLID_WASTE-009,SOLID_WASTE,6,1,1,13.13505,80.294087,39|40,2026-07-07T16:29:00+05:30,2026-10-01T12:49:00+05:30,"Ennore Express Road, Ennore Express Road, Kaladipet"
HOT-SOLID_WASTE-010,SOLID_WASTE,5,0,0,13.113726,80.26575,46,2026-07-08T02:48:00+05:30,2026-08-27T12:40:00+05:30,"19Th West Cross Lane(Rajiv Gandhi Nagar Cross Lane), Rajiv Gandhi Nagar, Vyasarpadi"
HOT-SOLID_WASTE-011,SOLID_WASTE,6,1,0,13.03158,80.221619,140,2026-07-08T17:03:00+05:30,2026-09-06T18:14:00+05:30,"West Jones Road, Saidapet West, Saidapet West"
HOT-SOLID_WASTE-012,SOLID_WASTE,8,3,0,13.106877,80.247997,70|71,2026-07-08T17:50:00+05:30,2026-09-22T08:07:00+05:30,"Aadhisesha Nagar 3Rd Street, Mangalapuram, Jamaliya"
HOT-SOLID_WASTE-013,SOLID_WASTE,15,2,1,13.04959,80.275695,116|120|121,2026-07-09T16:42:00+05:30,2026-09-21T07:48:00+05:30,"Thulukanam Garden 1St Lane, Thulukanam Garden, Ice House"
HOT-SOLID_WASTE-014,SOLID_WASTE,7,2,0,13.040444,80.268156,121|124,2026-07-05T15:27:00+05:30,2026-09-10T00:09:00+05:30,"Kuyil Thottam S.C.B. Tenement, Kuyil Thottam, Mylapore"
HOT-SOLID_WASTE-015,SOLID_WASTE,8,2,0,13.032806,80.228604,140|141,2026-07-07T19:00:00+05:30,2026-09-17T22:14:00+05:30,"Kambar Street, Saidapet West, Saidapet West"
HOT-SOLID_WASTE-016,SOLID_WASTE,8,1,0,13.021857,80.219561,139|142,2026-07-11T20:51:00+05:30,2026-09-28T23:09:00+05:30,"Kalaimagal Nagar 1St Cross Street, Kalaimagal Nagar, Ekkattuthangal"
HOT-SOLID_WASTE-017,SOLID_WASTE,9,4,1,13.149775,80.296887,12|13,2026-07-11T08:21:00+05:30,2026-10-01T21:37:00+05:30,"A' Sathanandhapuram E/W, Sathanandhapuram, Kaladipet"
HOT-SOLID_WASTE-018,SOLID_WASTE,7,1,0,13.046394,80.178576,149,2026-07-13T09:24:00+05:30,2026-09-11T22:48:00+05:30,"Gandhi Nagar 2Nd Canal Cross Street, Gandhi Nagar, Gandhi Nagar"
HOT-SOLID_WASTE-019,SOLID_WASTE,5,2,0,13.110359,80.217728,65|67|96,2026-07-13T20:51:00+05:30,2026-09-18T12:04:00+05:30,"Janakiram Colony Main Road, Janakiram Nagar, Kolathur"
HOT-SOLID_WASTE-020,SOLID_WASTE,16,4,2,12.992878,80.201834,161|163,2026-07-14T08:22:00+05:30,2026-10-01T06:15:00+05:30,"Balagangadara Street, Adambakkam, Adambakkam"
HOT-SOLID_WASTE-021,SOLID_WASTE,6,2,1,13.117945,80.281816,42|48,2026-07-17T18:46:00+05:30,2026-09-26T16:07:00+05:30,"Devi Karumariamman Nagar 2Nd Street, Devi Karumari Amman Nagar, Korukkupet"
HOT-SOLID_WASTE-022,SOLID_WASTE,5,2,1,12.979766,80.226888,179,2026-07-17T22:51:00+05:30,2026-09-28T12:03:00+05:30,"Sastri Nagar 6Th Cross Street, Sastri Nagar, Sastri Nagar"
HOT-SOLID_WASTE-023,SOLID_WASTE,5,1,0,12.986834,80.257025,181|182,2026-07-07T20:46:00+05:30,2026-09-11T13:10:00+05:30,"Dr.Radhakrishna Nagar 4Th Cross St 2Nd Lane, Dr.Radhakrishna Nagar, Thiruvanmiyur"
HOT-SOLID_WASTE-024,SOLID_WASTE,13,3,0,13.06237,80.239316,110|113,2026-07-07T23:07:00+05:30,2026-09-23T21:35:00+05:30,"M.T.H. Road, Municipal School, Kamarajapuram"
HOT-SOLID_WASTE-025,SOLID_WASTE,15,6,1,13.133015,80.289181,40,2026-07-19T08:44:00+05:30,2026-09-19T23:56:00+05:30,"Nethaji Nagar Market Street, Nethaji Nagar Market Street, Tondiarpet"
HOT-SOLID_WASTE-026,SOLID_WASTE,8,2,0,13.026973,80.217895,139|140|142,2026-07-10T13:18:00+05:30,2026-09-16T22:15:00+05:30,"West Jones Road, Saidapet West, Saidapet West"
HOT-SOLID_WASTE-027,SOLID_WASTE,5,0,0,13.086195,80.220261,101,2026-07-20T10:17:00+05:30,2026-08-30T15:27:00+05:30,"Bharathipuram 3Rd Street, Bharathipuram, Shenoy Nagar West"
HOT-SOLID_WASTE-028,SOLID_WASTE,5,2,1,13.091129,80.236212,98,2026-07-27T03:27:00+05:30,2026-09-17T20:55:00+05:30,"Brisly Nagar 3Rd Street, Brisly Nagar, Otteri"
HOT-SOLID_WASTE-029,SOLID_WASTE,3,0,0,13.022933,80.212896,139|142,2026-07-10T14:52:00+05:30,2026-07-30T23:38:00+05:30,"Godhamedu 1St Street, Gothamedu, Saidapet"
HOT-SOLID_WASTE-030,SOLID_WASTE,5,3,0,13.054444,80.275059,115|116,2026-07-08T11:11:00+05:30,2026-09-19T11:23:00+05:30,"Lock Nagar Slum Area, Lock Nagar, Chepauk"
HOT-SOLID_WASTE-031,SOLID_WASTE,5,1,0,13.113379,80.256172,45,2026-07-11T19:15:00+05:30,2026-09-19T14:48:00+05:30,"3Rd West Cross Lane, A. Kalyanapuram, Vyasarpadi"
HOT-SOLID_WASTE-032,SOLID_WASTE,6,1,1,13.086563,80.189207,89|90|93,2026-07-05T07:02:00+05:30,2026-09-27T13:24:00+05:30,"Indra Gandhi Street, Sethu Baskara School, S.V.Nagar"
HOT-SOLID_WASTE-033,SOLID_WASTE,13,5,1,12.979361,80.182669,166|167,2026-07-06T09:21:00+05:30,2026-09-30T20:53:00+05:30,"Elangovadigal Street, Palavanthangal, Nanganallur"
HOT-SOLID_WASTE-034,SOLID_WASTE,5,1,0,12.984933,80.221099,178,2026-07-12T09:17:00+05:30,2026-09-13T12:34:00+05:30,"Indira Street, Sankaran Avenue, Velachery"
HOT-SOLID_WASTE-035,SOLID_WASTE,10,4,0,13.14409,80.30201,14|39,2026-07-27T07:29:00+05:30,2026-09-17T22:09:00+05:30,"North Mada Street, North Mada, Kaladipet"
HOT-SOLID_WASTE-036,SOLID_WASTE,5,0,0,13.106844,80.201421,94,2026-07-25T13:05:00+05:30,2026-08-24T08:46:00+05:30,"Balambigai Nagar, Periyar Nagar, Villivakkam"
HOT-SOLID_WASTE-037,SOLID_WASTE,6,4,0,13.146028,80.23336,30,2026-08-23T14:55:00+05:30,2026-09-25T07:52:00+05:30,"Sasthri Nagar Annexe-1,Ponniammanmedu, Sastri Nagar, Ponniammanmedu-Madhavaram"
HOT-SOLID_WASTE-038,SOLID_WASTE,5,3,0,13.080303,80.193454,90,2026-07-08T17:03:00+05:30,2026-09-30T08:31:00+05:30,"4Th Avenue, Shanthi Colony, Anna Nagar West"
HOT-STREETLIGHT_ELECTRICAL-000,STREETLIGHT_ELECTRICAL,29,6,4,13.117234,80.280269,41|42|47|48,2026-07-06T09:08:00+05:30,2026-09-30T21:06:00+05:30,"Chindambaram Nagar, 2Rd Lane, Old Washermenpet, Basin Bridge"
HOT-STREETLIGHT_ELECTRICAL-001,STREETLIGHT_ELECTRICAL,5,3,1,13.100222,80.276813,54,2026-07-08T15:56:00+05:30,2026-10-01T20:33:00+05:30,Ellaiamman Koil 3Rd Street
HOT-STREETLIGHT_ELECTRICAL-002,STREETLIGHT_ELECTRICAL,10,4,1,13.091459,80.280024,57|59,2026-07-16T21:52:00+05:30,2026-09-30T23:32:00+05:30,"Dhakshina Murthy Koil Street, Old Washermenpet, Mint"
HOT-STREETLIGHT_ELECTRICAL-003,STREETLIGHT_ELECTRICAL,5,1,0,12.990569,80.264049,181,2026-07-18T20:53:00+05:30,2026-09-16T09:07:00+05:30,"Alcot Kuppam, Besant Nagar, Urur"
HOT-STREETLIGHT_ELECTRICAL-004,STREETLIGHT_ELECTRICAL,7,3,0,13.048858,80.276303,120,2026-07-16T12:34:00+05:30,2026-09-27T19:35:00+05:30,"Thulukanam Garden 1St Lane, Thulukanam Garden, Ice House"
HOT-STREETLIGHT_ELECTRICAL-005,STREETLIGHT_ELECTRICAL,5,2,0,13.02851,80.214024,139,2026-07-18T19:51:00+05:30,2026-09-25T07:27:00+05:30,"Kambar Street, Saidapet West, Saidapet West"
HOT-STREETLIGHT_ELECTRICAL-006,STREETLIGHT_ELECTRICAL,5,2,0,13.083653,80.250691,104,2026-07-26T20:39:00+05:30,2026-09-07T20:21:00+05:30,"Brisly Nagar 1St Street, Brisly Nagar, Otteri"
HOT-STREETLIGHT_ELECTRICAL-007,STREETLIGHT_ELECTRICAL,7,2,1,13.068843,80.270061,62|63,2026-07-19T11:58:00+05:30,2026-09-14T14:36:00+05:30,"Thulukanam Street, Varadarajapuram, Pudupet"
HOT-STREETLIGHT_ELECTRICAL-008,STREETLIGHT_ELECTRICAL,5,3,1,13.053309,80.234266,110|113,2026-07-10T21:10:00+05:30,2026-09-26T10:02:00+05:30,"M.T.H. Road, Municipal School, Kamarajapuram"
HOT-STREETLIGHT_ELECTRICAL-009,STREETLIGHT_ELECTRICAL,7,4,2,13.164047,80.304452,8|9,2026-07-13T12:53:00+05:30,2026-10-01T09:16:00+05:30,Balaji Nagar 5Th Colony
HOT-STREETLIGHT_ELECTRICAL-010,STREETLIGHT_ELECTRICAL,8,4,1,13.055463,80.261167,115,2026-07-25T20:43:00+05:30,2026-10-01T20:33:00+05:30,"Kabali Nagar 1St Street, Kabali Nagar, Royapettah"
HOT-STREETLIGHT_ELECTRICAL-011,STREETLIGHT_ELECTRICAL,7,2,0,13.055985,80.227443,112|134,2026-07-23T11:57:00+05:30,2026-09-09T21:10:00+05:30,"Azad Nagar 2Nd Street And Part, Azad Nagar, Aminjikarai"
HOT-STREETLIGHT_ELECTRICAL-012,STREETLIGHT_ELECTRICAL,5,3,2,13.109542,80.28183,51|52|53,2026-08-25T06:24:00+05:30,2026-09-17T11:48:00+05:30,"Hospital Quarters, Mint, Royapuram"
HOT-STREETLIGHT_ELECTRICAL-013,STREETLIGHT_ELECTRICAL,5,2,0,13.115236,80.298335,50,2026-07-19T17:53:00+05:30,2026-09-21T20:29:00+05:30,"Bentlemen Thottam 2Nd Street, Bentlemen Thottam, Royapuram"
HOT-STREETLIGHT_ELECTRICAL-014,STREETLIGHT_ELECTRICAL,6,3,1,13.145346,80.300539,14,2026-08-02T16:44:00+05:30,2026-09-19T20:13:00+05:30,"'A' Block, Sadanandapuram, Rajakadai"
HOT-STREETLIGHT_ELECTRICAL-015,STREETLIGHT_ELECTRICAL,6,2,0,13.078058,80.269046,58|62,2026-07-06T12:33:00+05:30,2026-09-20T19:49:00+05:30,"Link Road, Pudupet, Pudupet"
HOT-STREETLIGHT_ELECTRICAL-016,STREETLIGHT_ELECTRICAL,6,2,1,13.14812,80.295759,12|13,2026-07-09T22:07:00+05:30,2026-09-29T18:26:00+05:30,"Green Avenue, Green Avenue, Kaladipet"
HOT-TRAFFIC_OBSTRUCTION-000,TRAFFIC_OBSTRUCTION,11,2,0,13.11488,80.293812,49|50,2026-07-04T18:09:43+05:30,2026-09-18T10:24:05+05:30,Royapuram
HOT-TRAFFIC_OBSTRUCTION-001,TRAFFIC_OBSTRUCTION,5,1,0,13.118731,80.278434,41|47,2026-07-05T18:14:13+05:30,2026-09-03T18:13:34+05:30,Korukkupet
HOT-TRAFFIC_OBSTRUCTION-002,TRAFFIC_OBSTRUCTION,8,1,1,13.165364,80.300726,8|9|10,2026-07-06T20:12:18+05:30,2026-09-29T12:07:10+05:30,Thiruvottiyur
HOT-TRAFFIC_OBSTRUCTION-003,TRAFFIC_OBSTRUCTION,5,0,0,13.039723,80.232905,136,2026-07-07T23:46:11+05:30,2026-08-22T18:42:36+05:30,T. Nagar
HOT-TRAFFIC_OBSTRUCTION-004,TRAFFIC_OBSTRUCTION,10,5,1,13.093436,80.215986,100|101,2026-07-10T18:22:18+05:30,2026-09-29T14:42:16+05:30,ICF Colony
HOT-TRAFFIC_OBSTRUCTION-005,TRAFFIC_OBSTRUCTION,12,5,3,13.148005,80.299368,12|13|14,2026-07-11T01:40:52+05:30,2026-09-30T09:28:53+05:30,Kaladipet
HOT-TRAFFIC_OBSTRUCTION-006,TRAFFIC_OBSTRUCTION,5,2,0,13.125115,80.28754,42,2026-07-16T09:33:38+05:30,2026-09-20T23:05:38+05:30,Tondiarpet
HOT-TRAFFIC_OBSTRUCTION-007,TRAFFIC_OBSTRUCTION,9,3,0,13.089517,80.248872,74|103|104,2026-07-22T12:39:53+05:30,2026-09-20T18:40:58+05:30,Kellys
HOT-TRAFFIC_OBSTRUCTION-008,TRAFFIC_OBSTRUCTION,6,1,0,13.070136,80.262045,61,2026-07-17T18:40:09+05:30,2026-09-14T09:12:40+05:30,Egmore
HOT-TRAFFIC_OBSTRUCTION-009,TRAFFIC_OBSTRUCTION,7,3,0,13.113202,80.286497,48|49|51|52,2026-07-06T09:40:45+05:30,2026-09-11T09:39:34+05:30,Washermanpet
HOT-TRAFFIC_OBSTRUCTION-010,TRAFFIC_OBSTRUCTION,5,1,2,13.072043,80.226557,106,2026-08-01T18:01:47+05:30,2026-09-22T14:07:32+05:30,Aminjikarai
HOT-TRAFFIC_OBSTRUCTION-011,TRAFFIC_OBSTRUCTION,5,2,0,13.08403,80.27174,58,2026-07-21T07:45:00+05:30,2026-09-16T11:23:15+05:30,Periamet
HOT-TRAFFIC_OBSTRUCTION-012,TRAFFIC_OBSTRUCTION,11,6,1,13.211742,80.322466,2,2026-08-05T11:44:40+05:30,2026-10-01T10:11:57+05:30,Ennore
HOT-TRAFFIC_OBSTRUCTION-013,TRAFFIC_OBSTRUCTION,5,0,0,12.980351,80.18731,167,2026-07-11T13:46:36+05:30,2026-08-21T09:02:40+05:30,Nanganallur
HOT-TRAFFIC_OBSTRUCTION-014,TRAFFIC_OBSTRUCTION,7,0,0,13.094088,80.285547,55|57|60,2026-08-06T01:58:29+05:30,2026-08-25T10:09:12+05:30,George Town
HOT-TRAFFIC_OBSTRUCTION-015,TRAFFIC_OBSTRUCTION,5,3,0,13.109001,80.242912,69|70|71,2026-08-23T00:13:21+05:30,2026-09-25T10:23:34+05:30,Jamalia
HOT-TRAFFIC_OBSTRUCTION-016,TRAFFIC_OBSTRUCTION,5,1,0,13.073797,80.242837,104|107,2026-07-28T09:58:23+05:30,2026-09-22T18:32:37+05:30,Chetpet
HOT-TRAFFIC_OBSTRUCTION-017,TRAFFIC_OBSTRUCTION,5,2,1,13.032159,80.277318,125,2026-07-15T10:27:57+05:30,2026-09-25T10:05:07+05:30,Santhome
HOT-VECTOR_DISEASE-000,VECTOR_DISEASE,10,3,1,13.105903,80.287253,52,2026-07-28T00:00:00+05:30,2026-09-29T00:00:00+05:30,Stanley Medical College and Hospital
HOT-VECTOR_DISEASE-001,VECTOR_DISEASE,18,9,1,13.0823,80.2757,59,2026-08-16T00:00:00+05:30,2026-10-02T00:00:00+05:30,Rajiv Gandhi Government General Hospital
HOT-WATERBODY_INFRA-000,WATERBODY_INFRA,18,3,3,13.112518,80.15409,81|82|85,2026-07-04T13:37:16+05:30,2026-09-30T07:37:28+05:30,Ambattur (Ambattur Lake Sluice)
HOT-WATERBODY_INFRA-001,WATERBODY_INFRA,13,2,4,12.978658,80.22301,178|179,2026-07-06T18:59:10+05:30,2026-09-15T10:18:56+05:30,Velachery (Velachery Lake Surplus Sluice)
HOT-WATERBODY_INFRA-002,WATERBODY_INFRA,12,3,2,12.994117,80.200617,161|162|163,2026-07-07T20:54:46+05:30,2026-09-18T08:56:12+05:30,Adambakkam (Adambakkam Lake Sluice)
HOT-WATERBODY_INFRA-003,WATERBODY_INFRA,14,5,6,13.10602,80.157626,85|86,2026-07-09T07:30:22+05:30,2026-09-29T13:36:00+05:30,Korattur (Korattur Lake Sluice)
HOT-WATERBODY_INFRA-004,WATERBODY_INFRA,8,3,1,13.162644,80.299578,7|10,2026-07-14T12:00:36+05:30,2026-10-02T09:03:03+05:30,Ennore (Ennore Creek Regulator)
HOT-WATERBODY_INFRA-005,WATERBODY_INFRA,7,2,0,13.151157,80.228339,26|27|30,2026-07-31T20:52:09+05:30,2026-09-19T16:15:29+05:30,Retteri (Retteri Lake Sluice)
