metric,place_id,place_name,lat,lon,taluk_code,observed_at,value,unit,ewma7,mean28,zscore,slope_per_day,n_points,detail,source,anomaly,days_to_full
ambulance_available,HSP-government-peripheral-hospital-anna-naga,Government Peripheral Hospital Anna Nagar,13.087,80.21,TLK-AMJ,2026-10-02T00:00:00+05:30,1.0,flag,1.0,1.0,,-0.0,180,,hospital,0,
ambulance_available,HSP-government-royapettah-hospital,Government Royapettah Hospital,13.054,80.264,TLK-MYL,2026-10-02T00:00:00+05:30,1.0,flag,1.0,1.0,,-0.0,180,,hospital,0,
ambulance_available,HSP-govt-hospital-for-thoracic-medicine,Govt Hospital for Thoracic Medicine,12.9405,80.132,TLK-TBM,2026-10-02T00:00:00+05:30,1.0,flag,1.0,1.0,,-0.0,180,,hospital,0,
ambulance_available,HSP-institute-of-child-health-and-hospital,Institute of Child Health and Hospital,13.0745,80.258,TLK-EGM,2026-10-02T00:00:00+05:30,1.0,flag,1.0,1.0,,-0.0,180,,hospital,0,
ambulance_available,HSP-kilpauk-medical-college-and-hospital,Kilpauk Medical College and Hospital,13.0785,80.2425,TLK-PSW,2026-10-02T00:00:00+05:30,1.0,flag,1.0,1.0,,-0.0,180,,hospital,0,
ambulance_available,HSP-obstetrics-and-gynecology-hospital-egmor,Obstetrics and Gynecology Hospital Egmore,13.077,80.261,TLK-EGM,2026-10-02T00:00:00+05:30,1.0,flag,0.96,0.96,0.19,0.107,180,,hospital,0,
ambulance_available,HSP-rajiv-gandhi-government-general-hospital,Rajiv Gandhi Government General Hospital,13.0823,80.2757,TLK-TDP,2026-10-02T00:00:00+05:30,1.0,flag,1.0,1.0,,-0.0,180,,hospital,0,
ambulance_available,HSP-stanley-medical-college-and-hospital,Stanley Medical College and Hospital,13.106,80.2872,TLK-TDP,2026-10-02T00:00:00+05:30,1.0,flag,1.0,1.0,,-0.0,180,,hospital,0,
ambulance_available,HSP-tamil-nadu-govt-multi-super-specialty-ho,Tamil Nadu Govt Multi-Super Specialty Hospital,13.069,80.275,TLK-MYL,2026-10-02T00:00:00+05:30,1.0,flag,1.0,0.96,0.19,-0.0,180,,hospital,0,
aqi,CPCB-arumbakkam_chennai_tnpcb,"Arumbakkam, Chennai - TNPCB",13.0724,80.2106,,2026-10-02T12:00:00+05:30,82.0,AQI (India),96.8,101.0,-2.13,-0.643,8,Satisfactory,cpcb,0,
aqi,CPCB-kodungaiyur_chennai_tnpcb,"Kodungaiyur, Chennai - TNPCB",13.1375,80.2478,,2026-10-02T12:00:00+05:30,129.0,AQI (India),101.87,83.0,2.61,9.893,8,Moderate,cpcb,0,
aqi,CPCB-manali_chennai_cpcb,"Manali, Chennai - CPCB",13.1668,80.261,,2026-10-02T12:00:00+05:30,121.0,AQI (India),109.28,103.71,1.6,3.607,8,Moderate,cpcb,0,
aqi,CPCB-manali_village_chennai_tnpcb,"Manali Village, Chennai - TNPCB",13.177,80.27,,2026-10-02T12:00:00+05:30,54.0,AQI (India),55.7,55.0,-0.12,0.214,8,Satisfactory,cpcb,0,
aqi,CPCB-perungudi_chennai_tnpcb,"Perungudi, Chennai - TNPCB",12.9654,80.2461,,2026-10-02T12:00:00+05:30,49.0,AQI (India),54.93,62.86,-1.05,-4.893,8,Good,cpcb,0,
aqi,CPCB-royapuram_chennai_tnpcb,"Royapuram, Chennai - TNPCB",13.1137,80.2954,,2026-10-02T12:00:00+05:30,64.0,AQI (India),64.18,64.43,-0.44,-0.214,8,Satisfactory,cpcb,0,
aqi,CPCB-velachery_res_area_chennai_cpcb,"Velachery Res. Area, Chennai - CPCB",12.9815,80.218,,2026-10-02T12:00:00+05:30,92.0,AQI (India),100.63,101.83,-1.22,0.679,7,Satisfactory,cpcb,0,
bed_occupancy_pct,HSP-government-peripheral-hospital-anna-naga,Government Peripheral Hospital Anna Nagar,13.087,80.21,TLK-AMJ,2026-10-02T00:00:00+05:30,81.82,%,83.1,82.48,-0.32,-0.673,180,,hospital,0,
bed_occupancy_pct,HSP-government-royapettah-hospital,Government Royapettah Hospital,13.054,80.264,TLK-MYL,2026-10-02T00:00:00+05:30,95.26,%,95.29,90.91,1.02,0.332,180,,hospital,0,
bed_occupancy_pct,HSP-govt-hospital-for-thoracic-medicine,Govt Hospital for Thoracic Medicine,12.9405,80.132,TLK-TBM,2026-10-02T00:00:00+05:30,72.52,%,73.2,74.8,-1.45,0.165,180,,hospital,0,
bed_occupancy_pct,HSP-institute-of-child-health-and-hospital,Institute of Child Health and Hospital,13.0745,80.258,TLK-EGM,2026-10-02T00:00:00+05:30,95.79,%,92.79,89.43,2.01,2.05,180,,hospital,0,
bed_occupancy_pct,HSP-kilpauk-medical-college-and-hospital,Kilpauk Medical College and Hospital,13.0785,80.2425,TLK-PSW,2026-10-02T00:00:00+05:30,81.75,%,80.97,81.76,-0.0,0.439,180,,hospital,0,
bed_occupancy_pct,HSP-obstetrics-and-gynecology-hospital-egmor,Obstetrics and Gynecology Hospital Egmore,13.077,80.261,TLK-EGM,2026-10-02T00:00:00+05:30,93.6,%,92.79,91.67,0.78,0.492,180,,hospital,0,
bed_occupancy_pct,HSP-rajiv-gandhi-government-general-hospital,Rajiv Gandhi Government General Hospital,13.0823,80.2757,TLK-TDP,2026-10-02T00:00:00+05:30,96.03,%,96.26,94.22,0.6,-0.561,180,,hospital,0,
bed_occupancy_pct,HSP-stanley-medical-college-and-hospital,Stanley Medical College and Hospital,13.106,80.2872,TLK-TDP,2026-10-02T00:00:00+05:30,87.88,%,89.23,91.57,-1.32,-1.167,180,,hospital,0,
bed_occupancy_pct,HSP-tamil-nadu-govt-multi-super-specialty-ho,Tamil Nadu Govt Multi-Super Specialty Hospital,13.069,80.275,TLK-MYL,2026-10-02T00:00:00+05:30,75.6,%,74.9,75.94,-0.08,0.779,180,,hospital,0,
disease_cases,HSP-government-peripheral-hospital-anna-naga,Government Peripheral Hospital Anna Nagar,13.087,80.21,TLK-AMJ,2026-10-02T00:00:00+05:30,62.0,cases,91.47,91.29,-1.75,-1.214,180,Maternal Conditions,hospital,0,
disease_cases,HSP-government-royapettah-hospital,Government Royapettah Hospital,13.054,80.264,TLK-MYL,2026-10-02T00:00:00+05:30,312.0,cases,515.68,489.0,-1.61,-15.929,180,Orthopedic Injury,hospital,0,
disease_cases,HSP-govt-hospital-for-thoracic-medicine,Govt Hospital for Thoracic Medicine,12.9405,80.132,TLK-TBM,2026-10-02T00:00:00+05:30,132.0,cases,215.4,261.43,-2.6,-10.393,180,Tuberculosis,hospital,0,
disease_cases,HSP-institute-of-child-health-and-hospital,Institute of Child Health and Hospital,13.0745,80.258,TLK-EGM,2026-10-02T00:00:00+05:30,198.0,cases,332.52,387.07,-2.63,-15.893,180,Pediatric Infection,hospital,0,
disease_cases,HSP-kilpauk-medical-college-and-hospital,Kilpauk Medical College and Hospital,13.0785,80.2425,TLK-PSW,2026-10-02T00:00:00+05:30,285.0,cases,459.41,553.29,-2.49,-9.893,180,Fungal Skin Infection,hospital,0,
disease_cases,HSP-obstetrics-and-gynecology-hospital-egmor,Obstetrics and Gynecology Hospital Egmore,13.077,80.261,TLK-EGM,2026-10-02T00:00:00+05:30,196.0,cases,314.38,399.46,-2.49,-14.071,180,Maternal Conditions,hospital,0,
disease_cases,HSP-rajiv-gandhi-government-general-hospital,Rajiv Gandhi Government General Hospital,13.0823,80.2757,TLK-TDP,2026-10-02T00:00:00+05:30,527.0,cases,829.63,927.07,-2.14,-25.393,180,Dengue,hospital,0,
disease_cases,HSP-stanley-medical-college-and-hospital,Stanley Medical College and Hospital,13.106,80.2872,TLK-TDP,2026-10-02T00:00:00+05:30,275.0,cases,369.03,316.46,-0.55,14.571,180,Hepatitis,hospital,0,
disease_cases,HSP-tamil-nadu-govt-multi-super-specialty-ho,Tamil Nadu Govt Multi-Super Specialty Hospital,13.069,80.275,TLK-MYL,2026-10-02T00:00:00+05:30,102.0,cases,158.71,169.39,-1.88,-5.143,180,Gastrointestinal Disorders,hospital,0,
doctors_on_roll,HSP-government-peripheral-hospital-anna-naga,Government Peripheral Hospital Anna Nagar,13.087,80.21,TLK-AMJ,2026-10-02T00:00:00+05:30,30.0,staff,38.41,39.93,-2.07,-0.143,180,,hospital,0,
doctors_on_roll,HSP-government-royapettah-hospital,Government Royapettah Hospital,13.054,80.264,TLK-MYL,2026-10-02T00:00:00+05:30,130.0,staff,161.46,171.18,-2.13,0.857,180,,hospital,0,
doctors_on_roll,HSP-govt-hospital-for-thoracic-medicine,Govt Hospital for Thoracic Medicine,12.9405,80.132,TLK-TBM,2026-10-02T00:00:00+05:30,78.0,staff,98.51,97.61,-1.68,0.643,180,,hospital,0,
doctors_on_roll,HSP-institute-of-child-health-and-hospital,Institute of Child Health and Hospital,13.0745,80.258,TLK-EGM,2026-10-02T00:00:00+05:30,139.0,staff,175.81,185.79,-2.25,0.643,180,,hospital,0,
doctors_on_roll,HSP-kilpauk-medical-college-and-hospital,Kilpauk Medical College and Hospital,13.0785,80.2425,TLK-PSW,2026-10-02T00:00:00+05:30,172.0,staff,215.18,227.04,-2.12,1.25,180,,hospital,0,
doctors_on_roll,HSP-obstetrics-and-gynecology-hospital-egmor,Obstetrics and Gynecology Hospital Egmore,13.077,80.261,TLK-EGM,2026-10-02T00:00:00+05:30,99.0,staff,128.3,134.14,-2.33,0.464,180,,hospital,0,
doctors_on_roll,HSP-rajiv-gandhi-government-general-hospital,Rajiv Gandhi Government General Hospital,13.0823,80.2757,TLK-TDP,2026-10-02T00:00:00+05:30,343.0,staff,446.18,459.43,-2.22,-2.143,180,,hospital,0,
doctors_on_roll,HSP-stanley-medical-college-and-hospital,Stanley Medical College and Hospital,13.106,80.2872,TLK-TDP,2026-10-02T00:00:00+05:30,248.0,staff,320.48,323.04,-1.96,-1.607,180,,hospital,0,
doctors_on_roll,HSP-tamil-nadu-govt-multi-super-specialty-ho,Tamil Nadu Govt Multi-Super Specialty Hospital,13.069,80.275,TLK-MYL,2026-10-02T00:00:00+05:30,116.0,staff,143.53,152.25,-2.09,1.536,180,,hospital,0,
emergency_cases,HSP-government-peripheral-hospital-anna-naga,Government Peripheral Hospital Anna Nagar,13.087,80.21,TLK-AMJ,2026-10-02T00:00:00+05:30,83.0,cases,76.49,75.18,1.13,-1.286,180,,hospital,0,
emergency_cases,HSP-government-royapettah-hospital,Government Royapettah Hospital,13.054,80.264,TLK-MYL,2026-10-02T00:00:00+05:30,353.0,cases,369.07,345.21,0.21,1.143,180,,hospital,0,
emergency_cases,HSP-govt-hospital-for-thoracic-medicine,Govt Hospital for Thoracic Medicine,12.9405,80.132,TLK-TBM,2026-10-02T00:00:00+05:30,96.0,cases,99.29,94.64,0.11,-3.643,180,,hospital,0,
emergency_cases,HSP-institute-of-child-health-and-hospital,Institute of Child Health and Hospital,13.0745,80.258,TLK-EGM,2026-10-02T00:00:00+05:30,251.0,cases,261.72,248.64,0.11,-3.429,180,,hospital,0,
emergency_cases,HSP-kilpauk-medical-college-and-hospital,Kilpauk Medical College and Hospital,13.0785,80.2425,TLK-PSW,2026-10-02T00:00:00+05:30,288.0,cases,296.4,276.36,0.39,3.107,180,,hospital,0,
emergency_cases,HSP-obstetrics-and-gynecology-hospital-egmor,Obstetrics and Gynecology Hospital Egmore,13.077,80.261,TLK-EGM,2026-10-02T00:00:00+05:30,166.0,cases,158.65,165.93,0.0,-2.429,180,,hospital,0,
emergency_cases,HSP-rajiv-gandhi-government-general-hospital,Rajiv Gandhi Government General Hospital,13.0823,80.2757,TLK-TDP,2026-10-02T00:00:00+05:30,840.0,cases,746.65,692.11,1.94,-0.643,180,,hospital,0,
emergency_cases,HSP-stanley-medical-college-and-hospital,Stanley Medical College and Hospital,13.106,80.2872,TLK-TDP,2026-10-02T00:00:00+05:30,480.0,cases,451.08,436.36,0.88,-0.393,180,,hospital,0,
emergency_cases,HSP-tamil-nadu-govt-multi-super-specialty-ho,Tamil Nadu Govt Multi-Super Specialty Hospital,13.069,80.275,TLK-MYL,2026-10-02T00:00:00+05:30,134.0,cases,128.14,125.57,0.5,-0.214,180,,hospital,0,
health_alert_level,HSP-government-peripheral-hospital-anna-naga,Government Peripheral Hospital Anna Nagar,13.087,80.21,TLK-AMJ,2026-10-02T00:00:00+05:30,0.0,0-3,0.0,0.0,,0.0,180,,hospital,0,
health_alert_level,HSP-government-royapettah-hospital,Government Royapettah Hospital,13.054,80.264,TLK-MYL,2026-10-02T00:00:00+05:30,3.0,0-3,2.53,0.89,1.92,0.357,180,Bed Capacity Critical,hospital,0,
health_alert_level,HSP-govt-hospital-for-thoracic-medicine,Govt Hospital for Thoracic Medicine,12.9405,80.132,TLK-TBM,2026-10-02T00:00:00+05:30,0.0,0-3,0.14,0.5,-0.52,0.0,180,,hospital,0,
health_alert_level,HSP-institute-of-child-health-and-hospital,Institute of Child Health and Hospital,13.0745,80.258,TLK-EGM,2026-10-02T00:00:00+05:30,3.0,0-3,2.04,0.93,2.3,0.607,180,Bed Capacity Critical,hospital,0,
health_alert_level,HSP-kilpauk-medical-college-and-hospital,Kilpauk Medical College and Hospital,13.0785,80.2425,TLK-PSW,2026-10-02T00:00:00+05:30,0.0,0-3,0.0,0.07,-0.27,0.0,180,,hospital,0,
health_alert_level,HSP-obstetrics-and-gynecology-hospital-egmor,Obstetrics and Gynecology Hospital Egmore,13.077,80.261,TLK-EGM,2026-10-02T00:00:00+05:30,1.0,0-3,1.0,1.04,-0.04,-0.107,180,High Bed Occupancy,hospital,0,
health_alert_level,HSP-rajiv-gandhi-government-general-hospital,Rajiv Gandhi Government General Hospital,13.0823,80.2757,TLK-TDP,2026-10-02T00:00:00+05:30,3.0,0-3,2.76,2.14,1.07,-0.071,180,Dengue Surge; Bed Capacity Critical,hospital,0,
health_alert_level,HSP-stanley-medical-college-and-hospital,Stanley Medical College and Hospital,13.106,80.2872,TLK-TDP,2026-10-02T00:00:00+05:30,3.0,0-3,2.46,1.21,1.95,0.321,180,Hepatitis Surge,hospital,0,
health_alert_level,HSP-tamil-nadu-govt-multi-super-specialty-ho,Tamil Nadu Govt Multi-Super Specialty Hospital,13.069,80.275,TLK-MYL,2026-10-02T00:00:00+05:30,0.0,0-3,0.0,0.07,-0.19,0.0,180,,hospital,0,
humidity_pct,IMD-43278,Chennai-Nungambakkam,13.07,80.2,,2026-10-02T08:30:00+05:30,83.0,%,72.54,63.25,0.88,6.786,13,,imd,0,
humidity_pct,IMD-43279,Chennai-Meenambakkam,13.0,80.18,,2026-10-02T08:30:00+05:30,77.0,%,66.88,56.77,1.04,9.179,14,,imd,0,
humidity_pct,IMD-99948,Chennai-Ennore,13.266667,80.333333,,2026-09-29T08:30:00+05:30,0.0,%,0.0,,,,1,,imd,0,
imd_warning_level,CHENNAI,Chennai district,13.0827,80.2707,,2026-10-02T10:00:00+05:30,0.0,0=green..3=red,0.27,0.38,-0.75,-0.179,17,No Warning,imd,0,
lake_outflow_cusec,PWD-AST-0001,Adambakkam Lake,12.99737,80.201093,TLK-ALD,2026-10-02T00:00:00+05:30,22.0,cusec,10.34,12.86,0.22,3.0,180,,pwd,0,
lake_outflow_cusec,PWD-AST-0002,Palavanthangal Lake,12.990992,80.204358,TLK-ALD,2026-10-02T00:00:00+05:30,10.0,cusec,4.79,5.93,0.21,1.393,180,,pwd,0,
lake_outflow_cusec,PWD-AST-0003,Ambattur Lake,13.11353,80.152945,TLK-AMB,2026-10-02T00:00:00+05:30,0.0,cusec,27.93,69.79,-0.37,0.929,180,,pwd,0,
lake_outflow_cusec,PWD-AST-0004,Korattur Lake,13.107168,80.157596,TLK-AMB,2026-10-02T00:00:00+05:30,0.0,cusec,39.11,97.54,-0.37,1.286,180,,pwd,0,
lake_outflow_cusec,PWD-AST-0005,Mogappair Eri,13.112793,80.155048,TLK-AMB,2026-10-02T00:00:00+05:30,0.0,cusec,4.34,11.0,-0.37,0.107,180,,pwd,0,
lake_outflow_cusec,PWD-AST-0006,Kolathur Lake,13.099426,80.230704,TLK-AYN,2026-10-02T00:00:00+05:30,9.0,cusec,6.3,9.75,-0.03,1.607,180,,pwd,0,
lake_outflow_cusec,PWD-AST-0007,Chetpet Lake,13.08196,80.26155,TLK-EGM,2026-10-02T00:00:00+05:30,3.0,cusec,1.37,1.5,0.32,0.393,180,,pwd,0,
lake_outflow_cusec,PWD-AST-0008,Madhavaram Lake,13.147624,80.232884,TLK-MDV,2026-10-02T00:00:00+05:30,10.0,cusec,12.41,22.89,-0.15,0.607,180,,pwd,0,
lake_outflow_cusec,PWD-AST-0009,Retteri Lake,13.149649,80.228598,TLK-MDV,2026-10-02T00:00:00+05:30,16.0,cusec,19.97,36.57,-0.15,1.0,180,,pwd,0,
lake_outflow_cusec,PWD-AST-0010,Porur Lake,13.058283,80.172743,TLK-MDR,2026-10-02T00:00:00+05:30,27.0,cusec,18.9,28.61,-0.02,3.5,180,,pwd,0,
lake_outflow_cusec,PWD-AST-0011,Nolambur Lake,13.067293,80.167126,TLK-MDR,2026-10-02T00:00:00+05:30,7.0,cusec,5.12,7.64,-0.03,0.929,180,,pwd,0,
lake_outflow_cusec,PWD-AST-0012,Perungudi Lake,12.907419,80.228015,TLK-SHN,2026-10-02T00:00:00+05:30,4.0,cusec,10.56,14.21,-0.27,2.179,180,,pwd,0,
lake_outflow_cusec,PWD-AST-0013,Velachery Lake,12.979938,80.218987,TLK-VLC,2026-10-02T00:00:00+05:30,5.0,cusec,3.38,7.68,-0.12,0.857,180,,pwd,0,
lake_outflow_cusec,PWD-AST-0083,Chembarambakkam Reservoir,12.972,80.052,,2026-10-02T00:00:00+05:30,841.0,cusec,1009.81,1054.04,-0.09,279.357,180,,pwd,0,
lake_outflow_cusec,PWD-AST-0084,Puzhal Reservoir (Red Hills),13.164,80.178,,2026-10-02T00:00:00+05:30,910.0,cusec,1043.5,1134.46,-0.08,278.179,180,,pwd,0,
lake_outflow_cusec,PWD-AST-0085,Poondi Reservoir (Sathyamoorthy Sagar),13.194,79.86,,2026-10-02T00:00:00+05:30,894.0,cusec,1023.02,1113.36,-0.08,271.964,180,,pwd,0,
lake_outflow_cusec,PWD-AST-0086,Cholavaram Reservoir,13.23,80.145,,2026-10-02T00:00:00+05:30,254.0,cusec,298.48,309.75,-0.08,82.0,180,,pwd,0,
lake_outflow_cusec,PWD-AST-0087,Kannankottai-Thervoy Kandigai Reservoir,13.4,79.965,,2026-10-02T00:00:00+05:30,131.0,cusec,152.51,163.54,-0.08,41.0,180,,pwd,0,
lake_pct_full,PWD-AST-0001,Adambakkam Lake,12.99737,80.201093,TLK-ALD,2026-10-02T00:00:00+05:30,98.5,%,98.21,97.48,1.18,0.225,180,,pwd,0,7.0
lake_pct_full,PWD-AST-0002,Palavanthangal Lake,12.990992,80.204358,TLK-ALD,2026-10-02T00:00:00+05:30,98.5,%,98.2,97.48,1.17,0.229,180,,pwd,0,7.0
lake_pct_full,PWD-AST-0003,Ambattur Lake,13.11353,80.152945,TLK-AMB,2026-10-02T00:00:00+05:30,98.4,%,98.35,97.59,0.87,0.046,180,,pwd,0,
lake_pct_full,PWD-AST-0004,Korattur Lake,13.107168,80.157596,TLK-AMB,2026-10-02T00:00:00+05:30,98.4,%,98.35,97.59,0.87,0.046,180,,pwd,0,
lake_pct_full,PWD-AST-0005,Mogappair Eri,13.112793,80.155048,TLK-AMB,2026-10-02T00:00:00+05:30,98.3,%,98.32,97.59,0.76,0.036,180,,pwd,0,
lake_pct_full,PWD-AST-0006,Kolathur Lake,13.099426,80.230704,TLK-AYN,2026-10-02T00:00:00+05:30,98.5,%,98.35,97.58,1.0,0.057,180,,pwd,0,26.0
lake_pct_full,PWD-AST-0007,Chetpet Lake,13.08196,80.26155,TLK-EGM,2026-10-02T00:00:00+05:30,98.5,%,98.32,97.56,1.02,0.061,180,,pwd,0,25.0
lake_pct_full,PWD-AST-0008,Madhavaram Lake,13.147624,80.232884,TLK-MDV,2026-10-02T00:00:00+05:30,98.5,%,98.37,97.59,0.98,0.057,180,,pwd,0,26.0
lake_pct_full,PWD-AST-0009,Retteri Lake,13.149649,80.228598,TLK-MDV,2026-10-02T00:00:00+05:30,98.5,%,98.37,97.59,0.98,0.057,180,,pwd,0,26.0
lake_pct_full,PWD-AST-0010,Porur Lake,13.058283,80.172743,TLK-MDR,2026-10-02T00:00:00+05:30,98.5,%,98.22,97.46,1.16,0.264,180,,pwd,0,6.0
lake_pct_full,PWD-AST-0011,Nolambur Lake,13.067293,80.167126,TLK-MDR,2026-10-02T00:00:00+05:30,98.5,%,98.22,97.46,1.16,0.254,180,,pwd,0,6.0
lake_pct_full,PWD-AST-0012,Perungudi Lake,12.907419,80.228015,TLK-SHN,2026-10-02T00:00:00+05:30,98.5,%,98.31,97.55,1.05,0.093,180,,pwd,0,16.0
lake_pct_full,PWD-AST-0013,Velachery Lake,12.979938,80.218987,TLK-VLC,2026-10-02T00:00:00+05:30,98.5,%,97.95,97.35,1.31,0.339,180,,pwd,0,4.0
lake_pct_full,PWD-AST-0083,Chembarambakkam Reservoir,12.972,80.052,,2026-10-02T00:00:00+05:30,92.0,%,94.54,95.33,-2.18,-0.718,180,,pwd,0,
lake_pct_full,PWD-AST-0084,Puzhal Reservoir (Red Hills),13.164,80.178,,2026-10-02T00:00:00+05:30,92.0,%,94.63,95.54,-2.43,-0.811,180,,pwd,0,
lake_pct_full,PWD-AST-0085,Poondi Reservoir (Sathyamoorthy Sagar),13.194,79.86,,2026-10-02T00:00:00+05:30,92.0,%,94.62,95.45,-2.27,-0.8,180,,pwd,0,
lake_pct_full,PWD-AST-0086,Cholavaram Reservoir,13.23,80.145,,2026-10-02T00:00:00+05:30,92.0,%,94.43,94.95,-1.62,-0.639,180,,pwd,0,
lake_pct_full,PWD-AST-0087,Kannankottai-Thervoy Kandigai Reservoir,13.4,79.965,,2026-10-02T00:00:00+05:30,92.0,%,94.63,95.48,-2.34,-0.8,180,,pwd,0,
lake_storage_mcft,PWD-AST-0001,Adambakkam Lake,12.99737,80.201093,TLK-ALD,2026-10-02T00:00:00+05:30,27.58,mcft,27.5,27.29,1.17,0.062,180,,pwd,0,
lake_storage_mcft,PWD-AST-0002,Palavanthangal Lake,12.990992,80.204358,TLK-ALD,2026-10-02T00:00:00+05:30,13.79,mcft,13.75,13.65,1.17,0.032,180,,pwd,0,
lake_storage_mcft,PWD-AST-0003,Ambattur Lake,13.11353,80.152945,TLK-AMB,2026-10-02T00:00:00+05:30,108.19,mcft,108.17,107.34,0.84,0.05,180,,pwd,0,
lake_storage_mcft,PWD-AST-0004,Korattur Lake,13.107168,80.157596,TLK-AMB,2026-10-02T00:00:00+05:30,147.54,mcft,147.51,146.37,0.84,0.07,180,,pwd,0,
lake_storage_mcft,PWD-AST-0005,Mogappair Eri,13.112793,80.155048,TLK-AMB,2026-10-02T00:00:00+05:30,17.7,mcft,17.7,17.56,0.81,0.008,180,,pwd,0,
lake_storage_mcft,PWD-AST-0006,Kolathur Lake,13.099426,80.230704,TLK-AYN,2026-10-02T00:00:00+05:30,29.55,mcft,29.5,29.27,1.01,0.018,180,,pwd,0,
lake_storage_mcft,PWD-AST-0007,Chetpet Lake,13.08196,80.26155,TLK-EGM,2026-10-02T00:00:00+05:30,5.91,mcft,5.9,5.85,1.01,0.004,180,,pwd,0,
lake_storage_mcft,PWD-AST-0008,Madhavaram Lake,13.147624,80.232884,TLK-MDV,2026-10-02T00:00:00+05:30,64.03,mcft,63.95,63.43,0.99,0.04,180,,pwd,0,
lake_storage_mcft,PWD-AST-0009,Retteri Lake,13.149649,80.228598,TLK-MDV,2026-10-02T00:00:00+05:30,93.58,mcft,93.46,92.7,0.99,0.059,180,,pwd,0,
lake_storage_mcft,PWD-AST-0010,Porur Lake,13.058283,80.172743,TLK-MDR,2026-10-02T00:00:00+05:30,47.28,mcft,47.15,46.78,1.15,0.125,180,,pwd,0,
lake_storage_mcft,PWD-AST-0011,Nolambur Lake,13.067293,80.167126,TLK-MDR,2026-10-02T00:00:00+05:30,11.82,mcft,11.79,11.7,1.15,0.031,180,,pwd,0,
lake_storage_mcft,PWD-AST-0012,Perungudi Lake,12.907419,80.228015,TLK-SHN,2026-10-02T00:00:00+05:30,39.4,mcft,39.33,39.02,1.04,0.035,180,,pwd,0,
lake_storage_mcft,PWD-AST-0013,Velachery Lake,12.979938,80.218987,TLK-VLC,2026-10-02T00:00:00+05:30,21.67,mcft,21.55,21.42,1.32,0.072,180,,pwd,0,
lake_storage_mcft,PWD-AST-0083,Chembarambakkam Reservoir,12.972,80.052,,2026-10-02T00:00:00+05:30,3353.4,mcft,3445.91,3474.92,-2.18,-26.257,180,,pwd,0,
lake_storage_mcft,PWD-AST-0084,Puzhal Reservoir (Red Hills),13.164,80.178,,2026-10-02T00:00:00+05:30,3036.0,mcft,3122.94,3152.7,-2.44,-26.657,180,,pwd,0,
lake_storage_mcft,PWD-AST-0085,Poondi Reservoir (Sathyamoorthy Sagar),13.194,79.86,,2026-10-02T00:00:00+05:30,2972.5,mcft,3057.25,3083.88,-2.26,-25.907,180,,pwd,0,
lake_storage_mcft,PWD-AST-0086,Cholavaram Reservoir,13.23,80.145,,2026-10-02T00:00:00+05:30,994.5,mcft,1020.8,1026.43,-1.62,-6.914,180,,pwd,0,
lake_storage_mcft,PWD-AST-0087,Kannankottai-Thervoy Kandigai Reservoir,13.4,79.965,,2026-10-02T00:00:00+05:30,460.0,mcft,473.11,477.42,-2.35,-3.986,180,,pwd,0,
medicine_status,HSP-government-peripheral-hospital-anna-naga,Government Peripheral Hospital Anna Nagar,13.087,80.21,TLK-AMJ,2026-10-02T00:00:00+05:30,2.0,"0=critical,2=available",2.0,2.0,,-0.0,180,Available,hospital,0,
medicine_status,HSP-government-royapettah-hospital,Government Royapettah Hospital,13.054,80.264,TLK-MYL,2026-10-02T00:00:00+05:30,2.0,"0=critical,2=available",2.0,2.0,,-0.0,180,Available,hospital,0,
medicine_status,HSP-govt-hospital-for-thoracic-medicine,Govt Hospital for Thoracic Medicine,12.9405,80.132,TLK-TBM,2026-10-02T00:00:00+05:30,2.0,"0=critical,2=available",1.89,1.61,0.57,-0.0,180,Available,hospital,0,
medicine_status,HSP-institute-of-child-health-and-hospital,Institute of Child Health and Hospital,13.0745,80.258,TLK-EGM,2026-10-02T00:00:00+05:30,2.0,"0=critical,2=available",2.0,1.89,0.34,-0.0,180,Available,hospital,0,
medicine_status,HSP-kilpauk-medical-college-and-hospital,Kilpauk Medical College and Hospital,13.0785,80.2425,TLK-PSW,2026-10-02T00:00:00+05:30,2.0,"0=critical,2=available",2.0,1.93,0.27,-0.0,180,Available,hospital,0,
medicine_status,HSP-obstetrics-and-gynecology-hospital-egmor,Obstetrics and Gynecology Hospital Egmore,13.077,80.261,TLK-EGM,2026-10-02T00:00:00+05:30,2.0,"0=critical,2=available",2.0,1.96,0.19,-0.0,180,Available,hospital,0,
medicine_status,HSP-rajiv-gandhi-government-general-hospital,Rajiv Gandhi Government General Hospital,13.0823,80.2757,TLK-TDP,2026-10-02T00:00:00+05:30,2.0,"0=critical,2=available",2.0,2.0,,-0.0,180,Available,hospital,0,
medicine_status,HSP-stanley-medical-college-and-hospital,Stanley Medical College and Hospital,13.106,80.2872,TLK-TDP,2026-10-02T00:00:00+05:30,2.0,"0=critical,2=available",2.0,2.0,,-0.0,180,Available,hospital,0,
medicine_status,HSP-tamil-nadu-govt-multi-super-specialty-ho,Tamil Nadu Govt Multi-Super Specialty Hospital,13.069,80.275,TLK-MYL,2026-10-02T00:00:00+05:30,2.0,"0=critical,2=available",2.0,2.0,,-0.0,180,Available,hospital,0,
nurses_on_roll,HSP-government-peripheral-hospital-anna-naga,Government Peripheral Hospital Anna Nagar,13.087,80.21,TLK-AMJ,2026-10-02T00:00:00+05:30,75.0,staff,94.54,96.25,-1.9,0.964,180,,hospital,0,
nurses_on_roll,HSP-government-royapettah-hospital,Government Royapettah Hospital,13.054,80.264,TLK-MYL,2026-10-02T00:00:00+05:30,293.0,staff,367.16,391.5,-2.25,1.357,180,,hospital,0,
nurses_on_roll,HSP-govt-hospital-for-thoracic-medicine,Govt Hospital for Thoracic Medicine,12.9405,80.132,TLK-TBM,2026-10-02T00:00:00+05:30,224.0,staff,274.86,282.64,-1.81,4.071,180,,hospital,0,
nurses_on_roll,HSP-institute-of-child-health-and-hospital,Institute of Child Health and Hospital,13.0745,80.258,TLK-EGM,2026-10-02T00:00:00+05:30,370.0,staff,466.15,487.46,-2.14,4.179,180,,hospital,0,
nurses_on_roll,HSP-kilpauk-medical-college-and-hospital,Kilpauk Medical College and Hospital,13.0785,80.2425,TLK-PSW,2026-10-02T00:00:00+05:30,421.0,staff,532.23,546.5,-1.99,2.429,180,,hospital,0,
nurses_on_roll,HSP-obstetrics-and-gynecology-hospital-egmor,Obstetrics and Gynecology Hospital Egmore,13.077,80.261,TLK-EGM,2026-10-02T00:00:00+05:30,320.0,staff,405.25,417.46,-2.06,2.357,180,,hospital,0,
nurses_on_roll,HSP-rajiv-gandhi-government-general-hospital,Rajiv Gandhi Government General Hospital,13.0823,80.2757,TLK-TDP,2026-10-02T00:00:00+05:30,886.0,staff,1127.19,1170.89,-2.19,7.429,180,,hospital,0,
nurses_on_roll,HSP-stanley-medical-college-and-hospital,Stanley Medical College and Hospital,13.106,80.2872,TLK-TDP,2026-10-02T00:00:00+05:30,590.0,staff,758.49,804.57,-2.4,3.107,180,,hospital,0,
nurses_on_roll,HSP-tamil-nadu-govt-multi-super-specialty-ho,Tamil Nadu Govt Multi-Super Specialty Hospital,13.069,80.275,TLK-MYL,2026-10-02T00:00:00+05:30,256.0,staff,318.4,330.61,-1.95,3.75,180,,hospital,0,
occupied_beds,HSP-government-peripheral-hospital-anna-naga,Government Peripheral Hospital Anna Nagar,13.087,80.21,TLK-AMJ,2026-10-02T00:00:00+05:30,162.0,beds,164.9,164.43,-0.58,-1.607,180,,hospital,0,
occupied_beds,HSP-government-royapettah-hospital,Government Royapettah Hospital,13.054,80.264,TLK-MYL,2026-10-02T00:00:00+05:30,804.0,beds,805.39,770.36,0.95,1.857,180,,hospital,0,
occupied_beds,HSP-govt-hospital-for-thoracic-medicine,Govt Hospital for Thoracic Medicine,12.9405,80.132,TLK-TBM,2026-10-02T00:00:00+05:30,541.0,beds,545.77,557.96,-1.39,1.357,180,,hospital,0,
occupied_beds,HSP-institute-of-child-health-and-hospital,Institute of Child Health and Hospital,13.0745,80.258,TLK-EGM,2026-10-02T00:00:00+05:30,956.0,beds,926.13,892.54,1.97,20.464,180,,hospital,0,
occupied_beds,HSP-kilpauk-medical-college-and-hospital,Kilpauk Medical College and Hospital,13.0785,80.2425,TLK-PSW,2026-10-02T00:00:00+05:30,981.0,beds,971.18,980.11,0.05,5.179,180,,hospital,0,
occupied_beds,HSP-obstetrics-and-gynecology-hospital-egmor,Obstetrics and Gynecology Hospital Egmore,13.077,80.261,TLK-EGM,2026-10-02T00:00:00+05:30,746.0,beds,739.94,730.86,0.77,3.464,180,,hospital,0,
occupied_beds,HSP-rajiv-gandhi-government-general-hospital,Rajiv Gandhi Government General Hospital,13.0823,80.2757,TLK-TDP,2026-10-02T00:00:00+05:30,2854.0,beds,2866.1,2816.82,0.41,-19.607,180,,hospital,0,
occupied_beds,HSP-stanley-medical-college-and-hospital,Stanley Medical College and Hospital,13.106,80.2872,TLK-TDP,2026-10-02T00:00:00+05:30,1580.0,beds,1603.87,1643.57,-1.25,-20.679,180,,hospital,0,
occupied_beds,HSP-tamil-nadu-govt-multi-super-specialty-ho,Tamil Nadu Govt Multi-Super Specialty Hospital,13.069,80.275,TLK-MYL,2026-10-02T00:00:00+05:30,378.0,beds,374.36,377.39,0.03,3.893,180,,hospital,0,
opd_count,HSP-government-peripheral-hospital-anna-naga,Government Peripheral Hospital Anna Nagar,13.087,80.21,TLK-AMJ,2026-10-02T00:00:00+05:30,377.0,patients,978.96,1104.71,-2.16,-8.179,180,,hospital,0,
opd_count,HSP-government-royapettah-hospital,Government Royapettah Hospital,13.054,80.264,TLK-MYL,2026-10-02T00:00:00+05:30,1321.0,patients,3259.93,3672.14,-2.19,-7.25,180,,hospital,0,
opd_count,HSP-govt-hospital-for-thoracic-medicine,Govt Hospital for Thoracic Medicine,12.9405,80.132,TLK-TBM,2026-10-02T00:00:00+05:30,560.0,patients,1396.14,1609.93,-2.14,8.893,180,,hospital,0,
opd_count,HSP-institute-of-child-health-and-hospital,Institute of Child Health and Hospital,13.0745,80.258,TLK-EGM,2026-10-02T00:00:00+05:30,1101.0,patients,2909.85,3762.57,-2.21,-56.5,180,,hospital,0,
opd_count,HSP-kilpauk-medical-college-and-hospital,Kilpauk Medical College and Hospital,13.0785,80.2425,TLK-PSW,2026-10-02T00:00:00+05:30,1596.0,patients,4209.62,5018.04,-2.3,-85.536,180,,hospital,0,
opd_count,HSP-obstetrics-and-gynecology-hospital-egmor,Obstetrics and Gynecology Hospital Egmore,13.077,80.261,TLK-EGM,2026-10-02T00:00:00+05:30,910.0,patients,2416.34,2620.57,-2.12,-33.536,180,,hospital,0,
opd_count,HSP-rajiv-gandhi-government-general-hospital,Rajiv Gandhi Government General Hospital,13.0823,80.2757,TLK-TDP,2026-10-02T00:00:00+05:30,4050.0,patients,10710.74,10995.68,-2.0,-60.5,180,,hospital,0,
opd_count,HSP-stanley-medical-college-and-hospital,Stanley Medical College and Hospital,13.106,80.2872,TLK-TDP,2026-10-02T00:00:00+05:30,2647.0,patients,6789.19,7203.61,-2.06,107.107,180,,hospital,0,
opd_count,HSP-tamil-nadu-govt-multi-super-specialty-ho,Tamil Nadu Govt Multi-Super Specialty Hospital,13.069,80.275,TLK-MYL,2026-10-02T00:00:00+05:30,834.0,patients,2165.66,2365.93,-2.08,7.0,180,,hospital,0,
rainfall_24h_mm,IMD-43278,Chennai-Nungambakkam,13.07,80.2,,2026-10-02T08:30:00+05:30,0.0,mm,0.0,0.0,,0.0,7,,imd,0,
rainfall_24h_mm,IMD-43279,Chennai-Meenambakkam,13.0,80.18,,2026-10-02T08:30:00+05:30,0.0,mm,0.0,0.0,,0.0,8,,imd,0,
rainfall_24h_mm,IMD-99947,Chennai-Madhavaram,13.15,80.216667,,2026-10-02T08:30:00+05:30,0.0,mm,0.07,0.12,-0.5,,5,,imd,0,
rainfall_24h_mm,IMD-99948,Chennai-Ennore,13.266667,80.333333,,2026-10-02T08:30:00+05:30,0.0,mm,0.05,0.1,-0.45,,6,,imd,0,
reservoir_inflow_cusec,RD001,Red Hills,13.164,80.178,,2026-10-02T06:00:00+05:30,6.37123035537307,cusec,6.06,7.03,-0.26,0.046,92,,cfm,0,
reservoir_inflow_cusec,TNCH-07-T0726,Chembarambakkam Tank,12.972,80.052,,2026-10-02T06:00:00+05:30,0.0,cusec,0.05,0.88,-0.5,0.0,92,,cfm,0,
temp_departure_c,IMD-43278,Chennai-Nungambakkam,13.07,80.2,,2026-10-02T08:30:00+05:30,0.8,°C,1.97,2.41,-2.35,-0.261,14,,imd,0,
temp_departure_c,IMD-43279,Chennai-Meenambakkam,13.0,80.18,,2026-10-02T08:30:00+05:30,2.3,°C,2.84,3.06,-1.15,-0.25,15,,imd,0,
temp_max_c,IMD-43278,Chennai-Nungambakkam,13.07,80.2,,2026-10-01T17:30:00+05:30,34.8,°C,35.9,36.05,-1.1,-0.321,14,,imd,0,
temp_max_c,IMD-43279,Chennai-Meenambakkam,13.0,80.18,,2026-10-01T17:30:00+05:30,36.2,°C,36.84,36.38,-0.12,-0.2,14,,imd,0,
temp_max_c,IMD-99947,Chennai-Madhavaram,13.15,80.216667,,2026-10-01T17:30:00+05:30,34.0,°C,35.49,35.88,-2.45,-0.05,7,,imd,0,
temp_max_c,IMD-99948,Chennai-Ennore,13.266667,80.333333,,2026-10-01T17:30:00+05:30,34.3,°C,34.64,34.69,-0.5,-0.189,11,,imd,0,
temp_min_c,IMD-43278,Chennai-Nungambakkam,13.07,80.2,,2026-10-02T08:30:00+05:30,26.3,°C,27.31,27.31,-0.84,-0.232,15,,imd,0,
temp_min_c,IMD-43279,Chennai-Meenambakkam,13.0,80.18,,2026-10-02T08:30:00+05:30,27.3,°C,27.59,27.26,0.03,-0.071,15,,imd,0,
temp_min_c,IMD-99947,Chennai-Madhavaram,13.15,80.216667,,2026-10-02T08:30:00+05:30,25.8,°C,26.96,27.61,-1.78,-0.339,10,,imd,0,
temp_min_c,IMD-99948,Chennai-Ennore,13.266667,80.333333,,2026-10-02T08:30:00+05:30,25.7,°C,26.61,26.81,-1.48,-0.061,13,,imd,0,
total_beds,HSP-government-peripheral-hospital-anna-naga,Government Peripheral Hospital Anna Nagar,13.087,80.21,TLK-AMJ,2026-10-02T00:00:00+05:30,198.0,beds,198.42,199.36,-2.0,-0.321,180,,hospital,0,
total_beds,HSP-government-royapettah-hospital,Government Royapettah Hospital,13.054,80.264,TLK-MYL,2026-10-02T00:00:00+05:30,844.0,beds,845.26,847.43,-1.98,-1.0,180,,hospital,0,
total_beds,HSP-govt-hospital-for-thoracic-medicine,Govt Hospital for Thoracic Medicine,12.9405,80.132,TLK-TBM,2026-10-02T00:00:00+05:30,746.0,beds,745.63,745.96,0.02,0.179,180,,hospital,0,
total_beds,HSP-institute-of-child-health-and-hospital,Institute of Child Health and Hospital,13.0745,80.258,TLK-EGM,2026-10-02T00:00:00+05:30,998.0,beds,998.13,997.96,0.02,-0.0,180,,hospital,0,
total_beds,HSP-kilpauk-medical-college-and-hospital,Kilpauk Medical College and Hospital,13.0785,80.2425,TLK-PSW,2026-10-02T00:00:00+05:30,1200.0,beds,1199.47,1198.82,1.76,-0.107,180,,hospital,0,
total_beds,HSP-obstetrics-and-gynecology-hospital-egmor,Obstetrics and Gynecology Hospital Egmore,13.077,80.261,TLK-EGM,2026-10-02T00:00:00+05:30,797.0,beds,797.46,797.29,-0.2,-0.5,180,,hospital,0,
total_beds,HSP-rajiv-gandhi-government-general-hospital,Rajiv Gandhi Government General Hospital,13.0823,80.2757,TLK-TDP,2026-10-02T00:00:00+05:30,2972.0,beds,2977.35,2989.75,-2.28,-3.0,180,,hospital,0,
total_beds,HSP-stanley-medical-college-and-hospital,Stanley Medical College and Hospital,13.106,80.2872,TLK-TDP,2026-10-02T00:00:00+05:30,1798.0,beds,1797.46,1794.86,0.94,0.321,180,,hospital,0,
total_beds,HSP-tamil-nadu-govt-multi-super-specialty-ho,Tamil Nadu Govt Multi-Super Specialty Hospital,13.069,80.275,TLK-MYL,2026-10-02T00:00:00+05:30,500.0,beds,499.82,497.0,1.0,0.0,180,,hospital,0,
vaccination_pct,HSP-government-peripheral-hospital-anna-naga,Government Peripheral Hospital Anna Nagar,13.087,80.21,TLK-AMJ,2026-10-02T00:00:00+05:30,81.97,%,82.44,84.16,-2.08,-0.173,180,,hospital,0,
vaccination_pct,HSP-government-royapettah-hospital,Government Royapettah Hospital,13.054,80.264,TLK-MYL,2026-10-02T00:00:00+05:30,77.94,%,77.61,76.2,1.79,0.139,180,,hospital,0,
vaccination_pct,HSP-govt-hospital-for-thoracic-medicine,Govt Hospital for Thoracic Medicine,12.9405,80.132,TLK-TBM,2026-10-02T00:00:00+05:30,82.5,%,82.17,80.6,1.92,0.209,180,,hospital,0,
vaccination_pct,HSP-institute-of-child-health-and-hospital,Institute of Child Health and Hospital,13.0745,80.258,TLK-EGM,2026-10-02T00:00:00+05:30,95.37,%,94.81,92.77,2.02,0.247,180,,hospital,0,
vaccination_pct,HSP-kilpauk-medical-college-and-hospital,Kilpauk Medical College and Hospital,13.0785,80.2425,TLK-PSW,2026-10-02T00:00:00+05:30,75.62,%,76.91,80.8,-2.27,-0.471,180,,hospital,0,
vaccination_pct,HSP-obstetrics-and-gynecology-hospital-egmor,Obstetrics and Gynecology Hospital Egmore,13.077,80.261,TLK-EGM,2026-10-02T00:00:00+05:30,90.79,%,91.05,92.98,-1.82,-0.27,180,,hospital,0,
vaccination_pct,HSP-rajiv-gandhi-government-general-hospital,Rajiv Gandhi Government General Hospital,13.0823,80.2757,TLK-TDP,2026-10-02T00:00:00+05:30,86.04,%,85.81,85.5,2.14,0.087,180,,hospital,0,
vaccination_pct,HSP-stanley-medical-college-and-hospital,Stanley Medical College and Hospital,13.106,80.2872,TLK-TDP,2026-10-02T00:00:00+05:30,78.59,%,79.5,82.86,-2.06,-0.32,180,,hospital,0,
vaccination_pct,HSP-tamil-nadu-govt-multi-super-specialty-ho,Tamil Nadu Govt Multi-Super Specialty Hospital,13.069,80.275,TLK-MYL,2026-10-02T00:00:00+05:30,84.96,%,84.77,84.31,1.11,0.055,180,,hospital,0,
