work_id,work_title,work_type,asset_id,office_id,sanctioned_amount_lakh,expenditure_lakh,start_date,target_date,completion_date,status,physical_progress_pct,asset_name,latitude,longitude,taluk_code,spend_pct,overrun_pct,progress_gap_pct,office
PWD-WRK-00513,"Construction of new wing - Govt Peripheral Hospital, Periyar Nagar (2024-25)",building_construction,PWD-AST-0067,PWD-OFF-003,1057.78,1016.36,2024-07-15T00:00:00,2026-06-10T00:00:00,2026-06-11T00:00:00,completed,100,"Govt Peripheral Hospital, Periyar Nagar",13.100215,80.229443,TLK-AYN,96.1,0.0,-3.9,"Buildings Division (North), Chennai"
PWD-WRK-00527,Construction of new wing - Sholinganallur Taluk Office (2024-25),building_construction,PWD-AST-0075,PWD-OFF-004,866.03,841.51,2024-08-06T00:00:00,2025-08-08T00:00:00,2026-06-11T00:00:00,completed,100,Sholinganallur Taluk Office,12.898182,80.227821,TLK-SHN,97.2,0.0,-2.8,"Buildings Division (South), Chennai"
PWD-WRK-00588,Construction of new wing - Ezhilagam Govt Office Complex (2024-25),building_construction,PWD-AST-0073,PWD-OFF-004,1450.5,1282.94,2024-10-09T00:00:00,2026-08-12T00:00:00,2026-05-29T00:00:00,completed,100,Ezhilagam Govt Office Complex,13.030363,80.269569,TLK-MYL,88.4,0.0,-11.6,"Buildings Division (South), Chennai"
PWD-WRK-00669,Construction of new wing - Rajiv Gandhi Govt General Hospital - Tower Block (2024-25),building_construction,PWD-AST-0062,PWD-OFF-009,1328.47,1001.88,2025-02-13T00:00:00,2026-11-13T00:00:00,,in_progress,95,Rajiv Gandhi Govt General Hospital - Tower Block,13.081306,80.270069,TLK-EGM,75.4,0.0,-19.6,"Buildings Sub-Division, Egmore"
PWD-WRK-00698,"Construction of new wing - Collectorate Building, Rajaji Salai (2025-26)",building_construction,PWD-AST-0074,PWD-OFF-003,618.4,436.71,2025-04-24T00:00:00,2026-11-15T00:00:00,,in_progress,71,"Collectorate Building, Rajaji Salai",13.119395,80.287464,TLK-TDP,70.6,0.0,-0.4,"Buildings Division (North), Chennai"
PWD-WRK-00702,"Construction of additional block at Govt Polytechnic College, Taramani",building_construction,PWD-AST-0072,PWD-OFF-004,302.1,261.78,2025-05-12T00:00:00,2026-05-07T00:00:00,2026-04-30T00:00:00,completed,100,"Govt Polytechnic College, Taramani",12.981574,80.213362,TLK-VLC,86.7,0.0,-13.3,"Buildings Division (South), Chennai"
PWD-WRK-00710,Construction of new wing - Ezhilagam Govt Office Complex (2025-26),building_construction,PWD-AST-0073,PWD-OFF-004,542.79,469.18,2025-05-03T00:00:00,2026-08-26T00:00:00,2026-09-01T00:00:00,completed,100,Ezhilagam Govt Office Complex,13.030363,80.269569,TLK-MYL,86.4,0.0,-13.6,"Buildings Division (South), Chennai"
PWD-WRK-00721,Construction of additional block at King Institute of Preventive Medicine,building_construction,PWD-AST-0069,PWD-OFF-008,1001.91,983.1,2025-06-14T00:00:00,2026-06-03T00:00:00,2026-04-23T00:00:00,completed,100,King Institute of Preventive Medicine,13.006109,80.213798,TLK-GND,98.1,0.0,-1.9,"Buildings Sub-Division, Guindy"
PWD-WRK-00728,Construction of additional block at Rajiv Gandhi Govt General Hospital - Tower Block,building_construction,PWD-AST-0062,PWD-OFF-009,1311.59,828.19,2025-06-07T00:00:00,2027-03-08T00:00:00,,in_progress,75,Rajiv Gandhi Govt General Hospital - Tower Block,13.081306,80.270069,TLK-EGM,63.1,0.0,-11.9,"Buildings Sub-Division, Egmore"
PWD-WRK-00739,Repairs & rehabilitation of Aminjikarai Cooum Bridge,bridge_repair,PWD-AST-0079,PWD-OFF-013,177.84,148.86,2025-07-22T00:00:00,2026-03-12T00:00:00,2026-04-26T00:00:00,completed,100,Aminjikarai Cooum Bridge,13.072253,80.222537,TLK-AMJ,83.7,0.0,-16.3,Cooum Basin Division
PWD-WRK-00752,"Construction of additional block at Govt Polytechnic College, Taramani",building_construction,PWD-AST-0072,PWD-OFF-004,347.32,348.46,2025-07-27T00:00:00,2026-07-13T00:00:00,2026-07-10T00:00:00,completed,100,"Govt Polytechnic College, Taramani",12.981574,80.213362,TLK-VLC,100.3,0.3,0.3,"Buildings Division (South), Chennai"
PWD-WRK-00768,Construction of new wing - King Institute of Preventive Medicine (2025-26),building_construction,PWD-AST-0069,PWD-OFF-008,1331.02,1303.34,2025-08-14T00:00:00,2026-06-12T00:00:00,2026-06-11T00:00:00,completed,100,King Institute of Preventive Medicine,13.006109,80.213798,TLK-GND,97.9,0.0,-2.1,"Buildings Sub-Division, Guindy"
PWD-WRK-00795,Construction of new wing - Govt Royapettah Hospital (2025-26),building_construction,PWD-AST-0066,PWD-OFF-004,324.0,158.98,2025-08-01T00:00:00,2027-05-27T00:00:00,,in_progress,64,Govt Royapettah Hospital,13.031452,80.265958,TLK-MYL,49.1,0.0,-14.9,"Buildings Division (South), Chennai"
PWD-WRK-00805,Construction of additional block at Govt Stanley Hospital - OP Block,building_construction,PWD-AST-0065,PWD-OFF-010,379.88,335.36,2025-09-19T00:00:00,2026-08-12T00:00:00,2026-07-30T00:00:00,completed,100,Govt Stanley Hospital - OP Block,13.127999,80.290793,TLK-TDP,88.3,0.0,-11.7,"Buildings Sub-Division, Tondiarpet"
PWD-WRK-00814,"Construction of new wing - Collectorate Building, Rajaji Salai (2025-26)",building_construction,PWD-AST-0074,PWD-OFF-003,626.63,267.24,2025-09-15T00:00:00,2027-07-30T00:00:00,,in_progress,53,"Collectorate Building, Rajaji Salai",13.119395,80.287464,TLK-TDP,42.6,0.0,-10.4,"Buildings Division (North), Chennai"
PWD-WRK-00826,"Construction of new wing - Govt Hr Sec School, Ashok Nagar (2025-26)",building_construction,PWD-AST-0070,PWD-OFF-004,1206.25,1228.17,2025-09-23T00:00:00,2026-09-23T00:00:00,2026-09-10T00:00:00,completed,100,"Govt Hr Sec School, Ashok Nagar",13.034198,80.226733,TLK-MBM,101.8,1.8,1.8,"Buildings Division (South), Chennai"
PWD-WRK-00829,Flood mitigation works - Kathivakkam Macro Drain,flood_mitigation,PWD-AST-0043,PWD-OFF-015,1128.19,1105.53,2025-09-03T00:00:00,2026-04-16T00:00:00,2026-04-09T00:00:00,completed,100,Kathivakkam Macro Drain,13.161752,80.303125,TLK-TVT,98.0,0.0,-2.0,Buckingham Canal & Otteri Nullah Division
PWD-WRK-00848,Construction of new wing - Govt Stanley Hospital - OP Block (2025-26),building_construction,PWD-AST-0065,PWD-OFF-010,2467.16,1424.46,2025-10-05T00:00:00,2027-03-19T00:00:00,,in_progress,74,Govt Stanley Hospital - OP Block,13.127999,80.290793,TLK-TDP,57.7,0.0,-16.3,"Buildings Sub-Division, Tondiarpet"
PWD-WRK-00849,"Construction of new wing - Govt Hr Sec School, Ashok Nagar (2025-26)",building_construction,PWD-AST-0070,PWD-OFF-004,4226.51,2243.71,2025-10-08T00:00:00,2027-05-25T00:00:00,,in_progress,68,"Govt Hr Sec School, Ashok Nagar",13.034198,80.226733,TLK-MBM,53.1,0.0,-14.9,"Buildings Division (South), Chennai"
PWD-WRK-00874,Construction of RCC retaining wall along Buckingham Canal - Basin Bridge stretch,canal_lining,PWD-AST-0026,PWD-OFF-015,905.31,770.27,2025-11-01T00:00:00,2026-07-09T00:00:00,2026-06-13T00:00:00,completed,100,Buckingham Canal - Basin Bridge stretch,13.084717,80.254876,TLK-PSW,85.1,0.0,-14.9,Buckingham Canal & Otteri Nullah Division
PWD-WRK-00876,"Construction of new wing - Govt Girls Hr Sec School, Ambattur (2025-26)",building_construction,PWD-AST-0071,PWD-OFF-005,323.39,130.01,2025-11-27T00:00:00,2027-06-19T00:00:00,,in_progress,54,"Govt Girls Hr Sec School, Ambattur",13.114139,80.154929,TLK-AMB,40.2,0.0,-13.8,"Buildings Division (West), Chennai"
PWD-WRK-00878,Strengthening of Okkiyam Madavu Bridge parapet & deck,bridge_repair,PWD-AST-0082,PWD-OFF-016,273.33,232.84,2025-12-24T00:00:00,2026-07-20T00:00:00,2026-07-06T00:00:00,completed,100,Okkiyam Madavu Bridge,12.907601,80.223651,TLK-SHN,85.2,0.0,-14.8,"Chennai Lakes Sub-Division, Ambattur"
PWD-WRK-00883,Flood mitigation works - Virugambakkam-Arumbakkam Canal,flood_mitigation,PWD-AST-0034,PWD-OFF-013,113.19,92.92,2026-01-05T00:00:00,2026-09-23T00:00:00,2026-08-11T00:00:00,completed,100,Virugambakkam-Arumbakkam Canal,13.063439,80.174712,TLK-MDR,82.1,0.0,-17.9,Cooum Basin Division
PWD-WRK-00884,Lining of Villivakkam Macro Drain (Ch. 0.92-1.88 km),canal_lining,PWD-AST-0037,PWD-OFF-016,311.88,293.22,2026-01-27T00:00:00,2026-09-26T00:00:00,2026-10-01T00:00:00,completed,100,Villivakkam Macro Drain,13.094544,80.236872,TLK-AYN,94.0,0.0,-6.0,"Chennai Lakes Sub-Division, Ambattur"
PWD-WRK-00885,Flood mitigation works - Virugambakkam-Arumbakkam Canal,flood_mitigation,PWD-AST-0034,PWD-OFF-013,165.1,137.49,2026-01-24T00:00:00,2026-09-09T00:00:00,2026-09-14T00:00:00,completed,100,Virugambakkam-Arumbakkam Canal,13.063439,80.174712,TLK-MDR,83.3,0.0,-16.7,Cooum Basin Division
PWD-WRK-00888,Strengthening of Adyar River - Estuary stretch bund (Ch. 1.01-1.57 km),bund_strengthening,PWD-AST-0018,PWD-OFF-017,40.58,33.42,2026-01-01T00:00:00,2026-04-19T00:00:00,2026-04-20T00:00:00,completed,100,Adyar River - Estuary stretch,13.033695,80.275006,TLK-MYL,82.4,0.0,-17.6,"Adyar Sub-Division, Saidapet"
PWD-WRK-00892,Lining of Madhavaram Surplus Drain (Ch. 0.98-1.95 km),canal_lining,PWD-AST-0045,PWD-OFF-016,514.9,524.73,2026-01-04T00:00:00,2026-07-02T00:00:00,2026-07-01T00:00:00,completed,100,Madhavaram Surplus Drain,13.144554,80.237865,TLK-MDV,101.9,1.9,1.9,"Chennai Lakes Sub-Division, Ambattur"
PWD-WRK-00893,"Construction of additional block at Govt Peripheral Hospital, Periyar Nagar",building_construction,PWD-AST-0067,PWD-OFF-003,1058.53,549.87,2026-01-05T00:00:00,2027-02-07T00:00:00,,in_progress,78,"Govt Peripheral Hospital, Periyar Nagar",13.100215,80.229443,TLK-AYN,51.9,0.0,-26.1,"Buildings Division (North), Chennai"
PWD-WRK-00897,Construction of flood regulator & retaining wall - Cooum River - Arumbakkam stretch,flood_mitigation,PWD-AST-0021,PWD-OFF-013,1143.46,845.49,2026-02-18T00:00:00,2026-11-12T00:00:00,,in_progress,86,Cooum River - Arumbakkam stretch,13.078697,80.225338,TLK-AMJ,73.9,0.0,-12.1,Cooum Basin Division
PWD-WRK-00899,Repairs & renovation - King Institute of Preventive Medicine (2025-26),building_repair,PWD-AST-0069,PWD-OFF-008,101.91,103.11,2026-02-02T00:00:00,2026-06-25T00:00:00,2026-06-14T00:00:00,completed,100,King Institute of Preventive Medicine,13.006109,80.213798,TLK-GND,101.2,1.2,1.2,"Buildings Sub-Division, Guindy"
PWD-WRK-00901,Pre-monsoon desilting of Nanganallur Macro Drain - 2025-26,desilting,PWD-AST-0039,PWD-OFF-016,18.42,17.78,2026-02-19T00:00:00,2026-05-12T00:00:00,2026-05-12T00:00:00,completed,100,Nanganallur Macro Drain,12.995184,80.197501,TLK-ALD,96.5,0.0,-3.5,"Chennai Lakes Sub-Division, Ambattur"
PWD-WRK-00902,Construction of RCC retaining wall along Kathivakkam Macro Drain,canal_lining,PWD-AST-0043,PWD-OFF-014,409.44,355.8,2026-02-25T00:00:00,2026-07-16T00:00:00,2026-07-03T00:00:00,completed,100,Kathivakkam Macro Drain,13.161752,80.303125,TLK-TVT,86.9,0.0,-13.1,Kosasthalaiyar Basin Division
PWD-WRK-00903,Construction of RCC retaining wall along Nanganallur Macro Drain,canal_lining,PWD-AST-0039,PWD-OFF-012,272.54,236.37,2026-02-05T00:00:00,2026-10-22T00:00:00,,in_progress,94,Nanganallur Macro Drain,12.995184,80.197501,TLK-ALD,86.7,0.0,-7.3,Adyar Basin Division
PWD-WRK-00904,Pre-monsoon desilting of Perungudi Lake - 2025-26,desilting,PWD-AST-0012,PWD-OFF-016,54.64,55.64,2026-02-13T00:00:00,2026-04-13T00:00:00,2026-04-08T00:00:00,completed,100,Perungudi Lake,12.907419,80.228015,TLK-SHN,101.8,1.8,1.8,"Chennai Lakes Sub-Division, Ambattur"
PWD-WRK-00905,Flood mitigation works - Retteri Lake,flood_mitigation,PWD-AST-0009,PWD-OFF-018,359.41,171.61,2026-02-26T00:00:00,2026-08-31T00:00:00,,in_progress,64,Retteri Lake,13.149649,80.228598,TLK-MDV,47.7,0.0,-16.3,North Chennai Drainage Sub-Division
PWD-WRK-00906,Removal of encroachments in Perungudi Lake,encroachment_removal,PWD-AST-0012,PWD-OFF-016,8.36,7.05,2026-02-10T00:00:00,2026-03-24T00:00:00,2026-04-27T00:00:00,completed,100,Perungudi Lake,12.907419,80.228015,TLK-SHN,84.3,0.0,-15.7,"Chennai Lakes Sub-Division, Ambattur"
PWD-WRK-00907,"Repairs & renovation - Collectorate Building, Rajaji Salai (2025-26)",building_repair,PWD-AST-0074,PWD-OFF-010,15.31,13.47,2026-02-12T00:00:00,2026-06-11T00:00:00,2026-06-04T00:00:00,completed,100,"Collectorate Building, Rajaji Salai",13.119395,80.287464,TLK-TDP,88.0,0.0,-12.0,"Buildings Sub-Division, Tondiarpet"
PWD-WRK-00908,"Repairs & renovation - Institute of Child Health, Egmore (2025-26)",building_repair,PWD-AST-0063,PWD-OFF-009,26.39,26.14,2026-02-19T00:00:00,2026-04-24T00:00:00,2026-04-25T00:00:00,completed,100,"Institute of Child Health, Egmore",13.079334,80.258576,TLK-EGM,99.1,0.0,-0.9,"Buildings Sub-Division, Egmore"
PWD-WRK-00909,Raising & strengthening of Retteri Lake - 2025-26,bund_strengthening,PWD-AST-0009,PWD-OFF-014,65.41,65.56,2026-02-21T00:00:00,2026-04-12T00:00:00,2026-04-09T00:00:00,completed,100,Retteri Lake,13.149649,80.228598,TLK-MDV,100.2,0.2,0.2,Kosasthalaiyar Basin Division
PWD-WRK-00910,Construction of flood regulator & retaining wall - Buckingham Canal - Thiruvanmiyur stretch,flood_mitigation,PWD-AST-0028,PWD-OFF-016,1003.9,829.85,2026-02-12T00:00:00,2026-09-07T00:00:00,2026-08-31T00:00:00,completed,100,Buckingham Canal - Thiruvanmiyur stretch,12.984591,80.220186,TLK-VLC,82.7,0.0,-17.3,"Chennai Lakes Sub-Division, Ambattur"
PWD-WRK-00911,Strengthening of Adyar River - Nandambakkam stretch bund (Ch. 0.69-2.13 km),bund_strengthening,PWD-AST-0014,PWD-OFF-016,255.35,271.42,2026-02-01T00:00:00,2026-06-13T00:00:00,2026-05-21T00:00:00,completed,100,Adyar River - Nandambakkam stretch,12.995742,80.205946,TLK-ALD,106.3,6.3,6.3,"Chennai Lakes Sub-Division, Ambattur"
PWD-WRK-00914,Roof waterproofing - Ezhilagam Govt Office Complex,building_repair,PWD-AST-0073,PWD-OFF-004,19.58,21.48,2026-02-16T00:00:00,2026-05-04T00:00:00,2026-04-20T00:00:00,completed,100,Ezhilagam Govt Office Complex,13.030363,80.269569,TLK-MYL,109.7,9.7,9.7,"Buildings Division (South), Chennai"
PWD-WRK-00915,Strengthening of Napier Bridge parapet & deck,bridge_repair,PWD-AST-0078,PWD-OFF-013,272.68,108.24,2026-02-04T00:00:00,2026-09-05T00:00:00,,in_progress,52,Napier Bridge,13.032077,80.268082,TLK-MYL,39.7,0.0,-12.3,Cooum Basin Division
PWD-WRK-00916,Roof waterproofing - Sholinganallur Taluk Office,building_repair,PWD-AST-0075,PWD-OFF-004,20.77,18.39,2026-03-04T00:00:00,2026-06-25T00:00:00,2026-06-09T00:00:00,completed,100,Sholinganallur Taluk Office,12.898182,80.227821,TLK-SHN,88.5,0.0,-11.5,"Buildings Division (South), Chennai"
PWD-WRK-00917,Replacement of gates & hoist - Adambakkam Lake Sluice,sluice_repair,PWD-AST-0051,PWD-OFF-012,8.63,9.21,2026-03-10T00:00:00,2026-04-24T00:00:00,2026-04-18T00:00:00,completed,100,Adambakkam Lake Sluice,12.993358,80.199717,TLK-ALD,106.7,6.7,6.7,Adyar Basin Division
PWD-WRK-00918,Special repairs to Govt Royapettah Hospital,building_repair,PWD-AST-0066,PWD-OFF-004,170.67,165.53,2026-03-23T00:00:00,2026-07-29T00:00:00,2026-07-10T00:00:00,completed,100,Govt Royapettah Hospital,13.031452,80.265958,TLK-MYL,97.0,0.0,-3.0,"Buildings Division (South), Chennai"
PWD-WRK-00919,Replacement of gates & hoist - Adambakkam Lake Sluice,sluice_repair,PWD-AST-0051,PWD-OFF-012,46.79,44.28,2026-03-05T00:00:00,2026-04-18T00:00:00,2026-04-13T00:00:00,completed,100,Adambakkam Lake Sluice,12.993358,80.199717,TLK-ALD,94.6,0.0,-5.4,Adyar Basin Division
PWD-WRK-00920,Repairs & renovation - Govt Kilpauk Medical College Hospital (2025-26),building_repair,PWD-AST-0064,PWD-OFF-009,14.3,15.06,2026-03-04T00:00:00,2026-06-14T00:00:00,2026-06-01T00:00:00,completed,100,Govt Kilpauk Medical College Hospital,13.093366,80.255223,TLK-PSW,105.3,5.3,5.3,"Buildings Sub-Division, Egmore"
PWD-WRK-00921,Desilting & removal of water hyacinth in Villivakkam Macro Drain,desilting,PWD-AST-0037,PWD-OFF-015,17.37,14.77,2026-03-18T00:00:00,2026-06-16T00:00:00,2026-06-17T00:00:00,completed,100,Villivakkam Macro Drain,13.094544,80.236872,TLK-AYN,85.0,0.0,-15.0,Buckingham Canal & Otteri Nullah Division
PWD-WRK-00922,Desilting of Adyar River - Kotturpuram stretch (Ch. 0.01-2.60 km),desilting,PWD-AST-0017,PWD-OFF-017,10.61,9.57,2026-03-14T00:00:00,2026-05-25T00:00:00,2026-05-19T00:00:00,completed,100,Adyar River - Kotturpuram stretch,13.031146,80.265396,TLK-MYL,90.2,0.0,-9.8,"Adyar Sub-Division, Saidapet"
PWD-WRK-00923,Construction of flood regulator & retaining wall - Virugambakkam-Arumbakkam Canal,flood_mitigation,PWD-AST-0034,PWD-OFF-013,2416.52,2283.35,2026-03-13T00:00:00,2026-11-12T00:00:00,2026-09-30T00:00:00,completed,100,Virugambakkam-Arumbakkam Canal,13.063439,80.174712,TLK-MDR,94.5,0.0,-5.5,Cooum Basin Division
PWD-WRK-00924,Pre-monsoon desilting of Buckingham Canal - Okkiyam stretch - 2025-26,desilting,PWD-AST-0029,PWD-OFF-015,22.14,23.51,2026-03-02T00:00:00,2026-05-25T00:00:00,2026-06-21T00:00:00,completed,100,Buckingham Canal - Okkiyam stretch,12.906025,80.221449,TLK-SHN,106.2,6.2,6.2,Buckingham Canal & Otteri Nullah Division
PWD-WRK-00925,Raising & strengthening of Kannankottai-Thervoy Kandigai Reservoir - 2025-26,bund_strengthening,PWD-AST-0087,PWD-OFF-021,27.68,29.19,2026-03-18T00:00:00,2026-05-04T00:00:00,2026-06-07T00:00:00,completed,100,Kannankottai-Thervoy Kandigai Reservoir,13.4,79.965,,105.5,5.5,5.5,"Chennai Reservoirs Division, Puzhal"
PWD-WRK-00927,Flood mitigation works - Buckingham Canal - Basin Bridge stretch,flood_mitigation,PWD-AST-0026,PWD-OFF-013,324.5,275.38,2026-03-13T00:00:00,2026-06-13T00:00:00,2026-06-13T00:00:00,completed,100,Buckingham Canal - Basin Bridge stretch,13.084717,80.254876,TLK-PSW,84.9,0.0,-15.1,Cooum Basin Division
PWD-WRK-00928,Pre-monsoon desilting of Nolambur Lake - 2025-26,desilting,PWD-AST-0011,PWD-OFF-013,23.99,24.34,2026-03-25T00:00:00,2026-06-05T00:00:00,2026-05-28T00:00:00,completed,100,Nolambur Lake,13.067293,80.167126,TLK-MDR,101.5,1.5,1.5,Cooum Basin Division
PWD-WRK-00929,Desilting & removal of water hyacinth in Mambalam Canal Macro Drain,desilting,PWD-AST-0038,PWD-OFF-012,59.84,57.92,2026-03-07T00:00:00,2026-05-14T00:00:00,2026-06-15T00:00:00,completed,100,Mambalam Canal Macro Drain,13.032058,80.222838,TLK-MBM,96.8,0.0,-3.2,Adyar Basin Division
PWD-WRK-00930,Desilting & removal of water hyacinth in Valasaravakkam Macro Drain,desilting,PWD-AST-0046,PWD-OFF-013,49.88,47.55,2026-03-06T00:00:00,2026-05-10T00:00:00,2026-04-29T00:00:00,completed,100,Valasaravakkam Macro Drain,13.064607,80.165757,TLK-MDR,95.3,0.0,-4.7,Cooum Basin Division
PWD-WRK-00931,Raising & strengthening of Korattur Lake - 2026-27,bund_strengthening,PWD-AST-0004,PWD-OFF-016,254.98,209.12,2026-04-09T00:00:00,2026-07-20T00:00:00,2026-07-16T00:00:00,completed,100,Korattur Lake,13.107168,80.157596,TLK-AMB,82.0,0.0,-18.0,"Chennai Lakes Sub-Division, Ambattur"
PWD-WRK-00932,Desilting of Cooum River - Chetpet stretch (Ch. 1.51-3.08 km),desilting,PWD-AST-0022,PWD-OFF-013,12.52,11.24,2026-04-01T00:00:00,2026-04-27T00:00:00,2026-04-27T00:00:00,completed,100,Cooum River - Chetpet stretch,13.079798,80.261687,TLK-EGM,89.8,0.0,-10.2,Cooum Basin Division
PWD-WRK-00933,Desilting of Otteri Nullah - Kilpauk stretch (Ch. 2.18-3.20 km),desilting,PWD-AST-0030,PWD-OFF-015,44.69,47.32,2026-04-25T00:00:00,2026-06-29T00:00:00,2026-06-18T00:00:00,completed,100,Otteri Nullah - Kilpauk stretch,13.095375,80.257882,TLK-PSW,105.9,5.9,5.9,Buckingham Canal & Otteri Nullah Division
PWD-WRK-00934,Construction of additional block at Ezhilagam Govt Office Complex,building_construction,PWD-AST-0073,PWD-OFF-004,369.45,131.35,2026-04-27T00:00:00,2027-05-04T00:00:00,,in_progress,46,Ezhilagam Govt Office Complex,13.030363,80.269569,TLK-MYL,35.6,0.0,-10.4,"Buildings Division (South), Chennai"
PWD-WRK-00935,Desilting & removal of water hyacinth in Nolambur Lake,desilting,PWD-AST-0011,PWD-OFF-013,14.38,14.77,2026-04-01T00:00:00,2026-06-08T00:00:00,2026-08-16T00:00:00,completed,100,Nolambur Lake,13.067293,80.167126,TLK-MDR,102.7,2.7,2.7,Cooum Basin Division
PWD-WRK-00936,Strengthening of Chetpet Lake bund (Ch. 1.25-1.68 km),bund_strengthening,PWD-AST-0007,PWD-OFF-013,109.23,102.2,2026-04-23T00:00:00,2026-09-01T00:00:00,2026-08-16T00:00:00,completed,100,Chetpet Lake,13.08196,80.26155,TLK-EGM,93.6,0.0,-6.4,Cooum Basin Division
PWD-WRK-00937,Construction of flood regulator & retaining wall - Kolathur Lake,flood_mitigation,PWD-AST-0006,PWD-OFF-016,166.1,108.36,2026-04-25T00:00:00,2026-10-15T00:00:00,,in_progress,90,Kolathur Lake,13.099426,80.230704,TLK-AYN,65.2,0.0,-24.8,"Chennai Lakes Sub-Division, Ambattur"
PWD-WRK-00938,"Special repairs to Govt Peripheral Hospital, Periyar Nagar",building_repair,PWD-AST-0067,PWD-OFF-003,226.66,231.9,2026-04-25T00:00:00,2026-09-16T00:00:00,2026-08-25T00:00:00,completed,100,"Govt Peripheral Hospital, Periyar Nagar",13.100215,80.229443,TLK-AYN,102.3,2.3,2.3,"Buildings Division (North), Chennai"
PWD-WRK-00939,Replacement of gates & hoist - Ambattur Lake Sluice,sluice_repair,PWD-AST-0048,PWD-OFF-016,51.53,50.69,2026-04-14T00:00:00,2026-06-06T00:00:00,2026-07-10T00:00:00,completed,100,Ambattur Lake Sluice,13.112066,80.153974,TLK-AMB,98.4,0.0,-1.6,"Chennai Lakes Sub-Division, Ambattur"
PWD-WRK-00940,Strengthening of Adyar River Bund - Kotturpuram bund (Ch. 1.82-2.34 km),bund_strengthening,PWD-AST-0055,PWD-OFF-012,114.07,94.08,2026-04-18T00:00:00,2026-07-08T00:00:00,2026-07-04T00:00:00,completed,100,Adyar River Bund - Kotturpuram,13.02953,80.264971,TLK-MYL,82.5,0.0,-17.5,Adyar Basin Division
PWD-WRK-00941,Roof waterproofing - Ezhilagam Govt Office Complex,building_repair,PWD-AST-0073,PWD-OFF-004,130.61,123.94,2026-04-28T00:00:00,2026-07-05T00:00:00,2026-07-06T00:00:00,completed,100,Ezhilagam Govt Office Complex,13.030363,80.269569,TLK-MYL,94.9,0.0,-5.1,"Buildings Division (South), Chennai"
PWD-WRK-00942,Strengthening of Adyar River - Jafferkhanpet stretch bund (Ch. 0.65-1.58 km),bund_strengthening,PWD-AST-0015,PWD-OFF-012,152.07,158.8,2026-04-14T00:00:00,2026-08-30T00:00:00,2026-08-09T00:00:00,completed,100,Adyar River - Jafferkhanpet stretch,13.008677,80.217664,TLK-GND,104.4,4.4,4.4,Adyar Basin Division
PWD-WRK-00943,Pre-monsoon desilting of Madhavaram Lake - 2026-27,desilting,PWD-AST-0008,PWD-OFF-016,68.8,58.32,2026-04-03T00:00:00,2026-05-30T00:00:00,2026-05-29T00:00:00,completed,100,Madhavaram Lake,13.147624,80.232884,TLK-MDV,84.8,0.0,-15.2,"Chennai Lakes Sub-Division, Ambattur"
PWD-WRK-00944,Eviction & fencing - Kosasthalaiyar River - Manali stretch (2026-27),encroachment_removal,PWD-AST-0023,PWD-OFF-015,5.34,4.97,2026-04-15T00:00:00,2026-04-26T00:00:00,2026-04-26T00:00:00,completed,100,Kosasthalaiyar River - Manali stretch,13.158409,80.30357,TLK-TVT,93.1,0.0,-6.9,Buckingham Canal & Otteri Nullah Division
PWD-WRK-00945,"Repairs & renovation - Govt Girls Hr Sec School, Ambattur (2026-27)",building_repair,PWD-AST-0071,PWD-OFF-005,198.41,211.73,2026-04-03T00:00:00,2026-07-24T00:00:00,2026-07-09T00:00:00,completed,100,"Govt Girls Hr Sec School, Ambattur",13.114139,80.154929,TLK-AMB,106.7,6.7,6.7,"Buildings Division (West), Chennai"
PWD-WRK-00946,Strengthening of Adyar River - Estuary stretch bund (Ch. 1.26-2.67 km),bund_strengthening,PWD-AST-0018,PWD-OFF-017,52.85,44.58,2026-04-18T00:00:00,2026-07-24T00:00:00,2026-07-19T00:00:00,completed,100,Adyar River - Estuary stretch,13.033695,80.275006,TLK-MYL,84.4,0.0,-15.6,"Adyar Sub-Division, Saidapet"
PWD-WRK-00947,Construction of additional block at Govt Stanley Hospital - OP Block,building_construction,PWD-AST-0065,PWD-OFF-003,2998.78,755.09,2026-04-08T00:00:00,2027-12-23T00:00:00,,in_progress,33,Govt Stanley Hospital - OP Block,13.127999,80.290793,TLK-TDP,25.2,0.0,-7.8,"Buildings Division (North), Chennai"
PWD-WRK-00948,Raising & strengthening of Adyar River - Jafferkhanpet stretch - 2026-27,bund_strengthening,PWD-AST-0015,PWD-OFF-017,347.62,334.14,2026-05-19T00:00:00,2026-08-28T00:00:00,2026-08-26T00:00:00,completed,100,Adyar River - Jafferkhanpet stretch,13.008677,80.217664,TLK-GND,96.1,0.0,-3.9,"Adyar Sub-Division, Saidapet"
PWD-WRK-00949,Construction of flood regulator & retaining wall - Perungudi Lake,flood_mitigation,PWD-AST-0012,PWD-OFF-012,272.06,156.26,2026-05-02T00:00:00,2026-12-17T00:00:00,,in_progress,75,Perungudi Lake,12.907419,80.228015,TLK-SHN,57.4,0.0,-17.6,Adyar Basin Division
PWD-WRK-00950,Desilting of Buckingham Canal - Okkiyam stretch (Ch. 1.22-1.80 km),desilting,PWD-AST-0029,PWD-OFF-012,59.01,60.81,2026-05-10T00:00:00,2026-06-29T00:00:00,2026-06-26T00:00:00,completed,100,Buckingham Canal - Okkiyam stretch,12.906025,80.221449,TLK-SHN,103.1,3.1,3.1,Adyar Basin Division
PWD-WRK-00951,Removal of encroachments in Madhavaram Surplus Drain,encroachment_removal,PWD-AST-0045,PWD-OFF-014,20.3,19.42,2026-05-27T00:00:00,2026-06-24T00:00:00,2026-06-22T00:00:00,completed,100,Madhavaram Surplus Drain,13.144554,80.237865,TLK-MDV,95.7,0.0,-4.3,Kosasthalaiyar Basin Division
PWD-WRK-00952,Desilting & removal of water hyacinth in Perungudi Lake,desilting,PWD-AST-0012,PWD-OFF-012,44.62,45.02,2026-05-01T00:00:00,2026-07-20T00:00:00,2026-07-09T00:00:00,completed,100,Perungudi Lake,12.907419,80.228015,TLK-SHN,100.9,0.9,0.9,Adyar Basin Division
PWD-WRK-00953,Eviction & fencing - Perungudi Lake (2026-27),encroachment_removal,PWD-AST-0012,PWD-OFF-012,21.88,23.0,2026-05-19T00:00:00,2026-06-18T00:00:00,2026-06-17T00:00:00,completed,100,Perungudi Lake,12.907419,80.228015,TLK-SHN,105.1,5.1,5.1,Adyar Basin Division
PWD-WRK-00954,Desilting of Cooum River - Chetpet stretch (Ch. 1.22-2.19 km),desilting,PWD-AST-0022,PWD-OFF-013,15.46,10.18,2026-05-24T00:00:00,2026-08-11T00:00:00,,in_progress,81,Cooum River - Chetpet stretch,13.079798,80.261687,TLK-EGM,65.8,0.0,-15.2,Cooum Basin Division
PWD-WRK-00955,Lining of Virugambakkam-Arumbakkam Canal (Ch. 0.07-2.41 km),canal_lining,PWD-AST-0034,PWD-OFF-013,677.28,176.07,2026-05-22T00:00:00,2027-02-24T00:00:00,,on_hold,36,Virugambakkam-Arumbakkam Canal,13.063439,80.174712,TLK-MDR,26.0,0.0,-10.0,Cooum Basin Division
PWD-WRK-00956,Roof waterproofing - Govt Royapettah Hospital,building_repair,PWD-AST-0066,PWD-OFF-004,97.86,92.39,2026-05-19T00:00:00,2026-06-25T00:00:00,2026-09-21T00:00:00,completed,100,Govt Royapettah Hospital,13.031452,80.265958,TLK-MYL,94.4,0.0,-5.6,"Buildings Division (South), Chennai"
PWD-WRK-00957,Strengthening of Chetpet Lake bund (Ch. 0.86-2.01 km),bund_strengthening,PWD-AST-0007,PWD-OFF-013,49.15,49.72,2026-05-14T00:00:00,2026-08-09T00:00:00,2026-08-10T00:00:00,completed,100,Chetpet Lake,13.08196,80.26155,TLK-EGM,101.2,1.2,1.2,Cooum Basin Division
PWD-WRK-00958,Roof waterproofing - Rajiv Gandhi Govt General Hospital - Tower Block,building_repair,PWD-AST-0062,PWD-OFF-003,24.01,9.99,2026-05-24T00:00:00,2026-10-20T00:00:00,,in_progress,54,Rajiv Gandhi Govt General Hospital - Tower Block,13.081306,80.270069,TLK-EGM,41.6,0.0,-12.4,"Buildings Division (North), Chennai"
PWD-WRK-00959,"Construction of additional block at Govt Peripheral Hospital, Periyar Nagar",building_construction,PWD-AST-0067,PWD-OFF-003,1272.76,187.84,2026-05-26T00:00:00,2027-12-10T00:00:00,,in_progress,20,"Govt Peripheral Hospital, Periyar Nagar",13.100215,80.229443,TLK-AYN,14.8,0.0,-5.2,"Buildings Division (North), Chennai"
PWD-WRK-00960,Desilting of Guindy Industrial Estate Storm Water Channel (Ch. 2.90-3.33 km),desilting,PWD-AST-0040,PWD-OFF-012,10.62,10.82,2026-05-17T00:00:00,2026-06-22T00:00:00,2026-06-20T00:00:00,completed,100,Guindy Industrial Estate Storm Water Channel,13.010434,80.209192,TLK-GND,101.9,1.9,1.9,Adyar Basin Division
PWD-WRK-00961,Raising & strengthening of Adambakkam Lake - 2026-27,bund_strengthening,PWD-AST-0001,PWD-OFF-016,36.23,34.01,2026-05-06T00:00:00,2026-08-23T00:00:00,2026-08-20T00:00:00,completed,100,Adambakkam Lake,12.99737,80.201093,TLK-ALD,93.9,0.0,-6.1,"Chennai Lakes Sub-Division, Ambattur"
PWD-WRK-00962,Strengthening of Adyar River Bund - Kotturpuram bund (Ch. 0.04-0.48 km),bund_strengthening,PWD-AST-0055,PWD-OFF-012,89.88,84.01,2026-05-04T00:00:00,2026-09-25T00:00:00,2026-09-21T00:00:00,completed,100,Adyar River Bund - Kotturpuram,13.02953,80.264971,TLK-MYL,93.5,0.0,-6.5,Adyar Basin Division
PWD-WRK-00963,Construction of additional block at Govt Royapettah Hospital,building_construction,PWD-AST-0066,PWD-OFF-004,556.69,166.42,2026-05-03T00:00:00,2027-04-13T00:00:00,,in_progress,36,Govt Royapettah Hospital,13.031452,80.265958,TLK-MYL,29.9,0.0,-6.1,"Buildings Division (South), Chennai"
PWD-WRK-00964,Repairs & rehabilitation of Aminjikarai Cooum Bridge,bridge_repair,PWD-AST-0079,PWD-OFF-013,190.64,160.87,2026-05-19T00:00:00,2026-09-28T00:00:00,2026-09-20T00:00:00,completed,100,Aminjikarai Cooum Bridge,13.072253,80.222537,TLK-AMJ,84.4,0.0,-15.6,Cooum Basin Division
PWD-WRK-00965,Strengthening of Kolathur Lake bund (Ch. 1.91-2.42 km),bund_strengthening,PWD-AST-0006,PWD-OFF-015,264.05,246.36,2026-05-24T00:00:00,2026-08-20T00:00:00,2026-08-20T00:00:00,completed,100,Kolathur Lake,13.099426,80.230704,TLK-AYN,93.3,0.0,-6.7,Buckingham Canal & Otteri Nullah Division
PWD-WRK-00966,Desilting & removal of water hyacinth in Buckingham Canal - Mandaveli stretch,desilting,PWD-AST-0027,PWD-OFF-012,12.55,13.28,2026-05-04T00:00:00,2026-07-11T00:00:00,2026-07-05T00:00:00,completed,100,Buckingham Canal - Mandaveli stretch,13.033476,80.261247,TLK-MYL,105.8,5.8,5.8,Adyar Basin Division
PWD-WRK-00967,"Repairs & renovation - Govt Hr Sec School, Ashok Nagar (2026-27)",building_repair,PWD-AST-0070,PWD-OFF-004,10.04,8.25,2026-05-15T00:00:00,2026-09-17T00:00:00,2026-09-18T00:00:00,completed,100,"Govt Hr Sec School, Ashok Nagar",13.034198,80.226733,TLK-MBM,82.2,0.0,-17.8,"Buildings Division (South), Chennai"
PWD-WRK-00968,Repairs & rehabilitation of Manali Kosasthalaiyar Causeway,bridge_repair,PWD-AST-0081,PWD-OFF-014,826.83,413.51,2026-06-07T00:00:00,2026-12-16T00:00:00,,in_progress,71,Manali Kosasthalaiyar Causeway,13.160959,80.30162,TLK-TVT,50.0,0.0,-21.0,Kosasthalaiyar Basin Division
PWD-WRK-00969,Strengthening of Cholavaram Reservoir bund (Ch. 1.18-3.45 km),bund_strengthening,PWD-AST-0086,PWD-OFF-021,263.77,104.6,2026-06-21T00:00:00,2026-11-18T00:00:00,,on_hold,49,Cholavaram Reservoir,13.23,80.145,,39.7,0.0,-9.3,"Chennai Reservoirs Division, Puzhal"
PWD-WRK-00970,Lining of Villivakkam Macro Drain (Ch. 1.25-2.34 km),canal_lining,PWD-AST-0037,PWD-OFF-015,839.37,320.58,2026-06-11T00:00:00,2026-10-31T00:00:00,,in_progress,53,Villivakkam Macro Drain,13.094544,80.236872,TLK-AYN,38.2,0.0,-14.8,Buckingham Canal & Otteri Nullah Division
PWD-WRK-00971,Repairs & renovation - Govt Royapettah Hospital (2026-27),building_repair,PWD-AST-0066,PWD-OFF-004,40.35,34.69,2026-06-04T00:00:00,2026-07-23T00:00:00,2026-07-22T00:00:00,completed,100,Govt Royapettah Hospital,13.031452,80.265958,TLK-MYL,86.0,0.0,-14.0,"Buildings Division (South), Chennai"
PWD-WRK-00972,Construction of flood regulator & retaining wall - Mambalam Canal Macro Drain,flood_mitigation,PWD-AST-0038,PWD-OFF-012,95.16,44.15,2026-06-27T00:00:00,2026-11-17T00:00:00,,in_progress,61,Mambalam Canal Macro Drain,13.032058,80.222838,TLK-MBM,46.4,0.0,-14.6,Adyar Basin Division
PWD-WRK-00973,Desilting & removal of water hyacinth in Kathivakkam Macro Drain,desilting,PWD-AST-0043,PWD-OFF-015,9.52,9.48,2026-06-27T00:00:00,2026-09-25T00:00:00,2026-09-19T00:00:00,completed,100,Kathivakkam Macro Drain,13.161752,80.303125,TLK-TVT,99.6,0.0,-0.4,Buckingham Canal & Otteri Nullah Division
PWD-WRK-00974,Desilting & removal of water hyacinth in Kosasthalaiyar River - Manali stretch,desilting,PWD-AST-0023,PWD-OFF-015,26.85,23.07,2026-06-23T00:00:00,2026-09-01T00:00:00,2026-08-31T00:00:00,completed,100,Kosasthalaiyar River - Manali stretch,13.158409,80.30357,TLK-TVT,85.9,0.0,-14.1,Buckingham Canal & Otteri Nullah Division
PWD-WRK-00975,Repairs to shutters of Retteri Lake Sluice,sluice_repair,PWD-AST-0050,PWD-OFF-018,8.5,7.8,2026-06-26T00:00:00,2026-09-01T00:00:00,2026-08-31T00:00:00,completed,100,Retteri Lake Sluice,13.151695,80.229174,TLK-MDV,91.8,0.0,-8.2,North Chennai Drainage Sub-Division
PWD-WRK-00976,Construction of RCC retaining wall along Mambalam Canal Macro Drain,canal_lining,PWD-AST-0038,PWD-OFF-017,1303.53,480.81,2026-06-04T00:00:00,2027-03-03T00:00:00,,in_progress,49,Mambalam Canal Macro Drain,13.032058,80.222838,TLK-MBM,36.9,0.0,-12.1,"Adyar Sub-Division, Saidapet"
PWD-WRK-00977,Desilting & removal of water hyacinth in Villivakkam Macro Drain,desilting,PWD-AST-0037,PWD-OFF-016,41.08,26.88,2026-06-20T00:00:00,2026-08-20T00:00:00,,on_hold,72,Villivakkam Macro Drain,13.094544,80.236872,TLK-AYN,65.4,0.0,-6.6,"Chennai Lakes Sub-Division, Ambattur"
PWD-WRK-00978,"Construction of additional block at Govt Peripheral Hospital, Periyar Nagar",building_construction,PWD-AST-0067,PWD-OFF-003,3265.03,648.6,2026-06-22T00:00:00,2027-06-20T00:00:00,,in_progress,30,"Govt Peripheral Hospital, Periyar Nagar",13.100215,80.229443,TLK-AYN,19.9,0.0,-10.1,"Buildings Division (North), Chennai"
PWD-WRK-00979,Pre-monsoon desilting of Palavanthangal Lake - 2026-27,desilting,PWD-AST-0002,PWD-OFF-016,13.38,14.23,2026-06-03T00:00:00,2026-08-11T00:00:00,2026-08-01T00:00:00,completed,100,Palavanthangal Lake,12.990992,80.204358,TLK-ALD,106.4,6.4,6.4,"Chennai Lakes Sub-Division, Ambattur"
PWD-WRK-00980,"Repairs & renovation - Govt Peripheral Hospital, K.K. Nagar (2026-27)",building_repair,PWD-AST-0068,PWD-OFF-004,104.58,53.16,2026-06-18T00:00:00,2026-09-28T00:00:00,,in_progress,59,"Govt Peripheral Hospital, K.K. Nagar",13.038361,80.221086,TLK-MBM,50.8,0.0,-8.2,"Buildings Division (South), Chennai"
PWD-WRK-00981,Replacement of gates & hoist - Retteri Lake Sluice,sluice_repair,PWD-AST-0050,PWD-OFF-014,8.66,7.53,2026-06-10T00:00:00,2026-07-24T00:00:00,2026-08-22T00:00:00,completed,100,Retteri Lake Sluice,13.151695,80.229174,TLK-MDV,87.0,0.0,-13.0,Kosasthalaiyar Basin Division
PWD-WRK-00982,Strengthening of Adyar River - Kotturpuram stretch bund (Ch. 0.44-1.40 km),bund_strengthening,PWD-AST-0017,PWD-OFF-012,55.54,33.07,2026-06-01T00:00:00,2026-10-18T00:00:00,,in_progress,68,Adyar River - Kotturpuram stretch,13.031146,80.265396,TLK-MYL,59.5,0.0,-8.5,Adyar Basin Division
PWD-WRK-00983,Lining of Virugambakkam-Arumbakkam Canal (Ch. 2.93-4.04 km),canal_lining,PWD-AST-0034,PWD-OFF-013,201.93,29.01,2026-06-15T00:00:00,2027-01-14T00:00:00,,on_hold,17,Virugambakkam-Arumbakkam Canal,13.063439,80.174712,TLK-MDR,14.4,0.0,-2.6,Cooum Basin Division
PWD-WRK-00984,Desilting & removal of water hyacinth in Otteri Nullah - Perambur stretch,desilting,PWD-AST-0032,PWD-OFF-015,19.57,19.6,2026-06-04T00:00:00,2026-07-28T00:00:00,2026-07-23T00:00:00,completed,100,Otteri Nullah - Perambur stretch,13.117033,80.234899,TLK-PRB,100.2,0.2,0.2,Buckingham Canal & Otteri Nullah Division
PWD-WRK-00985,Pre-monsoon desilting of Buckingham Canal - Thiruvanmiyur stretch - 2026-27,desilting,PWD-AST-0028,PWD-OFF-012,37.56,38.58,2026-06-21T00:00:00,2026-07-24T00:00:00,2026-07-21T00:00:00,completed,100,Buckingham Canal - Thiruvanmiyur stretch,12.984591,80.220186,TLK-VLC,102.7,2.7,2.7,Adyar Basin Division
PWD-WRK-00986,Desilting of Buckingham Canal - Korukkupet stretch (Ch. 1.91-2.35 km),desilting,PWD-AST-0025,PWD-OFF-015,37.81,31.06,2026-06-11T00:00:00,2026-08-02T00:00:00,2026-07-26T00:00:00,completed,100,Buckingham Canal - Korukkupet stretch,13.133708,80.286246,TLK-TDP,82.1,0.0,-17.9,Buckingham Canal & Otteri Nullah Division
PWD-WRK-00987,"Construction of new wing - Govt Peripheral Hospital, Periyar Nagar (2026-27)",building_construction,PWD-AST-0067,PWD-OFF-003,326.44,38.8,2026-06-09T00:00:00,2028-04-14T00:00:00,,in_progress,17,"Govt Peripheral Hospital, Periyar Nagar",13.100215,80.229443,TLK-AYN,11.9,0.0,-5.1,"Buildings Division (North), Chennai"
PWD-WRK-00988,Lining of Madhavaram Surplus Drain (Ch. 0.62-2.57 km),canal_lining,PWD-AST-0045,PWD-OFF-016,648.58,297.73,2026-06-26T00:00:00,2027-02-03T00:00:00,,in_progress,55,Madhavaram Surplus Drain,13.144554,80.237865,TLK-MDV,45.9,0.0,-9.1,"Chennai Lakes Sub-Division, Ambattur"
PWD-WRK-00989,Pre-monsoon desilting of Kosasthalaiyar River - Manali stretch - 2026-27,desilting,PWD-AST-0023,PWD-OFF-015,13.42,13.64,2026-06-11T00:00:00,2026-07-27T00:00:00,2026-07-27T00:00:00,completed,100,Kosasthalaiyar River - Manali stretch,13.158409,80.30357,TLK-TVT,101.6,1.6,1.6,Buckingham Canal & Otteri Nullah Division
PWD-WRK-00990,Strengthening of Ambattur Lake bund (Ch. 0.87-1.18 km),bund_strengthening,PWD-AST-0003,PWD-OFF-016,96.96,97.48,2026-06-12T00:00:00,2026-10-07T00:00:00,2026-09-18T00:00:00,completed,100,Ambattur Lake,13.11353,80.152945,TLK-AMB,100.5,0.5,0.5,"Chennai Lakes Sub-Division, Ambattur"
PWD-WRK-00991,Eviction & fencing - Captain Cotton Canal - Vyasarpadi stretch (2026-27),encroachment_removal,PWD-AST-0033,PWD-OFF-018,16.86,15.18,2026-06-03T00:00:00,2026-06-23T00:00:00,2026-06-20T00:00:00,completed,100,Captain Cotton Canal - Vyasarpadi stretch,13.116504,80.238499,TLK-PRB,90.0,0.0,-10.0,North Chennai Drainage Sub-Division
PWD-WRK-00992,"Repairs & renovation - Govt Polytechnic College, Taramani (2026-27)",building_repair,PWD-AST-0072,PWD-OFF-004,39.44,40.19,2026-07-16T00:00:00,2026-09-09T00:00:00,2026-08-31T00:00:00,completed,100,"Govt Polytechnic College, Taramani",12.981574,80.213362,TLK-VLC,101.9,1.9,1.9,"Buildings Division (South), Chennai"
PWD-WRK-00993,Pre-monsoon desilting of Otteri Nullah - Ayanavaram stretch - 2026-27,desilting,PWD-AST-0031,PWD-OFF-016,110.4,117.53,2026-07-11T00:00:00,2026-10-07T00:00:00,2026-09-27T00:00:00,completed,100,Otteri Nullah - Ayanavaram stretch,13.09896,80.236564,TLK-AYN,106.5,6.5,6.5,"Chennai Lakes Sub-Division, Ambattur"
PWD-WRK-00994,"Construction of additional block at Govt Peripheral Hospital, Periyar Nagar",building_construction,PWD-AST-0067,PWD-OFF-003,1312.07,126.22,2026-07-13T00:00:00,2028-06-03T00:00:00,,in_progress,11,"Govt Peripheral Hospital, Periyar Nagar",13.100215,80.229443,TLK-AYN,9.6,0.0,-1.4,"Buildings Division (North), Chennai"
PWD-WRK-00995,Construction of flood regulator & retaining wall - Madhavaram Lake,flood_mitigation,PWD-AST-0008,PWD-OFF-014,566.08,441.16,2026-07-10T00:00:00,2026-10-11T00:00:00,,in_progress,93,Madhavaram Lake,13.147624,80.232884,TLK-MDV,77.9,0.0,-15.1,Kosasthalaiyar Basin Division
PWD-WRK-00996,Strengthening of Retteri Lake bund (Ch. 1.94-2.27 km),bund_strengthening,PWD-AST-0009,PWD-OFF-016,60.27,62.37,2026-07-16T00:00:00,2026-09-29T00:00:00,2026-09-30T00:00:00,completed,100,Retteri Lake,13.149649,80.228598,TLK-MDV,103.5,3.5,3.5,"Chennai Lakes Sub-Division, Ambattur"
PWD-WRK-00997,Raising & strengthening of Adyar River - Nandambakkam stretch - 2026-27,bund_strengthening,PWD-AST-0014,PWD-OFF-016,180.24,93.82,2026-07-17T00:00:00,2026-11-08T00:00:00,,in_progress,70,Adyar River - Nandambakkam stretch,12.995742,80.205946,TLK-ALD,52.1,0.0,-17.9,"Chennai Lakes Sub-Division, Ambattur"
PWD-WRK-00998,Raising & strengthening of Kosasthalaiyar Bund - Manali - 2026-27,bund_strengthening,PWD-AST-0060,PWD-OFF-015,117.73,75.34,2026-07-28T00:00:00,2026-10-22T00:00:00,,in_progress,77,Kosasthalaiyar Bund - Manali,13.161052,80.302257,TLK-TVT,64.0,0.0,-13.0,Buckingham Canal & Otteri Nullah Division
PWD-WRK-00999,Lining of Virugambakkam-Arumbakkam Canal (Ch. 0.90-1.84 km),canal_lining,PWD-AST-0034,PWD-OFF-013,282.22,125.49,2026-07-08T00:00:00,2026-12-29T00:00:00,,in_progress,50,Virugambakkam-Arumbakkam Canal,13.063439,80.174712,TLK-MDR,44.5,0.0,-5.5,Cooum Basin Division
PWD-WRK-01000,Pre-monsoon desilting of Otteri Nullah - Ayanavaram stretch - 2026-27,desilting,PWD-AST-0031,PWD-OFF-018,17.29,18.1,2026-07-24T00:00:00,2026-10-11T00:00:00,2026-10-02T00:00:00,completed,100,Otteri Nullah - Ayanavaram stretch,13.09896,80.236564,TLK-AYN,104.7,4.7,4.7,North Chennai Drainage Sub-Division
PWD-WRK-01001,Desilting & removal of water hyacinth in Buckingham Canal - Okkiyam stretch,desilting,PWD-AST-0029,PWD-OFF-015,22.47,19.17,2026-07-25T00:00:00,2026-09-07T00:00:00,,in_progress,90,Buckingham Canal - Okkiyam stretch,12.906025,80.221449,TLK-SHN,85.3,0.0,-4.7,Buckingham Canal & Otteri Nullah Division
PWD-WRK-01002,Raising & strengthening of Adyar River - Estuary stretch - 2026-27,bund_strengthening,PWD-AST-0018,PWD-OFF-012,106.02,39.93,2026-07-25T00:00:00,2026-11-30T00:00:00,,in_progress,58,Adyar River - Estuary stretch,13.033695,80.275006,TLK-MYL,37.7,0.0,-20.3,Adyar Basin Division
PWD-WRK-01003,Roof waterproofing - Govt Royapettah Hospital,building_repair,PWD-AST-0066,PWD-OFF-004,79.65,50.07,2026-07-03T00:00:00,2026-11-14T00:00:00,,in_progress,74,Govt Royapettah Hospital,13.031452,80.265958,TLK-MYL,62.9,0.0,-11.1,"Buildings Division (South), Chennai"
PWD-WRK-01004,Desilting & removal of water hyacinth in Adyar River - Estuary stretch,desilting,PWD-AST-0018,PWD-OFF-013,21.11,19.88,2026-07-17T00:00:00,2026-09-16T00:00:00,2026-09-05T00:00:00,completed,100,Adyar River - Estuary stretch,13.033695,80.275006,TLK-MYL,94.2,0.0,-5.8,Cooum Basin Division
PWD-WRK-01005,Pre-monsoon desilting of Buckingham Canal - Okkiyam stretch - 2026-27,desilting,PWD-AST-0029,PWD-OFF-015,32.39,28.73,2026-07-18T00:00:00,2026-10-03T00:00:00,2026-09-25T00:00:00,completed,100,Buckingham Canal - Okkiyam stretch,12.906025,80.221449,TLK-SHN,88.7,0.0,-11.3,Buckingham Canal & Otteri Nullah Division
PWD-WRK-01006,Pre-monsoon desilting of Cooum River - Nerkundram stretch - 2026-27,desilting,PWD-AST-0019,PWD-OFF-013,23.0,22.1,2026-07-10T00:00:00,2026-08-22T00:00:00,2026-09-06T00:00:00,completed,100,Cooum River - Nerkundram stretch,13.063987,80.16876,TLK-MDR,96.1,0.0,-3.9,Cooum Basin Division
PWD-WRK-01007,Desilting & removal of water hyacinth in Retteri Lake,desilting,PWD-AST-0009,PWD-OFF-016,15.54,13.44,2026-07-02T00:00:00,2026-07-28T00:00:00,2026-08-21T00:00:00,completed,100,Retteri Lake,13.149649,80.228598,TLK-MDV,86.5,0.0,-13.5,"Chennai Lakes Sub-Division, Ambattur"
PWD-WRK-01008,"Construction of new wing - Govt Peripheral Hospital, K.K. Nagar (2026-27)",building_construction,PWD-AST-0068,PWD-OFF-004,1083.19,126.51,2026-07-16T00:00:00,2028-02-18T00:00:00,,in_progress,14,"Govt Peripheral Hospital, K.K. Nagar",13.038361,80.221086,TLK-MBM,11.7,0.0,-2.3,"Buildings Division (South), Chennai"
PWD-WRK-01009,Raising & strengthening of Adyar River - Nandambakkam stretch - 2026-27,bund_strengthening,PWD-AST-0014,PWD-OFF-016,28.91,26.1,2026-07-19T00:00:00,2026-10-06T00:00:00,2026-10-02T00:00:00,completed,100,Adyar River - Nandambakkam stretch,12.995742,80.205946,TLK-ALD,90.3,0.0,-9.7,"Chennai Lakes Sub-Division, Ambattur"
PWD-WRK-01010,"Roof waterproofing - Govt Polytechnic College, Taramani",building_repair,PWD-AST-0072,PWD-OFF-008,13.58,14.08,2026-07-17T00:00:00,2026-09-07T00:00:00,2026-08-31T00:00:00,completed,100,"Govt Polytechnic College, Taramani",12.981574,80.213362,TLK-VLC,103.7,3.7,3.7,"Buildings Sub-Division, Guindy"
PWD-WRK-01011,Desilting & removal of water hyacinth in Virugambakkam-Arumbakkam Canal,desilting,PWD-AST-0034,PWD-OFF-013,115.12,119.75,2026-07-28T00:00:00,2026-10-01T00:00:00,2026-09-29T00:00:00,completed,100,Virugambakkam-Arumbakkam Canal,13.063439,80.174712,TLK-MDR,104.0,4.0,4.0,Cooum Basin Division
PWD-WRK-01012,Removal of encroachments in Madhavaram Lake,encroachment_removal,PWD-AST-0008,PWD-OFF-014,10.49,11.06,2026-07-19T00:00:00,2026-08-06T00:00:00,2026-08-06T00:00:00,completed,100,Madhavaram Lake,13.147624,80.232884,TLK-MDV,105.4,5.4,5.4,Kosasthalaiyar Basin Division
PWD-WRK-01013,Repairs & rehabilitation of Okkiyam Madavu Bridge,bridge_repair,PWD-AST-0082,PWD-OFF-016,334.55,155.69,2026-07-06T00:00:00,2026-12-24T00:00:00,,in_progress,49,Okkiyam Madavu Bridge,12.907601,80.223651,TLK-SHN,46.5,0.0,-2.5,"Chennai Lakes Sub-Division, Ambattur"
PWD-WRK-01014,Raising & strengthening of Chetpet Lake - 2026-27,bund_strengthening,PWD-AST-0007,PWD-OFF-013,192.12,100.19,2026-07-08T00:00:00,2026-10-26T00:00:00,,in_progress,79,Chetpet Lake,13.08196,80.26155,TLK-EGM,52.1,0.0,-26.9,Cooum Basin Division
PWD-WRK-01015,Desilting of Velachery Lake (Ch. 0.39-3.27 km),desilting,PWD-AST-0013,PWD-OFF-016,24.24,22.61,2026-07-06T00:00:00,2026-08-21T00:00:00,2026-08-14T00:00:00,completed,100,Velachery Lake,12.979938,80.218987,TLK-VLC,93.3,0.0,-6.7,"Chennai Lakes Sub-Division, Ambattur"
PWD-WRK-01016,Desilting of Adyar River - Kotturpuram stretch (Ch. 0.37-1.37 km),desilting,PWD-AST-0017,PWD-OFF-013,17.2,16.92,2026-07-24T00:00:00,2026-09-28T00:00:00,2026-09-18T00:00:00,completed,100,Adyar River - Kotturpuram stretch,13.031146,80.265396,TLK-MYL,98.4,0.0,-1.6,Cooum Basin Division
PWD-WRK-01017,Desilting & removal of water hyacinth in Otteri Nullah - Ayanavaram stretch,desilting,PWD-AST-0031,PWD-OFF-018,43.61,45.42,2026-07-21T00:00:00,2026-08-31T00:00:00,2026-08-28T00:00:00,completed,100,Otteri Nullah - Ayanavaram stretch,13.09896,80.236564,TLK-AYN,104.2,4.2,4.2,North Chennai Drainage Sub-Division
PWD-WRK-01018,Construction of additional block at Govt Kilpauk Medical College Hospital,building_construction,PWD-AST-0064,PWD-OFF-009,1031.47,95.79,2026-07-19T00:00:00,2028-05-21T00:00:00,,in_progress,10,Govt Kilpauk Medical College Hospital,13.093366,80.255223,TLK-PSW,9.3,0.0,-0.7,"Buildings Sub-Division, Egmore"
PWD-WRK-01019,Removal of encroachments in Guindy Industrial Estate Storm Water Channel,encroachment_removal,PWD-AST-0040,PWD-OFF-017,18.05,15.58,2026-07-03T00:00:00,2026-07-11T00:00:00,2026-07-11T00:00:00,completed,100,Guindy Industrial Estate Storm Water Channel,13.010434,80.209192,TLK-GND,86.3,0.0,-13.7,"Adyar Sub-Division, Saidapet"
PWD-WRK-01020,Desilting & removal of water hyacinth in Buckingham Canal - Okkiyam stretch,desilting,PWD-AST-0029,PWD-OFF-012,30.35,23.09,2026-08-11T00:00:00,2026-09-13T00:00:00,,in_progress,81,Buckingham Canal - Okkiyam stretch,12.906025,80.221449,TLK-SHN,76.1,0.0,-4.9,Adyar Basin Division
PWD-WRK-01021,Construction of RCC retaining wall along Buckingham Canal - Thiruvanmiyur stretch,canal_lining,PWD-AST-0028,PWD-OFF-016,161.06,50.52,2026-08-10T00:00:00,2026-12-06T00:00:00,,in_progress,45,Buckingham Canal - Thiruvanmiyur stretch,12.984591,80.220186,TLK-VLC,31.4,0.0,-13.6,"Chennai Lakes Sub-Division, Ambattur"
PWD-WRK-01022,Desilting & removal of water hyacinth in Perungudi Lake,desilting,PWD-AST-0012,PWD-OFF-016,83.79,78.22,2026-08-05T00:00:00,2026-09-17T00:00:00,2026-09-17T00:00:00,completed,100,Perungudi Lake,12.907419,80.228015,TLK-SHN,93.4,0.0,-6.6,"Chennai Lakes Sub-Division, Ambattur"
PWD-WRK-01023,Pre-monsoon desilting of Perungudi Lake - 2026-27,desilting,PWD-AST-0012,PWD-OFF-016,55.52,50.67,2026-08-27T00:00:00,2026-09-24T00:00:00,2026-09-21T00:00:00,completed,100,Perungudi Lake,12.907419,80.228015,TLK-SHN,91.3,0.0,-8.7,"Chennai Lakes Sub-Division, Ambattur"
PWD-WRK-01024,Desilting of Ambattur Lake (Ch. 0.16-0.91 km),desilting,PWD-AST-0003,PWD-OFF-014,98.94,63.48,2026-08-28T00:00:00,2026-10-08T00:00:00,,in_progress,83,Ambattur Lake,13.11353,80.152945,TLK-AMB,64.2,0.0,-18.8,Kosasthalaiyar Basin Division
PWD-WRK-01025,Flood mitigation works - Buckingham Canal - Basin Bridge stretch,flood_mitigation,PWD-AST-0026,PWD-OFF-015,1142.93,151.98,2026-08-14T00:00:00,2027-04-01T00:00:00,,in_progress,20,Buckingham Canal - Basin Bridge stretch,13.084717,80.254876,TLK-PSW,13.3,0.0,-6.7,Buckingham Canal & Otteri Nullah Division
PWD-WRK-01026,Raising & strengthening of Adyar River - Nandambakkam stretch - 2026-27,bund_strengthening,PWD-AST-0014,PWD-OFF-016,60.37,44.98,2026-08-14T00:00:00,2026-10-14T00:00:00,,in_progress,92,Adyar River - Nandambakkam stretch,12.995742,80.205946,TLK-ALD,74.5,0.0,-17.5,"Chennai Lakes Sub-Division, Ambattur"
PWD-WRK-01027,Desilting of Valasaravakkam Macro Drain (Ch. 1.14-3.47 km),desilting,PWD-AST-0046,PWD-OFF-013,13.67,9.39,2026-08-27T00:00:00,2026-10-12T00:00:00,,in_progress,90,Valasaravakkam Macro Drain,13.064607,80.165757,TLK-MDR,68.7,0.0,-21.3,Cooum Basin Division
PWD-WRK-01028,"Replacement of gates & hoist - Otteri Nullah Regulator, Basin Bridge",sluice_repair,PWD-AST-0052,PWD-OFF-013,8.85,6.73,2026-08-08T00:00:00,2026-10-10T00:00:00,,in_progress,99,"Otteri Nullah Regulator, Basin Bridge",13.084547,80.256183,TLK-PSW,76.0,0.0,-23.0,Cooum Basin Division
PWD-WRK-01029,Eviction & fencing - Virugambakkam-Arumbakkam Canal (2026-27),encroachment_removal,PWD-AST-0034,PWD-OFF-013,18.73,12.32,2026-08-28T00:00:00,2026-10-10T00:00:00,,in_progress,85,Virugambakkam-Arumbakkam Canal,13.063439,80.174712,TLK-MDR,65.8,0.0,-19.2,Cooum Basin Division
PWD-WRK-01030,Lining of Buckingham Canal - Thiruvanmiyur stretch (Ch. 1.23-3.50 km),canal_lining,PWD-AST-0028,PWD-OFF-016,989.82,356.89,2026-08-14T00:00:00,2026-12-20T00:00:00,,in_progress,46,Buckingham Canal - Thiruvanmiyur stretch,12.984591,80.220186,TLK-VLC,36.1,0.0,-9.9,"Chennai Lakes Sub-Division, Ambattur"
PWD-WRK-01031,Desilting of Tondiarpet Macro Drain (Ch. 2.67-3.07 km),desilting,PWD-AST-0044,PWD-OFF-018,112.34,103.78,2026-08-10T00:00:00,2026-09-22T00:00:00,2026-09-15T00:00:00,completed,100,Tondiarpet Macro Drain,13.124239,80.287755,TLK-TDP,92.4,0.0,-7.6,North Chennai Drainage Sub-Division
PWD-WRK-01032,"Roof waterproofing - Govt Peripheral Hospital, Periyar Nagar",building_repair,PWD-AST-0067,PWD-OFF-003,107.35,75.25,2026-08-01T00:00:00,2026-10-28T00:00:00,,in_progress,72,"Govt Peripheral Hospital, Periyar Nagar",13.100215,80.229443,TLK-AYN,70.1,0.0,-1.9,"Buildings Division (North), Chennai"
PWD-WRK-01033,Desilting of Otteri Nullah - Kilpauk stretch (Ch. 1.32-3.05 km),desilting,PWD-AST-0030,PWD-OFF-013,21.82,14.52,2026-08-12T00:00:00,2026-09-23T00:00:00,,in_progress,85,Otteri Nullah - Kilpauk stretch,13.095375,80.257882,TLK-PSW,66.5,0.0,-18.5,Cooum Basin Division
PWD-WRK-01034,Raising & strengthening of Adambakkam Lake - 2026-27,bund_strengthening,PWD-AST-0001,PWD-OFF-016,62.55,24.39,2026-08-16T00:00:00,2026-10-01T00:00:00,,in_progress,54,Adambakkam Lake,12.99737,80.201093,TLK-ALD,39.0,0.0,-15.0,"Chennai Lakes Sub-Division, Ambattur"
PWD-WRK-01035,Strengthening of Puzhal Reservoir (Red Hills) bund (Ch. 2.03-3.13 km),bund_strengthening,PWD-AST-0084,PWD-OFF-021,256.68,80.9,2026-08-13T00:00:00,2026-12-19T00:00:00,,in_progress,44,Puzhal Reservoir (Red Hills),13.164,80.178,,31.5,0.0,-12.5,"Chennai Reservoirs Division, Puzhal"
PWD-WRK-01036,Strengthening of Cooum River - Nerkundram stretch bund (Ch. 1.22-2.09 km),bund_strengthening,PWD-AST-0019,PWD-OFF-013,173.79,79.8,2026-08-04T00:00:00,2026-11-05T00:00:00,,in_progress,65,Cooum River - Nerkundram stretch,13.063987,80.16876,TLK-MDR,45.9,0.0,-19.1,Cooum Basin Division
PWD-WRK-01037,Desilting & removal of water hyacinth in Buckingham Canal - Okkiyam stretch,desilting,PWD-AST-0029,PWD-OFF-016,113.35,35.75,2026-08-17T00:00:00,2026-10-18T00:00:00,,in_progress,45,Buckingham Canal - Okkiyam stretch,12.906025,80.221449,TLK-SHN,31.5,0.0,-13.5,"Chennai Lakes Sub-Division, Ambattur"
PWD-WRK-01038,Pre-monsoon desilting of Buckingham Canal - Ennore stretch - 2026-27,desilting,PWD-AST-0024,PWD-OFF-014,49.0,51.24,2026-08-05T00:00:00,2026-09-02T00:00:00,2026-08-30T00:00:00,completed,100,Buckingham Canal - Ennore stretch,13.162067,80.29925,TLK-TVT,104.6,4.6,4.6,Kosasthalaiyar Basin Division
PWD-WRK-01039,Flood mitigation works - Otteri Nullah - Perambur stretch,flood_mitigation,PWD-AST-0032,PWD-OFF-018,197.88,63.92,2026-08-02T00:00:00,2027-01-25T00:00:00,,in_progress,32,Otteri Nullah - Perambur stretch,13.117033,80.234899,TLK-PRB,32.3,0.0,0.3,North Chennai Drainage Sub-Division
PWD-WRK-01040,Raising & strengthening of Mogappair Eri - 2026-27,bund_strengthening,PWD-AST-0005,PWD-OFF-014,76.01,20.41,2026-08-23T00:00:00,2026-12-29T00:00:00,,in_progress,31,Mogappair Eri,13.112793,80.155048,TLK-AMB,26.9,0.0,-4.1,Kosasthalaiyar Basin Division
PWD-WRK-01041,Desilting & removal of water hyacinth in Captain Cotton Canal - Vyasarpadi stretch,desilting,PWD-AST-0033,PWD-OFF-015,10.95,11.74,2026-08-02T00:00:00,2026-08-30T00:00:00,2026-08-25T00:00:00,completed,100,Captain Cotton Canal - Vyasarpadi stretch,13.116504,80.238499,TLK-PRB,107.2,7.2,7.2,Buckingham Canal & Otteri Nullah Division
PWD-WRK-01042,"Roof waterproofing - Govt Peripheral Hospital, K.K. Nagar",building_repair,PWD-AST-0068,PWD-OFF-004,56.59,30.25,2026-08-12T00:00:00,2026-10-22T00:00:00,,in_progress,74,"Govt Peripheral Hospital, K.K. Nagar",13.038361,80.221086,TLK-MBM,53.5,0.0,-20.5,"Buildings Division (South), Chennai"
PWD-WRK-01043,Pre-monsoon desilting of Palavanthangal Lake - 2026-27,desilting,PWD-AST-0002,PWD-OFF-016,96.03,63.84,2026-08-20T00:00:00,2026-10-30T00:00:00,,in_progress,66,Palavanthangal Lake,12.990992,80.204358,TLK-ALD,66.5,0.0,0.5,"Chennai Lakes Sub-Division, Ambattur"
PWD-WRK-01044,Pre-monsoon desilting of Guindy Industrial Estate Storm Water Channel - 2026-27,desilting,PWD-AST-0040,PWD-OFF-012,8.3,3.17,2026-08-27T00:00:00,2026-10-05T00:00:00,,in_progress,50,Guindy Industrial Estate Storm Water Channel,13.010434,80.209192,TLK-GND,38.2,0.0,-11.8,Adyar Basin Division
PWD-WRK-01045,Pre-monsoon desilting of Nolambur Lake - 2026-27,desilting,PWD-AST-0011,PWD-OFF-013,8.82,1.79,2026-08-22T00:00:00,2026-10-31T00:00:00,,in_progress,23,Nolambur Lake,13.067293,80.167126,TLK-MDR,20.3,0.0,-2.7,Cooum Basin Division
PWD-WRK-01046,"Roof waterproofing - Govt Peripheral Hospital, K.K. Nagar",building_repair,PWD-AST-0068,PWD-OFF-004,83.4,31.66,2026-08-08T00:00:00,2026-12-09T00:00:00,,in_progress,51,"Govt Peripheral Hospital, K.K. Nagar",13.038361,80.221086,TLK-MBM,38.0,0.0,-13.0,"Buildings Division (South), Chennai"
PWD-WRK-01047,Desilting & removal of water hyacinth in Otteri Nullah - Kilpauk stretch,desilting,PWD-AST-0030,PWD-OFF-013,18.1,18.68,2026-08-15T00:00:00,2026-09-29T00:00:00,2026-09-26T00:00:00,completed,100,Otteri Nullah - Kilpauk stretch,13.095375,80.257882,TLK-PSW,103.2,3.2,3.2,Cooum Basin Division
PWD-WRK-01048,Raising & strengthening of Kannankottai-Thervoy Kandigai Reservoir - 2026-27,bund_strengthening,PWD-AST-0087,PWD-OFF-021,51.7,31.18,2026-08-18T00:00:00,2026-10-26T00:00:00,,in_progress,74,Kannankottai-Thervoy Kandigai Reservoir,13.4,79.965,,60.3,0.0,-13.7,"Chennai Reservoirs Division, Puzhal"
PWD-WRK-01049,Pre-monsoon desilting of Adyar River - Saidapet stretch - 2026-27,desilting,PWD-AST-0016,PWD-OFF-012,108.77,86.89,2026-08-03T00:00:00,2026-10-21T00:00:00,,in_progress,85,Adyar River - Saidapet stretch,13.01231,80.208576,TLK-GND,79.9,0.0,-5.1,Adyar Basin Division
PWD-WRK-01050,Strengthening of Cooum River - Koyambedu stretch bund (Ch. 0.06-1.59 km),bund_strengthening,PWD-AST-0020,PWD-OFF-013,213.59,90.12,2026-08-09T00:00:00,2026-11-09T00:00:00,,in_progress,61,Cooum River - Koyambedu stretch,13.064718,80.175012,TLK-MDR,42.2,0.0,-18.8,Cooum Basin Division
PWD-WRK-01051,Roof waterproofing - King Institute of Preventive Medicine,building_repair,PWD-AST-0069,PWD-OFF-004,61.06,20.69,2026-08-24T00:00:00,2026-11-30T00:00:00,,in_progress,48,King Institute of Preventive Medicine,13.006109,80.213798,TLK-GND,33.9,0.0,-14.1,"Buildings Division (South), Chennai"
PWD-WRK-01052,Raising & strengthening of Korattur Lake - 2026-27,bund_strengthening,PWD-AST-0004,PWD-OFF-014,26.66,10.91,2026-08-25T00:00:00,2026-11-05T00:00:00,,in_progress,50,Korattur Lake,13.107168,80.157596,TLK-AMB,40.9,0.0,-9.1,Kosasthalaiyar Basin Division
PWD-WRK-01053,"Repairs & renovation - Collectorate Building, Rajaji Salai (2026-27)",building_repair,PWD-AST-0074,PWD-OFF-010,13.11,2.6,2026-08-28T00:00:00,2027-01-04T00:00:00,,in_progress,25,"Collectorate Building, Rajaji Salai",13.119395,80.287464,TLK-TDP,19.8,0.0,-5.2,"Buildings Sub-Division, Tondiarpet"
PWD-WRK-01054,Desilting of Chetpet Lake (Ch. 1.12-2.56 km),desilting,PWD-AST-0007,PWD-OFF-013,18.05,10.13,2026-08-17T00:00:00,2026-11-03T00:00:00,,in_progress,64,Chetpet Lake,13.08196,80.26155,TLK-EGM,56.1,0.0,-7.9,Cooum Basin Division
PWD-WRK-01055,Replacement of gates & hoist - Ambattur Lake Sluice,sluice_repair,PWD-AST-0048,PWD-OFF-016,7.83,7.19,2026-08-07T00:00:00,2026-09-25T00:00:00,2026-09-19T00:00:00,completed,100,Ambattur Lake Sluice,13.112066,80.153974,TLK-AMB,91.8,0.0,-8.2,"Chennai Lakes Sub-Division, Ambattur"
PWD-WRK-01056,Desilting & removal of water hyacinth in Tondiarpet Macro Drain,desilting,PWD-AST-0044,PWD-OFF-015,13.92,7.41,2026-08-01T00:00:00,2026-10-24T00:00:00,,in_progress,81,Tondiarpet Macro Drain,13.124239,80.287755,TLK-TDP,53.2,0.0,-27.8,Buckingham Canal & Otteri Nullah Division
PWD-WRK-01057,"Repairs & renovation - Govt Peripheral Hospital, K.K. Nagar (2026-27)",building_repair,PWD-AST-0068,PWD-OFF-004,43.28,22.45,2026-08-16T00:00:00,2026-10-29T00:00:00,,in_progress,63,"Govt Peripheral Hospital, K.K. Nagar",13.038361,80.221086,TLK-MBM,51.9,0.0,-11.1,"Buildings Division (South), Chennai"
PWD-WRK-01058,Strengthening of Adyar River - Kotturpuram stretch bund (Ch. 2.08-3.14 km),bund_strengthening,PWD-AST-0017,PWD-OFF-013,101.96,92.82,2026-08-11T00:00:00,2026-09-25T00:00:00,2026-09-23T00:00:00,completed,100,Adyar River - Kotturpuram stretch,13.031146,80.265396,TLK-MYL,91.0,0.0,-9.0,Cooum Basin Division
PWD-WRK-01059,"Roof waterproofing - Govt Hr Sec School, Ashok Nagar",building_repair,PWD-AST-0070,PWD-OFF-004,58.34,30.99,2026-08-19T00:00:00,2026-11-25T00:00:00,,in_progress,54,"Govt Hr Sec School, Ashok Nagar",13.034198,80.226733,TLK-MBM,53.1,0.0,-0.9,"Buildings Division (South), Chennai"
PWD-WRK-01060,"Repairs & renovation - Govt Hr Sec School, Ashok Nagar (2026-27)",building_repair,PWD-AST-0070,PWD-OFF-004,81.99,40.17,2026-08-19T00:00:00,2026-10-20T00:00:00,,in_progress,71,"Govt Hr Sec School, Ashok Nagar",13.034198,80.226733,TLK-MBM,49.0,0.0,-22.0,"Buildings Division (South), Chennai"
PWD-WRK-01061,Strengthening of Adyar River - Saidapet stretch bund (Ch. 1.61-2.64 km),bund_strengthening,PWD-AST-0016,PWD-OFF-017,56.13,17.24,2026-08-17T00:00:00,2026-11-30T00:00:00,,in_progress,38,Adyar River - Saidapet stretch,13.01231,80.208576,TLK-GND,30.7,0.0,-7.3,"Adyar Sub-Division, Saidapet"
PWD-WRK-01062,Construction of flood regulator & retaining wall - Kodungaiyur Canal,flood_mitigation,PWD-AST-0042,PWD-OFF-018,182.72,45.09,2026-08-07T00:00:00,2026-11-21T00:00:00,,in_progress,33,Kodungaiyur Canal,13.111371,80.231612,TLK-PRB,24.7,0.0,-8.3,North Chennai Drainage Sub-Division
PWD-WRK-01063,Desilting of Buckingham Canal - Thiruvanmiyur stretch (Ch. 0.69-1.72 km),desilting,PWD-AST-0028,PWD-OFF-016,33.16,35.67,2026-08-14T00:00:00,2026-09-20T00:00:00,2026-09-16T00:00:00,completed,100,Buckingham Canal - Thiruvanmiyur stretch,12.984591,80.220186,TLK-VLC,107.6,7.6,7.6,"Chennai Lakes Sub-Division, Ambattur"
PWD-WRK-01064,Roof waterproofing - Govt Royapettah Hospital,building_repair,PWD-AST-0066,PWD-OFF-004,19.91,5.17,2026-08-08T00:00:00,2026-12-07T00:00:00,,in_progress,33,Govt Royapettah Hospital,13.031452,80.265958,TLK-MYL,26.0,0.0,-7.0,"Buildings Division (South), Chennai"
PWD-WRK-01065,Desilting & removal of water hyacinth in Ambattur Lake,desilting,PWD-AST-0003,PWD-OFF-016,111.81,94.67,2026-08-01T00:00:00,2026-10-14T00:00:00,2026-10-03T00:00:00,completed,100,Ambattur Lake,13.11353,80.152945,TLK-AMB,84.7,0.0,-15.3,"Chennai Lakes Sub-Division, Ambattur"
PWD-WRK-01066,Special repairs to Rajiv Gandhi Govt General Hospital - Tower Block,building_repair,PWD-AST-0062,PWD-OFF-003,162.63,136.13,2026-08-09T00:00:00,2026-09-10T00:00:00,2026-09-07T00:00:00,completed,100,Rajiv Gandhi Govt General Hospital - Tower Block,13.081306,80.270069,TLK-EGM,83.7,0.0,-16.3,"Buildings Division (North), Chennai"
PWD-WRK-01067,Pre-monsoon desilting of Buckingham Canal - Thiruvanmiyur stretch - 2026-27,desilting,PWD-AST-0028,PWD-OFF-012,73.58,38.89,2026-09-17T00:00:00,2026-10-17T00:00:00,,in_progress,60,Buckingham Canal - Thiruvanmiyur stretch,12.984591,80.220186,TLK-VLC,52.9,0.0,-7.1,Adyar Basin Division
PWD-WRK-01068,Desilting & removal of water hyacinth in Mambalam Canal Macro Drain,desilting,PWD-AST-0038,PWD-OFF-017,26.61,1.86,2026-09-18T00:00:00,2026-12-06T00:00:00,,in_progress,8,Mambalam Canal Macro Drain,13.032058,80.222838,TLK-MBM,7.0,0.0,-1.0,"Adyar Sub-Division, Saidapet"
PWD-WRK-01069,Desilting of Kosasthalaiyar River - Manali stretch (Ch. 2.19-3.45 km),desilting,PWD-AST-0023,PWD-OFF-014,51.4,13.1,2026-09-14T00:00:00,2026-11-14T00:00:00,,in_progress,36,Kosasthalaiyar River - Manali stretch,13.158409,80.30357,TLK-TVT,25.5,0.0,-10.5,Kosasthalaiyar Basin Division
PWD-WRK-01070,Desilting & removal of water hyacinth in Otteri Nullah - Kilpauk stretch,desilting,PWD-AST-0030,PWD-OFF-013,17.91,2.07,2026-09-27T00:00:00,2026-11-10T00:00:00,,in_progress,16,Otteri Nullah - Kilpauk stretch,13.095375,80.257882,TLK-PSW,11.6,0.0,-4.4,Cooum Basin Division
PWD-WRK-01071,Strengthening of Puzhal Reservoir (Red Hills) bund (Ch. 2.12-2.47 km),bund_strengthening,PWD-AST-0084,PWD-OFF-021,32.84,5.82,2026-09-21T00:00:00,2026-11-10T00:00:00,,in_progress,26,Puzhal Reservoir (Red Hills),13.164,80.178,,17.7,0.0,-8.3,"Chennai Reservoirs Division, Puzhal"
PWD-WRK-01072,Construction of additional block at Govt Kilpauk Medical College Hospital,building_construction,PWD-AST-0064,PWD-OFF-003,373.59,10.93,2026-09-19T00:00:00,2027-06-24T00:00:00,,in_progress,3,Govt Kilpauk Medical College Hospital,13.093366,80.255223,TLK-PSW,2.9,0.0,-0.1,"Buildings Division (North), Chennai"
PWD-WRK-01073,Desilting of Buckingham Canal - Basin Bridge stretch (Ch. 0.05-2.99 km),desilting,PWD-AST-0026,PWD-OFF-013,10.85,0.33,2026-09-28T00:00:00,2026-11-08T00:00:00,,in_progress,3,Buckingham Canal - Basin Bridge stretch,13.084717,80.254876,TLK-PSW,3.0,0.0,0.0,Cooum Basin Division
PWD-WRK-01074,"Construction of new wing - Govt Peripheral Hospital, Periyar Nagar (2026-27)",building_construction,PWD-AST-0067,PWD-OFF-003,1819.16,53.91,2026-09-07T00:00:00,2028-07-02T00:00:00,,in_progress,4,"Govt Peripheral Hospital, Periyar Nagar",13.100215,80.229443,TLK-AYN,3.0,0.0,-1.0,"Buildings Division (North), Chennai"
PWD-WRK-01075,Pre-monsoon desilting of Pallikaranai Marsh Outlet Drain - 2026-27,desilting,PWD-AST-0041,PWD-OFF-015,16.36,6.13,2026-09-09T00:00:00,2026-10-29T00:00:00,,in_progress,56,Pallikaranai Marsh Outlet Drain,12.903576,80.225516,TLK-SHN,37.5,0.0,-18.5,Buckingham Canal & Otteri Nullah Division
PWD-WRK-01076,Repairs & renovation - King Institute of Preventive Medicine (2026-27),building_repair,PWD-AST-0069,PWD-OFF-008,247.69,61.18,2026-09-04T00:00:00,2026-11-17T00:00:00,,in_progress,40,King Institute of Preventive Medicine,13.006109,80.213798,TLK-GND,24.7,0.0,-15.3,"Buildings Sub-Division, Guindy"
PWD-WRK-01077,Raising & strengthening of Cholavaram Reservoir - 2026-27,bund_strengthening,PWD-AST-0086,PWD-OFF-021,58.53,6.12,2026-09-17T00:00:00,2027-01-10T00:00:00,,in_progress,14,Cholavaram Reservoir,13.23,80.145,,10.5,0.0,-3.5,"Chennai Reservoirs Division, Puzhal"
PWD-WRK-01078,Special repairs to Govt Kilpauk Medical College Hospital,building_repair,PWD-AST-0064,PWD-OFF-003,150.72,68.11,2026-09-01T00:00:00,2026-11-16T00:00:00,,in_progress,50,Govt Kilpauk Medical College Hospital,13.093366,80.255223,TLK-PSW,45.2,0.0,-4.8,"Buildings Division (North), Chennai"
PWD-WRK-01079,Desilting & removal of water hyacinth in Adyar River - Saidapet stretch,desilting,PWD-AST-0016,PWD-OFF-017,114.17,31.75,2026-09-05T00:00:00,2026-11-25T00:00:00,,in_progress,39,Adyar River - Saidapet stretch,13.01231,80.208576,TLK-GND,27.8,0.0,-11.2,"Adyar Sub-Division, Saidapet"
PWD-WRK-01080,Pre-monsoon desilting of Kathivakkam Macro Drain - 2026-27,desilting,PWD-AST-0043,PWD-OFF-015,31.05,18.78,2026-09-19T00:00:00,2026-10-14T00:00:00,,in_progress,68,Kathivakkam Macro Drain,13.161752,80.303125,TLK-TVT,60.5,0.0,-7.5,Buckingham Canal & Otteri Nullah Division
PWD-WRK-01081,Construction of flood regulator & retaining wall - Anna Nagar Macro Drain,flood_mitigation,PWD-AST-0036,PWD-OFF-013,191.93,13.22,2026-09-25T00:00:00,2027-01-12T00:00:00,,in_progress,8,Anna Nagar Macro Drain,13.071604,80.222359,TLK-AMJ,6.9,0.0,-1.1,Cooum Basin Division
PWD-WRK-01082,Desilting of Buckingham Canal - Basin Bridge stretch (Ch. 3.34-4.39 km),desilting,PWD-AST-0026,PWD-OFF-013,17.43,4.23,2026-09-16T00:00:00,2026-10-26T00:00:00,,in_progress,29,Buckingham Canal - Basin Bridge stretch,13.084717,80.254876,TLK-PSW,24.3,0.0,-4.7,Cooum Basin Division
PWD-WRK-01083,Pre-monsoon desilting of Buckingham Canal - Okkiyam stretch - 2026-27,desilting,PWD-AST-0029,PWD-OFF-016,43.61,20.29,2026-09-09T00:00:00,2026-11-09T00:00:00,,in_progress,46,Buckingham Canal - Okkiyam stretch,12.906025,80.221449,TLK-SHN,46.5,0.0,0.5,"Chennai Lakes Sub-Division, Ambattur"
PWD-WRK-01084,Desilting & removal of water hyacinth in Otteri Nullah - Kilpauk stretch,desilting,PWD-AST-0030,PWD-OFF-015,36.34,5.39,2026-09-15T00:00:00,2026-11-23T00:00:00,,in_progress,15,Otteri Nullah - Kilpauk stretch,13.095375,80.257882,TLK-PSW,14.8,0.0,-0.2,Buckingham Canal & Otteri Nullah Division
PWD-WRK-01085,Raising & strengthening of Adyar River - Kotturpuram stretch - 2026-27,bund_strengthening,PWD-AST-0017,PWD-OFF-017,291.78,23.15,2026-09-20T00:00:00,2027-01-17T00:00:00,,in_progress,11,Adyar River - Kotturpuram stretch,13.031146,80.265396,TLK-MYL,7.9,0.0,-3.1,"Adyar Sub-Division, Saidapet"
PWD-WRK-01086,Lining of Nanganallur Macro Drain (Ch. 0.08-2.88 km),canal_lining,PWD-AST-0039,PWD-OFF-012,196.23,26.42,2026-09-07T00:00:00,2027-02-12T00:00:00,,in_progress,16,Nanganallur Macro Drain,12.995184,80.197501,TLK-ALD,13.5,0.0,-2.5,Adyar Basin Division
PWD-WRK-01087,Special repairs to Rajiv Gandhi Govt General Hospital - Tower Block,building_repair,PWD-AST-0062,PWD-OFF-003,16.06,3.12,2026-09-08T00:00:00,2027-01-17T00:00:00,,in_progress,21,Rajiv Gandhi Govt General Hospital - Tower Block,13.081306,80.270069,TLK-EGM,19.4,0.0,-1.6,"Buildings Division (North), Chennai"
PWD-WRK-01088,Desilting & removal of water hyacinth in Villivakkam Macro Drain,desilting,PWD-AST-0037,PWD-OFF-018,116.78,2.69,2026-09-25T00:00:00,2026-11-26T00:00:00,,in_progress,3,Villivakkam Macro Drain,13.094544,80.236872,TLK-AYN,2.3,0.0,-0.7,North Chennai Drainage Sub-Division
PWD-WRK-01089,Desilting & removal of water hyacinth in Captain Cotton Canal - Vyasarpadi stretch,desilting,PWD-AST-0033,PWD-OFF-018,86.28,47.29,2026-09-09T00:00:00,2026-10-08T00:00:00,,in_progress,86,Captain Cotton Canal - Vyasarpadi stretch,13.116504,80.238499,TLK-PRB,54.8,0.0,-31.2,North Chennai Drainage Sub-Division
PWD-WRK-01090,Desilting of Cooum River - Nerkundram stretch (Ch. 2.01-2.93 km),desilting,PWD-AST-0019,PWD-OFF-013,84.73,15.78,2026-09-28T00:00:00,2026-10-24T00:00:00,,in_progress,26,Cooum River - Nerkundram stretch,13.063987,80.16876,TLK-MDR,18.6,0.0,-7.4,Cooum Basin Division
PWD-WRK-01091,Raising & strengthening of Adyar River - Saidapet stretch - 2026-27,bund_strengthening,PWD-AST-0016,PWD-OFF-017,149.54,17.56,2026-09-22T00:00:00,2026-12-02T00:00:00,,in_progress,19,Adyar River - Saidapet stretch,13.01231,80.208576,TLK-GND,11.7,0.0,-7.3,"Adyar Sub-Division, Saidapet"
PWD-WRK-01092,Pre-monsoon desilting of Cooum River - Nerkundram stretch - 2026-27,desilting,PWD-AST-0019,PWD-OFF-013,9.59,0.0,2026-09-28T00:00:00,2026-11-10T00:00:00,,sanctioned,0,Cooum River - Nerkundram stretch,13.063987,80.16876,TLK-MDR,0.0,0.0,0.0,Cooum Basin Division
PWD-WRK-01093,Construction of RCC retaining wall along Buckingham Canal - Korukkupet stretch,canal_lining,PWD-AST-0025,PWD-OFF-018,1038.71,176.93,2026-09-13T00:00:00,2026-12-18T00:00:00,,in_progress,20,Buckingham Canal - Korukkupet stretch,13.133708,80.286246,TLK-TDP,17.0,0.0,-3.0,North Chennai Drainage Sub-Division
PWD-WRK-01094,Desilting of Adyar River - Nandambakkam stretch (Ch. 0.85-1.45 km),desilting,PWD-AST-0014,PWD-OFF-016,85.52,0.0,2026-09-28T00:00:00,2026-12-16T00:00:00,,sanctioned,0,Adyar River - Nandambakkam stretch,12.995742,80.205946,TLK-ALD,0.0,0.0,0.0,"Chennai Lakes Sub-Division, Ambattur"
PWD-WRK-01095,Desilting of Kosasthalaiyar River - Manali stretch (Ch. 2.19-3.34 km),desilting,PWD-AST-0023,PWD-OFF-015,8.94,3.15,2026-09-03T00:00:00,2026-11-08T00:00:00,,in_progress,46,Kosasthalaiyar River - Manali stretch,13.158409,80.30357,TLK-TVT,35.2,0.0,-10.8,Buckingham Canal & Otteri Nullah Division
PWD-WRK-01096,Raising & strengthening of Kannankottai-Thervoy Kandigai Reservoir - 2026-27,bund_strengthening,PWD-AST-0087,PWD-OFF-021,37.15,0.24,2026-09-27T00:00:00,2027-01-15T00:00:00,,in_progress,1,Kannankottai-Thervoy Kandigai Reservoir,13.4,79.965,,0.6,0.0,-0.4,"Chennai Reservoirs Division, Puzhal"
PWD-WRK-01097,"Repairs to shutters of Otteri Nullah Regulator, Basin Bridge",sluice_repair,PWD-AST-0052,PWD-OFF-013,5.93,2.86,2026-09-18T00:00:00,2026-10-09T00:00:00,,in_progress,76,"Otteri Nullah Regulator, Basin Bridge",13.084547,80.256183,TLK-PSW,48.2,0.0,-27.8,Cooum Basin Division
PWD-WRK-01098,"Repairs & renovation - Govt Girls Hr Sec School, Ambattur (2026-27)",building_repair,PWD-AST-0071,PWD-OFF-005,13.88,0.18,2026-09-27T00:00:00,2027-02-10T00:00:00,,in_progress,2,"Govt Girls Hr Sec School, Ambattur",13.114139,80.154929,TLK-AMB,1.3,0.0,-0.7,"Buildings Division (West), Chennai"
PWD-WRK-01099,Raising & strengthening of Nolambur Lake - 2026-27,bund_strengthening,PWD-AST-0011,PWD-OFF-013,110.18,17.75,2026-09-15T00:00:00,2026-11-06T00:00:00,,in_progress,23,Nolambur Lake,13.067293,80.167126,TLK-MDR,16.1,0.0,-6.9,Cooum Basin Division
PWD-WRK-01100,Desilting & removal of water hyacinth in Porur Lake,desilting,PWD-AST-0010,PWD-OFF-013,61.41,11.4,2026-09-19T00:00:00,2026-11-19T00:00:00,,in_progress,27,Porur Lake,13.058283,80.172743,TLK-MDR,18.6,0.0,-8.4,Cooum Basin Division
PWD-WRK-01101,Desilting of Buckingham Canal - Okkiyam stretch (Ch. 2.04-2.63 km),desilting,PWD-AST-0029,PWD-OFF-016,17.37,4.96,2026-09-13T00:00:00,2026-11-13T00:00:00,,in_progress,39,Buckingham Canal - Okkiyam stretch,12.906025,80.221449,TLK-SHN,28.6,0.0,-10.4,"Chennai Lakes Sub-Division, Ambattur"
PWD-WRK-01102,"Repairs to shutters of Otteri Nullah Regulator, Basin Bridge",sluice_repair,PWD-AST-0052,PWD-OFF-013,50.75,24.21,2026-09-17T00:00:00,2026-10-22T00:00:00,,in_progress,60,"Otteri Nullah Regulator, Basin Bridge",13.084547,80.256183,TLK-PSW,47.7,0.0,-12.3,Cooum Basin Division
PWD-WRK-01103,Desilting of Valasaravakkam Macro Drain (Ch. 1.07-3.49 km),desilting,PWD-AST-0046,PWD-OFF-013,10.16,4.14,2026-09-14T00:00:00,2026-10-28T00:00:00,,in_progress,55,Valasaravakkam Macro Drain,13.064607,80.165757,TLK-MDR,40.7,0.0,-14.3,Cooum Basin Division
PWD-WRK-01104,Desilting of Captain Cotton Canal - Vyasarpadi stretch (Ch. 1.50-3.31 km),desilting,PWD-AST-0033,PWD-OFF-018,32.79,10.11,2026-09-01T00:00:00,2026-11-24T00:00:00,,in_progress,45,Captain Cotton Canal - Vyasarpadi stretch,13.116504,80.238499,TLK-PRB,30.8,0.0,-14.2,North Chennai Drainage Sub-Division
PWD-WRK-01105,Desilting & removal of water hyacinth in Otteri Nullah - Perambur stretch,desilting,PWD-AST-0032,PWD-OFF-015,32.89,11.75,2026-09-16T00:00:00,2026-11-04T00:00:00,,in_progress,43,Otteri Nullah - Perambur stretch,13.117033,80.234899,TLK-PRB,35.7,0.0,-7.3,Buckingham Canal & Otteri Nullah Division
PWD-WRK-01109,Repairs & rehabilitation of Okkiyam Madavu Bridge,bridge_repair,PWD-AST-0082,PWD-OFF-012,230.86,0.0,2026-10-03T00:00:00,2026-12-29T00:00:00,,sanctioned,0,Okkiyam Madavu Bridge,12.907601,80.223651,TLK-SHN,0.0,0.0,0.0,Adyar Basin Division
PWD-WRK-01113,Pre-monsoon desilting of Adyar River - Saidapet stretch - 2026-27,desilting,PWD-AST-0016,PWD-OFF-017,17.07,0.13,2026-10-04T00:00:00,2026-11-07T00:00:00,,in_progress,1,Adyar River - Saidapet stretch,13.01231,80.208576,TLK-GND,0.8,0.0,-0.2,"Adyar Sub-Division, Saidapet"
PWD-WRK-01116,Construction of additional block at Rajiv Gandhi Govt General Hospital - Tower Block,building_construction,PWD-AST-0062,PWD-OFF-009,539.1,3.29,2026-10-02T00:00:00,2028-06-29T00:00:00,,in_progress,1,Rajiv Gandhi Govt General Hospital - Tower Block,13.081306,80.270069,TLK-EGM,0.6,0.0,-0.4,"Buildings Sub-Division, Egmore"
PWD-WRK-01117,Repairs & renovation - King Institute of Preventive Medicine (2026-27),building_repair,PWD-AST-0069,PWD-OFF-004,10.38,0.57,2026-10-01T00:00:00,2026-11-15T00:00:00,,in_progress,7,King Institute of Preventive Medicine,13.006109,80.213798,TLK-GND,5.5,0.0,-1.5,"Buildings Division (South), Chennai"
PWD-WRK-01120,Desilting of Kathivakkam Macro Drain (Ch. 2.18-3.41 km),desilting,PWD-AST-0043,PWD-OFF-015,26.54,2.22,2026-10-01T00:00:00,2026-10-26T00:00:00,,in_progress,11,Kathivakkam Macro Drain,13.161752,80.303125,TLK-TVT,8.4,0.0,-2.6,Buckingham Canal & Otteri Nullah Division
PWD-WRK-01127,"Replacement of gates & hoist - Otteri Nullah Regulator, Basin Bridge",sluice_repair,PWD-AST-0052,PWD-OFF-013,16.61,0.63,2026-10-02T00:00:00,2026-11-13T00:00:00,,in_progress,5,"Otteri Nullah Regulator, Basin Bridge",13.084547,80.256183,TLK-PSW,3.8,0.0,-1.2,Cooum Basin Division
PWD-WRK-01130,Pre-monsoon desilting of Pallikaranai Marsh Outlet Drain - 2026-27,desilting,PWD-AST-0041,PWD-OFF-015,119.09,0.93,2026-10-03T00:00:00,2026-11-26T00:00:00,,in_progress,1,Pallikaranai Marsh Outlet Drain,12.903576,80.225516,TLK-SHN,0.8,0.0,-0.2,Buckingham Canal & Otteri Nullah Division
PWD-WRK-01136,Strengthening of Aminjikarai Cooum Bridge parapet & deck,bridge_repair,PWD-AST-0079,PWD-OFF-013,358.22,2.33,2026-10-03T00:00:00,2027-01-01T00:00:00,,in_progress,1,Aminjikarai Cooum Bridge,13.072253,80.222537,TLK-AMJ,0.7,0.0,-0.3,Cooum Basin Division
PWD-WRK-01137,Desilting & removal of water hyacinth in Virugambakkam-Arumbakkam Canal,desilting,PWD-AST-0034,PWD-OFF-013,10.24,0.08,2026-10-04T00:00:00,2026-12-22T00:00:00,,in_progress,1,Virugambakkam-Arumbakkam Canal,13.063439,80.174712,TLK-MDR,0.8,0.0,-0.2,Cooum Basin Division
PWD-WRK-01142,Desilting & removal of water hyacinth in Adambakkam Lake,desilting,PWD-AST-0001,PWD-OFF-016,27.92,0.25,2026-10-04T00:00:00,2026-12-22T00:00:00,,in_progress,1,Adambakkam Lake,12.99737,80.201093,TLK-ALD,0.9,0.0,-0.1,"Chennai Lakes Sub-Division, Ambattur"
