facility_id,type,name,lat,lon,taluk_code,precision_m,source,capacity,relevance,downstream_taluks,specialties,address,in_district,basin,same_as
PS-ALD-01,police_station,Alandur Police Station,13.002,80.2005,TLK-ALD,30.0,police,,,,,,,,
PS-ALD-02,police_station,St. Thomas Mount Police Station,12.996,80.196,TLK-ALD,30.0,police,,,,,,,,
PS-ALD-03,police_station,Adambakkam Police Station,12.9895,80.2055,TLK-ALD,30.0,police,,,,,,,,
PS-ALD-04,police_station,Pazhavanthangal Police Station,12.985,80.1875,TLK-ALD,30.0,police,,,,,,,,
PS-AMB-01,police_station,Ambattur Police Station,13.115,80.156,TLK-AMB,30.0,police,,,,,,,,
PS-AMB-02,police_station,Ambattur Estate Police Station,13.1,80.164,TLK-AMB,30.0,police,,,,,,,,
PS-AMB-03,police_station,Mogappair Police Station,13.0845,80.176,TLK-AMB,30.0,police,,,,,,,,
PS-AMB-04,police_station,Korattur Police Station,13.1085,80.184,TLK-AMB,30.0,police,,,,,,,,
PS-AMJ-01,police_station,Aminjikarai Police Station,13.0735,80.2235,TLK-AMJ,30.0,police,,,,,,,,
PS-AMJ-02,police_station,Anna Nagar Police Station,13.086,80.211,TLK-AMJ,30.0,police,,,,,,,,
PS-AMJ-03,police_station,Thirumangalam Police Station,13.0855,80.202,TLK-AMJ,30.0,police,,,,,,,,
PS-AYN-01,police_station,Ayanavaram Police Station,13.099,80.232,TLK-AYN,30.0,police,,,,,,,,
PS-AYN-02,police_station,Villivakkam Police Station,13.1075,80.209,TLK-AYN,30.0,police,,,,,,,,
PS-AYN-03,police_station,Kolathur Police Station,13.123,80.213,TLK-AYN,30.0,police,,,,,,,,
PS-AYN-04,police_station,ICF Police Station,13.094,80.217,TLK-AYN,30.0,police,,,,,,,,
PS-EGM-01,police_station,Egmore Police Station,13.074,80.26,TLK-EGM,30.0,police,,,,,,,,
PS-EGM-02,police_station,Periamet Police Station,13.0835,80.268,TLK-EGM,30.0,police,,,,,,,,
PS-EGM-03,police_station,Vepery Police Station,13.0855,80.259,TLK-EGM,30.0,police,,,,,,,,
PS-EGM-04,police_station,Chintadripet Police Station,13.0735,80.271,TLK-EGM,30.0,police,,,,,,,,
PS-GND-01,police_station,Guindy Police Station,13.008,80.22,TLK-GND,30.0,police,,,,,,,,
PS-GND-02,police_station,Saidapet Police Station,13.022,80.224,TLK-GND,30.0,police,,,,,,,,
PS-GND-03,police_station,Kotturpuram Police Station,13.0185,80.241,TLK-GND,30.0,police,,,,,,,,
PS-MDV-01,police_station,Madhavaram Police Station,13.148,80.23,TLK-MDV,30.0,police,,,,,,,,
PS-MDV-02,police_station,Puzhal Police Station,13.1585,80.205,TLK-MDV,30.0,police,,,,,,,,
PS-MDV-03,police_station,Madhavaram Milk Colony Police Station,13.1515,80.241,TLK-MDV,30.0,police,,,,,,,,
PS-MDR-01,police_station,Maduravoyal Police Station,13.0665,80.166,TLK-MDR,30.0,police,,,,,,,,
PS-MDR-02,police_station,Valasaravakkam Police Station,13.0405,80.173,TLK-MDR,30.0,police,,,,,,,,
PS-MDR-03,police_station,Porur Police Station,13.036,80.159,TLK-MDR,30.0,police,,,,,,,,
PS-MDR-04,police_station,Koyambedu Police Station,13.0695,80.194,TLK-MDR,30.0,police,,,,,,,,
PS-MBM-01,police_station,Pondy Bazaar Police Station,13.041,80.2345,TLK-MBM,30.0,police,,,,,,,,
PS-MBM-02,police_station,Mambalam Police Station,13.0385,80.223,TLK-MBM,30.0,police,,,,,,,,
PS-MBM-03,police_station,K.K. Nagar Police Station,13.0395,80.2,TLK-MBM,30.0,police,,,,,,,,
PS-MBM-04,police_station,Vadapalani Police Station,13.0505,80.213,TLK-MBM,30.0,police,,,,,,,,
PS-MYL-01,police_station,Mylapore Police Station,13.0345,80.267,TLK-MYL,30.0,police,,,,,,,,
PS-MYL-02,police_station,Royapettah Police Station,13.0545,80.263,TLK-MYL,30.0,police,,,,,,,,
PS-MYL-03,police_station,Triplicane Police Station,13.0585,80.276,TLK-MYL,30.0,police,,,,,,,,
PS-MYL-04,police_station,Teynampet Police Station,13.0405,80.2495,TLK-MYL,30.0,police,,,,,,,,
PS-PRB-01,police_station,Sembiam Police Station,13.1175,80.2395,TLK-PRB,30.0,police,,,,,,,,
PS-PRB-02,police_station,Vyasarpadi Police Station,13.1155,80.251,TLK-PRB,30.0,police,,,,,,,,
PS-PRB-03,police_station,Kodungaiyur Police Station,13.1325,80.249,TLK-PRB,30.0,police,,,,,,,,
PS-PRB-04,police_station,M.K.B. Nagar Police Station,13.1245,80.257,TLK-PRB,30.0,police,,,,,,,,
PS-PSW-01,police_station,Kilpauk Police Station,13.083,80.241,TLK-PSW,30.0,police,,,,,,,,
PS-PSW-02,police_station,Pulianthope Police Station,13.0955,80.263,TLK-PSW,30.0,police,,,,,,,,
PS-PSW-03,police_station,Chetpet Police Station,13.0735,80.2445,TLK-PSW,30.0,police,,,,,,,,
PS-SHN-01,police_station,Semmancheri Police Station,12.849,80.225,TLK-SHN,30.0,police,,,,,,,,
PS-SHN-02,police_station,Thoraipakkam Police Station,12.9385,80.233,TLK-SHN,30.0,police,,,,,,,,
PS-SHN-03,police_station,Neelankarai Police Station,12.9495,80.254,TLK-SHN,30.0,police,,,,,,,,
PS-SHN-04,police_station,Kannagi Nagar Police Station,12.9335,80.232,TLK-SHN,30.0,police,,,,,,,,
PS-TVT-01,police_station,Thiruvottiyur Police Station,13.1645,80.299,TLK-TVT,30.0,police,,,,,,,,
PS-TVT-02,police_station,Ennore Police Station,13.212,80.321,TLK-TVT,30.0,police,,,,,,,,
PS-TVT-03,police_station,Manali Police Station,13.1675,80.262,TLK-TVT,30.0,police,,,,,,,,
PS-TVT-04,police_station,Sathangadu Police Station,13.156,80.29,TLK-TVT,30.0,police,,,,,,,,
PS-TDP-01,police_station,Tondiarpet Police Station,13.1255,80.2875,TLK-TDP,30.0,police,,,,,,,,
PS-TDP-02,police_station,Royapuram Police Station,13.1135,80.293,TLK-TDP,30.0,police,,,,,,,,
PS-TDP-03,police_station,Flower Bazaar Police Station,13.094,80.285,TLK-TDP,30.0,police,,,,,,,,
PS-TDP-04,police_station,Kasimedu Fishing Harbour Police Station,13.1245,80.297,TLK-TDP,30.0,police,,,,,,,,
PS-VLC-01,police_station,Velachery Police Station,12.982,80.219,TLK-VLC,30.0,police,,,,,,,,
PS-VLC-02,police_station,Adyar Police Station,13.002,80.2555,TLK-VLC,30.0,police,,,,,,,,
PS-VLC-03,police_station,Thiruvanmiyur Police Station,12.9835,80.263,TLK-VLC,30.0,police,,,,,,,,
PS-VLC-04,police_station,Pallikaranai Police Station,12.939,80.206,TLK-VLC,30.0,police,,,,,,,,
PWD-AST-0001,lake,Adambakkam Lake,12.99737,80.201093,TLK-ALD,100.0,pwd,28.0,inside,,,,,,
PWD-AST-0002,lake,Palavanthangal Lake,12.990992,80.204358,TLK-ALD,100.0,pwd,14.0,inside,,,,,,
PWD-AST-0003,lake,Ambattur Lake,13.11353,80.152945,TLK-AMB,100.0,pwd,110.0,inside,,,,,,
PWD-AST-0004,lake,Korattur Lake,13.107168,80.157596,TLK-AMB,100.0,pwd,150.0,inside,,,,,,
PWD-AST-0005,lake,Mogappair Eri,13.112793,80.155048,TLK-AMB,100.0,pwd,18.0,inside,,,,,,
PWD-AST-0006,lake,Kolathur Lake,13.099426,80.230704,TLK-AYN,100.0,pwd,30.0,inside,,,,,,
PWD-AST-0007,lake,Chetpet Lake,13.08196,80.26155,TLK-EGM,100.0,pwd,6.0,inside,,,,,,
PWD-AST-0008,lake,Madhavaram Lake,13.147624,80.232884,TLK-MDV,100.0,pwd,65.0,inside,,,,,,
PWD-AST-0009,lake,Retteri Lake,13.149649,80.228598,TLK-MDV,100.0,pwd,95.0,inside,,,,,,
PWD-AST-0010,lake,Porur Lake,13.058283,80.172743,TLK-MDR,100.0,pwd,48.0,inside,,,,,,
PWD-AST-0011,lake,Nolambur Lake,13.067293,80.167126,TLK-MDR,100.0,pwd,12.0,inside,,,,,,
PWD-AST-0012,lake,Perungudi Lake,12.907419,80.228015,TLK-SHN,100.0,pwd,40.0,inside,,,,,,
PWD-AST-0013,lake,Velachery Lake,12.979938,80.218987,TLK-VLC,100.0,pwd,22.0,inside,,,,,,
PWD-AST-0014,river_stretch,Adyar River - Nandambakkam stretch,12.995742,80.205946,TLK-ALD,100.0,pwd,,inside,,,,,,
PWD-AST-0015,river_stretch,Adyar River - Jafferkhanpet stretch,13.008677,80.217664,TLK-GND,100.0,pwd,,inside,,,,,,
PWD-AST-0016,river_stretch,Adyar River - Saidapet stretch,13.01231,80.208576,TLK-GND,100.0,pwd,,inside,,,,,,
PWD-AST-0017,river_stretch,Adyar River - Kotturpuram stretch,13.031146,80.265396,TLK-MYL,100.0,pwd,,inside,,,,,,
PWD-AST-0018,river_stretch,Adyar River - Estuary stretch,13.033695,80.275006,TLK-MYL,100.0,pwd,,inside,,,,,,
PWD-AST-0019,river_stretch,Cooum River - Nerkundram stretch,13.063987,80.16876,TLK-MDR,100.0,pwd,,inside,,,,,,
PWD-AST-0020,river_stretch,Cooum River - Koyambedu stretch,13.064718,80.175012,TLK-MDR,100.0,pwd,,inside,,,,,,
PWD-AST-0021,river_stretch,Cooum River - Arumbakkam stretch,13.078697,80.225338,TLK-AMJ,100.0,pwd,,inside,,,,,,
PWD-AST-0022,river_stretch,Cooum River - Chetpet stretch,13.079798,80.261687,TLK-EGM,100.0,pwd,,inside,,,,,,
PWD-AST-0023,river_stretch,Kosasthalaiyar River - Manali stretch,13.158409,80.30357,TLK-TVT,100.0,pwd,,inside,,,,,,
PWD-AST-0024,canal,Buckingham Canal - Ennore stretch,13.162067,80.29925,TLK-TVT,100.0,pwd,,inside,,,,,,
PWD-AST-0025,canal,Buckingham Canal - Korukkupet stretch,13.133708,80.286246,TLK-TDP,100.0,pwd,,inside,,,,,,
PWD-AST-0026,canal,Buckingham Canal - Basin Bridge stretch,13.084717,80.254876,TLK-PSW,100.0,pwd,,inside,,,,,,
PWD-AST-0027,canal,Buckingham Canal - Mandaveli stretch,13.033476,80.261247,TLK-MYL,100.0,pwd,,inside,,,,,,
PWD-AST-0028,canal,Buckingham Canal - Thiruvanmiyur stretch,12.984591,80.220186,TLK-VLC,100.0,pwd,,inside,,,,,,
PWD-AST-0029,canal,Buckingham Canal - Okkiyam stretch,12.906025,80.221449,TLK-SHN,100.0,pwd,,inside,,,,,,
PWD-AST-0030,canal,Otteri Nullah - Kilpauk stretch,13.095375,80.257882,TLK-PSW,100.0,pwd,,inside,,,,,,
PWD-AST-0031,canal,Otteri Nullah - Ayanavaram stretch,13.09896,80.236564,TLK-AYN,100.0,pwd,,inside,,,,,,
PWD-AST-0032,canal,Otteri Nullah - Perambur stretch,13.117033,80.234899,TLK-PRB,100.0,pwd,,inside,,,,,,
PWD-AST-0033,canal,Captain Cotton Canal - Vyasarpadi stretch,13.116504,80.238499,TLK-PRB,100.0,pwd,,inside,,,,,,
PWD-AST-0034,canal,Virugambakkam-Arumbakkam Canal,13.063439,80.174712,TLK-MDR,100.0,pwd,,inside,,,,,,
PWD-AST-0035,canal,Veerangal Odai,12.979998,80.222486,TLK-VLC,100.0,pwd,,inside,,,,,,
PWD-AST-0036,drain,Anna Nagar Macro Drain,13.071604,80.222359,TLK-AMJ,100.0,pwd,,inside,,,,,,
PWD-AST-0037,drain,Villivakkam Macro Drain,13.094544,80.236872,TLK-AYN,100.0,pwd,,inside,,,,,,
PWD-AST-0038,drain,Mambalam Canal Macro Drain,13.032058,80.222838,TLK-MBM,100.0,pwd,,inside,,,,,,
PWD-AST-0039,drain,Nanganallur Macro Drain,12.995184,80.197501,TLK-ALD,100.0,pwd,,inside,,,,,,
PWD-AST-0040,drain,Guindy Industrial Estate Storm Water Channel,13.010434,80.209192,TLK-GND,100.0,pwd,,inside,,,,,,
PWD-AST-0041,drain,Pallikaranai Marsh Outlet Drain,12.903576,80.225516,TLK-SHN,100.0,pwd,,inside,,,,,,
PWD-AST-0042,drain,Kodungaiyur Canal,13.111371,80.231612,TLK-PRB,100.0,pwd,,inside,,,,,,
PWD-AST-0043,drain,Kathivakkam Macro Drain,13.161752,80.303125,TLK-TVT,100.0,pwd,,inside,,,,,,
PWD-AST-0044,drain,Tondiarpet Macro Drain,13.124239,80.287755,TLK-TDP,100.0,pwd,,inside,,,,,,
PWD-AST-0045,drain,Madhavaram Surplus Drain,13.144554,80.237865,TLK-MDV,100.0,pwd,,inside,,,,,,
PWD-AST-0046,drain,Valasaravakkam Macro Drain,13.064607,80.165757,TLK-MDR,100.0,pwd,,inside,,,,,,
PWD-AST-0047,sluice,Velachery Lake Surplus Sluice,12.978818,80.222814,TLK-VLC,100.0,pwd,,inside,,,,,,
PWD-AST-0048,sluice,Ambattur Lake Sluice,13.112066,80.153974,TLK-AMB,100.0,pwd,,inside,,,,,,
PWD-AST-0049,sluice,Korattur Lake Sluice,13.105095,80.157042,TLK-AMB,100.0,pwd,,inside,,,,,,
PWD-AST-0050,sluice,Retteri Lake Sluice,13.151695,80.229174,TLK-MDV,100.0,pwd,,inside,,,,,,
PWD-AST-0051,sluice,Adambakkam Lake Sluice,12.993358,80.199717,TLK-ALD,100.0,pwd,,inside,,,,,,
PWD-AST-0052,sluice,"Otteri Nullah Regulator, Basin Bridge",13.084547,80.256183,TLK-PSW,100.0,pwd,,inside,,,,,,
PWD-AST-0053,sluice,Ennore Creek Regulator,13.162631,80.300394,TLK-TVT,100.0,pwd,,inside,,,,,,
PWD-AST-0054,bund,Adyar River Bund - Jafferkhanpet,13.006997,80.221169,TLK-GND,100.0,pwd,,inside,,,,,,
PWD-AST-0055,bund,Adyar River Bund - Kotturpuram,13.02953,80.264971,TLK-MYL,100.0,pwd,,inside,,,,,,
PWD-AST-0056,bund,Cooum River Bund - Arumbakkam,13.078195,80.223654,TLK-AMJ,100.0,pwd,,inside,,,,,,
PWD-AST-0057,bund,Velachery Lake Bund,12.978403,80.219815,TLK-VLC,100.0,pwd,,inside,,,,,,
PWD-AST-0058,bund,Retteri Lake Bund,13.14942,80.230218,TLK-MDV,100.0,pwd,,inside,,,,,,
PWD-AST-0059,bund,Korattur Lake Bund,13.107742,80.157032,TLK-AMB,100.0,pwd,,inside,,,,,,
PWD-AST-0060,bund,Kosasthalaiyar Bund - Manali,13.161052,80.302257,TLK-TVT,100.0,pwd,,inside,,,,,,
PWD-AST-0061,bund,Porur Lake Bund,13.05784,80.170996,TLK-MDR,100.0,pwd,,inside,,,,,,
PWD-AST-0062,govt_building,Rajiv Gandhi Govt General Hospital - Tower Block,13.081306,80.270069,TLK-EGM,100.0,pwd,,inside,,,,,,
PWD-AST-0063,govt_building,"Institute of Child Health, Egmore",13.079334,80.258576,TLK-EGM,100.0,pwd,,inside,,,,,,
PWD-AST-0064,govt_building,Govt Kilpauk Medical College Hospital,13.093366,80.255223,TLK-PSW,100.0,pwd,,inside,,,,,,
PWD-AST-0065,govt_building,Govt Stanley Hospital - OP Block,13.127999,80.290793,TLK-TDP,100.0,pwd,,inside,,,,,,
PWD-AST-0066,govt_building,Govt Royapettah Hospital,13.031452,80.265958,TLK-MYL,100.0,pwd,,inside,,,,,,
PWD-AST-0067,govt_building,"Govt Peripheral Hospital, Periyar Nagar",13.100215,80.229443,TLK-AYN,100.0,pwd,,inside,,,,,,
PWD-AST-0068,govt_building,"Govt Peripheral Hospital, K.K. Nagar",13.038361,80.221086,TLK-MBM,100.0,pwd,,inside,,,,,,
PWD-AST-0069,govt_building,King Institute of Preventive Medicine,13.006109,80.213798,TLK-GND,100.0,pwd,,inside,,,,,,
PWD-AST-0070,govt_building,"Govt Hr Sec School, Ashok Nagar",13.034198,80.226733,TLK-MBM,100.0,pwd,,inside,,,,,,
PWD-AST-0071,govt_building,"Govt Girls Hr Sec School, Ambattur",13.114139,80.154929,TLK-AMB,100.0,pwd,,inside,,,,,,
PWD-AST-0072,govt_building,"Govt Polytechnic College, Taramani",12.981574,80.213362,TLK-VLC,100.0,pwd,,inside,,,,,,
PWD-AST-0073,govt_building,Ezhilagam Govt Office Complex,13.030363,80.269569,TLK-MYL,100.0,pwd,,inside,,,,,,
PWD-AST-0074,govt_building,"Collectorate Building, Rajaji Salai",13.119395,80.287464,TLK-TDP,100.0,pwd,,inside,,,,,,
PWD-AST-0075,govt_building,Sholinganallur Taluk Office,12.898182,80.227821,TLK-SHN,100.0,pwd,,inside,,,,,,
PWD-AST-0076,bridge,"Maraimalai Adigal Bridge, Saidapet",13.012174,80.209487,TLK-GND,100.0,pwd,,inside,,,,,,
PWD-AST-0077,bridge,"Thiru. Vi. Ka. Bridge, Adyar",13.033868,80.25887,TLK-MYL,100.0,pwd,,inside,,,,,,
PWD-AST-0078,bridge,Napier Bridge,13.032077,80.268082,TLK-MYL,100.0,pwd,,inside,,,,,,
PWD-AST-0079,bridge,Aminjikarai Cooum Bridge,13.072253,80.222537,TLK-AMJ,100.0,pwd,,inside,,,,,,
PWD-AST-0080,bridge,Basin Bridge,13.083164,80.255966,TLK-PSW,100.0,pwd,,inside,,,,,,
PWD-AST-0081,bridge,Manali Kosasthalaiyar Causeway,13.160959,80.30162,TLK-TVT,100.0,pwd,,inside,,,,,,
PWD-AST-0082,bridge,Okkiyam Madavu Bridge,12.907601,80.223651,TLK-SHN,100.0,pwd,,inside,,,,,,
PWD-AST-0083,lake,Chembarambakkam Reservoir,12.972,80.052,,100.0,pwd,3645.0,upstream,TLK-ALD|TLK-GND|TLK-MBM|TLK-MYL|TLK-VLC,,,,,
PWD-AST-0084,lake,Puzhal Reservoir (Red Hills),13.164,80.178,,100.0,pwd,3300.0,upstream,TLK-MDV|TLK-TVT|TLK-AMB|TLK-PRB,,,,,
PWD-AST-0085,lake,Poondi Reservoir (Sathyamoorthy Sagar),13.194,79.86,,100.0,pwd,3231.0,upstream,TLK-MDV|TLK-TVT,,,,,
PWD-AST-0086,lake,Cholavaram Reservoir,13.23,80.145,,100.0,pwd,1081.0,upstream,TLK-MDV|TLK-TVT,,,,,
PWD-AST-0087,lake,Kannankottai-Thervoy Kandigai Reservoir,13.4,79.965,,100.0,pwd,500.0,upstream,TLK-MDV|TLK-TVT,,,,,
HSP-government-peripheral-hospital-anna-naga,hospital,Government Peripheral Hospital Anna Nagar,13.087,80.21,TLK-AMJ,50.0,hospital,200.0,,,"General Medicine, Gynecology","Anna Nagar, Chennai 600102",True,,
HSP-government-royapettah-hospital,hospital,Government Royapettah Hospital,13.054,80.264,TLK-MYL,50.0,hospital,849.0,,,"Orthopedics, Neurology","Royapettah, Chennai 600014",True,,
HSP-govt-hospital-for-thoracic-medicine,hospital,Govt Hospital for Thoracic Medicine,12.9405,80.132,TLK-TBM,50.0,hospital,750.0,,,"Pulmonology, Tuberculosis","Tambaram, Chennai 600047",False,,
HSP-institute-of-child-health-and-hospital,hospital,Institute of Child Health and Hospital,13.0745,80.258,TLK-EGM,50.0,hospital,999.0,,,"Pediatrics, Neonatology","Egmore, Chennai 600008",True,,
HSP-kilpauk-medical-college-and-hospital,hospital,Kilpauk Medical College and Hospital,13.0785,80.2425,TLK-PSW,50.0,hospital,1200.0,,,"Dermatology, Psychiatry","Kilpauk, Chennai 600010",True,,
HSP-obstetrics-and-gynecology-hospital-egmor,hospital,Obstetrics and Gynecology Hospital Egmore,13.077,80.261,TLK-EGM,50.0,hospital,798.0,,,"Maternal Healthcare, Neonatology","Egmore, Chennai 600008",True,,
HSP-rajiv-gandhi-government-general-hospital,hospital,Rajiv Gandhi Government General Hospital,13.0823,80.2757,TLK-TDP,50.0,hospital,2993.0,,,"General Medicine, Cardiology","Park Town, Chennai 600003",True,,
HSP-stanley-medical-college-and-hospital,hospital,Stanley Medical College and Hospital,13.106,80.2872,TLK-TDP,50.0,hospital,1792.0,,,"Plastic Surgery, Liver Transplant","Royapuram, Chennai 600001",True,,
HSP-tamil-nadu-govt-multi-super-specialty-ho,hospital,Tamil Nadu Govt Multi-Super Specialty Hospital,13.069,80.275,TLK-MYL,50.0,hospital,500.0,,,"Neurology, Gastroenterology","Anna Salai, Chennai 600035",True,,
IMD-43278,weather_station,Chennai-Nungambakkam,13.07,80.2,,100.0,imd,,,,,,,,
IMD-43279,weather_station,Chennai-Meenambakkam,13.0,80.18,,100.0,imd,,,,,,,,
IMD-99948,weather_station,Chennai-Ennore,13.266667,80.333333,,100.0,imd,,,,,,,,
IMD-99947,weather_station,Chennai-Madhavaram,13.15,80.216667,,100.0,imd,,,,,,,,
CPCB-alandur_bus_depot_chennai_cpcb,air_quality_station,"Alandur Bus Depot, Chennai - CPCB",13.0002,80.201,,800.0,cpcb,,,,,,,,
CPCB-arumbakkam_chennai_tnpcb,air_quality_station,"Arumbakkam, Chennai - TNPCB",13.0724,80.2106,,800.0,cpcb,,,,,,,,
CPCB-gandhi_nagar_ennore_chennai_tnpcb,air_quality_station,"Gandhi Nagar_Ennore, Chennai - TNPCB",13.2144,80.3195,,1500.0,cpcb,,,,,,,,
CPCB-kodungaiyur_chennai_tnpcb,air_quality_station,"Kodungaiyur, Chennai - TNPCB",13.1375,80.2478,,800.0,cpcb,,,,,,,,
CPCB-manali_chennai_cpcb,air_quality_station,"Manali, Chennai - CPCB",13.1668,80.261,,1000.0,cpcb,,,,,,,,
CPCB-manali_village_chennai_tnpcb,air_quality_station,"Manali Village, Chennai - TNPCB",13.177,80.27,,1500.0,cpcb,,,,,,,,
CPCB-perungudi_chennai_tnpcb,air_quality_station,"Perungudi, Chennai - TNPCB",12.9654,80.2461,,1000.0,cpcb,,,,,,,,
CPCB-royapuram_chennai_tnpcb,air_quality_station,"Royapuram, Chennai - TNPCB",13.1137,80.2954,,800.0,cpcb,,,,,,,,
CPCB-velachery_res_area_chennai_cpcb,air_quality_station,"Velachery Res. Area, Chennai - CPCB",12.9815,80.218,,1500.0,cpcb,,,,,,,,
RD001,gate_site,Red Hills,13.164,80.178,,1500.0,cfm,,upstream,,,,,,Puzhal Reservoir (Red Hills)
TNCH-07-T0726,gate_site,Chembarambakkam Tank,12.972,80.052,,1500.0,cfm,,upstream,,,,,,Chembarambakkam Reservoir
CFM-100,river_gauge,Tirumeermalai Bridge,12.958,80.117,,2000.0,cfm,,upstream,TLK-ALD|TLK-GND|TLK-MBM|TLK-MYL|TLK-VLC,,,,Adyar,
CFM-103,river_gauge,Saidapet Bridge,13.0237,80.226,,500.0,cfm,,inside_chennai,TLK-ALD|TLK-GND|TLK-MBM|TLK-MYL|TLK-VLC,,,,Adyar,
CFM-104,river_gauge,TVK Bridge,13.013,80.256,,800.0,cfm,,inside_chennai,TLK-ALD|TLK-GND|TLK-MBM|TLK-MYL|TLK-VLC,,,,Adyar,
CFM-106,river_gauge,Basin Bridge,,,,,cfm,,upstream,TLK-MDR|TLK-AMJ|TLK-EGM|TLK-PSW|TLK-MYL,,,,Cooum,
CFM-107,river_gauge,Captain Cotton Bridge,13.074,80.265,,1500.0,cfm,,inside_chennai,TLK-MDR|TLK-AMJ|TLK-EGM|TLK-PSW|TLK-MYL,,,,Cooum,
CFM-111,river_gauge,Aminjikarai Bridge,13.072,80.224,,800.0,cfm,,inside_chennai,TLK-MDR|TLK-AMJ|TLK-EGM|TLK-PSW|TLK-MYL,,,,Cooum,
CFM-112,river_gauge,Napier Bridge,13.068,80.283,,500.0,cfm,,inside_chennai,TLK-MDR|TLK-AMJ|TLK-EGM|TLK-PSW|TLK-MYL,,,,Cooum,
CFM-115,river_gauge,Paruthipattu Anicut,13.098,80.074,,3000.0,cfm,,upstream,TLK-MDR|TLK-AMJ|TLK-EGM|TLK-PSW|TLK-MYL,,,,Cooum,
CFM-116,river_gauge,ORRCooum Bridge,13.08,80.09,,3000.0,cfm,,upstream,TLK-MDR|TLK-AMJ|TLK-EGM|TLK-PSW|TLK-MYL,,,,Cooum,
CFM-117,river_gauge,Korattur Anicut,13.076,80.125,,3000.0,cfm,,upstream,TLK-MDR|TLK-AMJ|TLK-EGM|TLK-PSW|TLK-MYL,,,,Cooum,
CFM-118,river_gauge,Manali Bridge,13.175,80.25,,1500.0,cfm,,inside_chennai,TLK-MDV|TLK-TVT|TLK-AMB,,,,Kosasthalayar,
CFM-119,river_gauge,Ennore Bridge,13.22,80.32,,1000.0,cfm,,inside_chennai,TLK-MDV|TLK-TVT|TLK-AMB,,,,Kosasthalayar,
CFM-120,river_gauge,Vichoor Bridge,13.21,80.26,,3000.0,cfm,,upstream,TLK-MDV|TLK-TVT|TLK-AMB,,,,Kosasthalayar,
CFM-121,river_gauge,Vallur Anicut,13.235,80.28,,3000.0,cfm,,upstream,TLK-MDV|TLK-TVT|TLK-AMB,,,,Kosasthalayar,
CFM-124,river_gauge,Sholinganallur Bridge,12.901,80.2279,,1000.0,cfm,,inside_chennai,TLK-SHN|TLK-VLC,,,,Kovalam,
CFM-125,river_gauge,VeerangalOdai,12.978,80.215,,1500.0,cfm,,inside_chennai,TLK-SHN|TLK-VLC,,,,Kovalam,
CFM-126,river_gauge,OkkiumMaduvu Bridge,12.93,80.235,,1500.0,cfm,,inside_chennai,TLK-SHN|TLK-VLC,,,,Kovalam,
CFM-130,river_gauge,Tamaraipakkam Upper Supply Channel D/s bridge,13.25,80.09,,3000.0,cfm,,upstream,TLK-MDV|TLK-TVT|TLK-AMB,,,,Kosasthalayar,
CFM-131,river_gauge,Uriyur bridge across Kosasthalayar River (Second location),13.2,80.05,,3000.0,cfm,,upstream,TLK-MDV|TLK-TVT|TLK-AMB,,,,Kosasthalayar,
CFM-132,river_gauge,"Kodungaiyur dumpyard road bridge, Kodungaiyur Canal",13.1375,80.256,,1000.0,cfm,,inside_chennai,TLK-MDR|TLK-AMJ|TLK-EGM|TLK-PSW|TLK-MYL,,,,Cooum,
CFM-133,river_gauge,"Erukkancherry High Road bridge, Otteri Nullah",13.125,80.256,,1000.0,cfm,,inside_chennai,TLK-MDR|TLK-AMJ|TLK-EGM|TLK-PSW|TLK-MYL,,,,Cooum,
CFM-134,river_gauge,Nelson Manickam road bridge across Arumbakkam drain,13.069,80.228,,1000.0,cfm,,inside_chennai,TLK-MDR|TLK-AMJ|TLK-EGM|TLK-PSW|TLK-MYL,,,,Cooum,
CFM-135,river_gauge,Orathur madavu near Adanur Tank,12.89,80.07,,3000.0,cfm,,upstream,TLK-ALD|TLK-GND|TLK-MBM|TLK-MYL|TLK-VLC,,,,Adyar,
CFM-137,river_gauge,Anna Nagar 3rd avenue road bridge across Otteri Nullah,13.085,80.217,,800.0,cfm,,inside_chennai,TLK-MDR|TLK-AMJ|TLK-EGM|TLK-PSW|TLK-MYL,,,,Cooum,
CFM-138,river_gauge,Burma Nagar Main Road bridge across Redhills Surplus Channel,13.165,80.24,,1500.0,cfm,,inside_chennai,TLK-MDV|TLK-TVT|TLK-AMB,,,,Kosasthalayar,
CFM-98,river_gauge,ORR-Perungalathur Bridge,12.9,80.09,,3000.0,cfm,,upstream,TLK-ALD|TLK-GND|TLK-MBM|TLK-MYL|TLK-VLC,,,,Adyar,
