ward_no,zone_no,zone_name,taluk_code,taluk_vote_share,area_km2,centroid_lat,centroid_lon,adjacent_wards,flood_reports,incidents_30d,open_incidents,open_past_deadline,low_lying_index,gi_star_z_30d,hot_ward
1,1,Thiruvottiyur,TLK-TVT,1.0,1.831,13.225054,80.32431,2,6,9,2,1,0.275,-0.23,0
2,1,Thiruvottiyur,TLK-TVT,1.0,2.831,13.215249,80.320051,1|3|15,10,34,12,1,0.335,-0.49,0
3,1,Thiruvottiyur,TLK-TVT,1.0,2.956,13.198554,80.313241,2|4|5|15|16,6,28,12,2,0.17,-0.91,0
4,1,Thiruvottiyur,TLK-TVT,1.0,1.652,13.185652,80.302718,3|5|6|16,8,20,8,3,0.48,-1.28,0
5,1,Thiruvottiyur,TLK-TVT,1.0,2.618,13.174129,80.309669,3|4|6|7|8|10,16,17,8,2,0.605,-0.8,0
6,1,Thiruvottiyur,TLK-TVT,1.0,1.84,13.179084,80.296254,4|5|7|16|18,3,14,6,3,0.125,-2.11,0
7,1,Thiruvottiyur,TLK-TVT,1.0,7.737,13.153511,80.277337,5|6|10|11|12|13|18|21|29|37|38,10,10,6,3,0.105,-1.78,0
8,1,Thiruvottiyur,TLK-TVT,1.0,0.463,13.166423,80.305501,5|9|10,2,15,5,1,0.41,-0.41,0
9,1,Thiruvottiyur,TLK-TVT,1.0,0.516,13.163493,80.304236,8|10|11,15,17,13,5,0.945,-0.54,0
10,1,Thiruvottiyur,TLK-TVT,1.0,0.467,13.161622,80.300711,5|7|8|9|11,54,35,19,8,1.0,-1.12,0
11,1,Thiruvottiyur,TLK-TVT,1.0,1.199,13.155688,80.302493,7|9|10|12|14,6,14,3,2,0.505,-1.12,0
12,1,Thiruvottiyur,TLK-TVT,1.0,0.373,13.150077,80.297122,7|11|13|14,2,15,9,2,0.545,-1.76,0
13,1,Thiruvottiyur,TLK-TVT,1.0,0.439,13.147457,80.29505,7|12|14|39,6,14,7,4,0.82,-1.69,0
14,1,Thiruvottiyur,TLK-TVT,1.0,0.796,13.146722,80.299514,11|12|13|39,6,17,10,5,0.645,-1.54,0
15,2,Manali,TLK-TVT,0.0,8.693,13.216714,80.284127,2|3|16,1,11,6,2,0.005,-0.7,0
16,2,Manali,TLK-TVT,0.0,9.988,13.194318,80.272036,3|4|6|15|17|18,4,4,1,0,0.03,-2.07,0
17,2,Manali,TLK-MDV,0.0,6.647,13.181197,80.22804,16|18|19|22,5,8,4,1,0.06,-1.95,0
18,2,Manali,TLK-TVT,1.0,8.05,13.177581,80.263608,6|7|16|17|19|20|21,1,14,8,1,0.01,-2.63,0
19,2,Manali,TLK-MDV,1.0,4.118,13.17343,80.236991,17|18|20|22|23|27|28,4,19,11,3,0.085,-1.36,0
20,2,Manali,TLK-TVT,1.0,0.542,13.169397,80.25611,18|19|21|28,2,7,1,0,0.355,-1.17,0
21,2,Manali,TLK-TVT,1.0,1.955,13.167406,80.261251,7|18|20|29,4,23,10,6,0.175,-1.91,0
22,3,Madhavaram,TLK-MDV,1.0,3.993,13.171237,80.206539,17|19|23,6,20,7,3,0.12,-0.58,0
23,3,Madhavaram,TLK-MDV,1.0,2.915,13.159216,80.209587,19|22|24|25|26|27,9,33,20,7,0.255,-0.67,0
24,3,Madhavaram,TLK-KLT,0.0,4.71,13.141089,80.191185,23|25|26|32|82|83,2,14,6,3,0.035,-0.64,0
25,3,Madhavaram,TLK-MDV,1.0,2.539,13.149796,80.205642,23|24|26,2,11,5,2,0.065,-0.33,0
26,3,Madhavaram,TLK-MDV,0.99,4.809,13.141811,80.214936,23|24|25|27|30|31|32|33|64,11,28,20,6,0.19,-0.53,0
27,3,Madhavaram,TLK-MDV,1.0,3.198,13.161221,80.232739,19|23|26|28|30,17,18,10,8,0.53,0.41,0
28,3,Madhavaram,TLK-MDV,0.99,3.183,13.154036,80.250552,19|20|27|29|30|34,1,23,10,2,0.02,-1.31,0
29,3,Madhavaram,TLK-TVT,1.0,2.157,13.152199,80.262715,7|21|28|34|37,2,12,7,3,0.075,-1.36,0
30,3,Madhavaram,TLK-MDV,1.0,0.884,13.146562,80.236548,26|27|28|31|34,33,32,16,9,0.97,0.07,0
31,3,Madhavaram,TLK-MDV,1.0,1.594,13.139321,80.237401,26|30|33|34,9,30,13,2,0.56,-0.13,0
32,3,Madhavaram,TLK-MDV,1.0,0.783,13.131798,80.206848,24|26|65|83,8,9,3,1,0.73,-0.98,0
33,3,Madhavaram,TLK-MDV,0.87,2.584,13.12917,80.230269,26|31|64|66|68|69,5,12,4,1,0.155,1.86,0
34,4,Tondiarpet,TLK-MDV,0.57,2.371,13.141774,80.24644,28|29|30|31|35|37,7,12,7,4,0.245,0.18,0
35,4,Tondiarpet,TLK-PRB,0.84,1.751,13.12871,80.24851,34|36|37|44|69,9,40,22,7,0.51,0.62,0
36,4,Tondiarpet,TLK-PRB,1.0,1.517,13.122367,80.25209,35|37|44|45,5,36,24,3,0.29,0.95,0
37,4,Tondiarpet,TLK-PRB,0.81,4.327,13.131083,80.266617,7|29|34|35|36|38|41|45|46,6,21,13,6,0.115,-0.23,0
38,4,Tondiarpet,TLK-TDP,1.0,2.483,13.132264,80.281877,7|37|39|40|41|42|47,6,20,8,3,0.21,-0.56,0
39,4,Tondiarpet,TLK-TVT,1.0,1.031,13.138633,80.294033,13|14|38|40|43,4,16,6,2,0.37,-0.2,0
40,4,Tondiarpet,TLK-TDP,1.0,0.842,13.13407,80.289499,38|39|42|43,9,23,9,5,0.75,0.51,0
41,4,Tondiarpet,TLK-TDP,1.0,0.824,13.124098,80.27579,37|38|47,4,29,18,6,0.485,-0.04,0
42,4,Tondiarpet,TLK-TDP,1.0,0.578,13.120393,80.284089,38|40|43|47|48|49,21,27,11,7,0.965,0.5,0
43,4,Tondiarpet,TLK-TDP,1.0,0.947,13.124915,80.294876,39|40|42|49|50,25,45,31,6,0.93,1.03,0
44,4,Tondiarpet,TLK-PRB,1.0,0.66,13.118532,80.24869,35|36|45|69|70,3,20,8,3,0.43,1.47,0
45,4,Tondiarpet,TLK-PRB,1.0,1.115,13.113724,80.258209,36|37|44|46|70|72,12,26,10,2,0.76,0.05,0
46,4,Tondiarpet,TLK-TDP,1.0,1.011,13.11333,80.265885,37|45|47|53|72,6,20,11,2,0.59,-0.68,0
47,4,Tondiarpet,TLK-TDP,1.0,0.749,13.115788,80.276439,38|41|42|46|48|53,4,23,10,3,0.535,-0.39,0
48,4,Tondiarpet,TLK-TDP,1.0,0.476,13.11596,80.282215,42|47|49|51|53,4,13,6,5,0.68,-0.03,0
49,5,Royapuram,TLK-TDP,1.0,0.765,13.117706,80.288835,42|43|48|50|51|52,4,29,14,2,0.52,1.07,0
50,5,Royapuram,TLK-TDP,1.0,1.527,13.114311,80.296202,43|49|52,10,31,12,4,0.62,1.5,0
51,5,Royapuram,TLK-TDP,1.0,0.289,13.113054,80.285489,48|49|52|53,13,28,7,5,0.98,-0.09,0
52,5,Royapuram,TLK-TDP,1.0,1.09,13.107299,80.287264,49|50|51|53|55|56|60,4,25,11,4,0.35,0.27,0
53,5,Royapuram,TLK-TDP,1.0,1.361,13.107725,80.276615,46|47|48|51|52|54|55|72,6,20,12,9,0.42,-1.05,0
54,5,Royapuram,TLK-TDP,0.0,0.547,13.099877,80.276775,53|55|57|77,22,25,8,6,0.975,-0.5,0
55,5,Royapuram,TLK-TDP,1.0,0.574,13.098292,80.282407,52|53|54|56|57|60,8,9,5,4,0.83,-0.14,0
56,5,Royapuram,TLK-TDP,1.0,0.565,13.099152,80.286012,52|55|60,6,28,10,7,0.745,-0.2,0
57,5,Royapuram,TLK-TDP,1.0,0.824,13.09219,80.277947,54|55|59|60|77,8,26,13,5,0.71,0.24,0
58,5,Royapuram,TLK-EGM,0.74,2.42,13.084961,80.263513,59|61|62|63|77|78|104,42,85,58,17,0.87,4.72,1
59,5,Royapuram,TLK-EGM,0.99,2.177,13.078367,80.276223,57|58|60|62|63|77|114,7,37,16,4,0.26,2.82,1
60,5,Royapuram,TLK-TDP,0.95,5.755,13.082954,80.288035,52|55|56|57|59|114,19,27,11,5,0.295,0.18,0
61,5,Royapuram,TLK-EGM,1.0,2.245,13.070752,80.258145,58|63|104|107|111,38,65,39,11,0.865,4.91,1
62,5,Royapuram,TLK-EGM,1.0,0.636,13.074538,80.270648,58|59|63,18,33,18,7,0.94,3.91,1
63,5,Royapuram,TLK-EGM,1.0,1.18,13.0655,80.267263,58|59|61|62|111|114|115,7,33,22,8,0.585,4.13,1
64,6,Thiru-Vi-Ka-Nagar,TLK-AYN,0.91,2.401,13.122128,80.217224,26|33|65|66,11,28,11,1,0.44,-0.01,0
65,6,Thiru-Vi-Ka-Nagar,TLK-AYN,0.87,1.852,13.11879,80.211397,32|64|66|67|83|94|95,9,17,4,2,0.49,-0.62,0
66,6,Thiru-Vi-Ka-Nagar,TLK-AYN,0.57,1.656,13.118348,80.227941,33|64|65|67|68,29,32,15,4,0.875,0.93,0
67,6,Thiru-Vi-Ka-Nagar,TLK-PRB,0.79,0.985,13.111391,80.228928,65|66|68|69|95|96,19,16,9,7,0.89,1.41,0
68,6,Thiru-Vi-Ka-Nagar,TLK-PRB,1.0,0.889,13.118908,80.237541,33|66|67|69,24,63,34,8,0.935,1.33,0
69,6,Thiru-Vi-Ka-Nagar,TLK-PRB,0.79,1.739,13.113514,80.241231,33|35|44|67|68|70|71|96,20,30,21,4,0.785,1.34,0
70,6,Thiru-Vi-Ka-Nagar,TLK-PRB,1.0,1.485,13.108871,80.250887,44|45|69|71|72|73,14,32,15,5,0.695,-0.48,0
71,6,Thiru-Vi-Ka-Nagar,TLK-PRB,0.94,0.957,13.104104,80.246303,69|70|73|74,4,12,4,1,0.4,0.06,0
72,6,Thiru-Vi-Ka-Nagar,TLK-PSW,1.0,1.134,13.103197,80.266378,45|46|53|70|73|77,2,11,7,2,0.14,-0.42,0
73,6,Thiru-Vi-Ka-Nagar,TLK-PSW,0.89,0.807,13.100265,80.26027,70|71|72|75|76|77,8,18,8,1,0.72,-0.83,0
74,6,Thiru-Vi-Ka-Nagar,TLK-AYN,0.75,0.928,13.091879,80.245281,71|75|96|98|103|104,17,27,17,1,0.885,0.88,0
75,6,Thiru-Vi-Ka-Nagar,TLK-AYN,0.57,0.338,13.094093,80.252779,73|74|76|78|104,4,12,7,3,0.8,0.52,0
76,6,Thiru-Vi-Ka-Nagar,TLK-PSW,1.0,0.454,13.096604,80.258122,73|75|77|78,21,29,16,8,0.985,-0.35,0
77,6,Thiru-Vi-Ka-Nagar,TLK-PSW,1.0,0.669,13.094466,80.268465,54|57|58|59|72|73|76|78,7,24,15,2,0.735,1.93,0
78,6,Thiru-Vi-Ka-Nagar,TLK-PSW,0.96,0.657,13.090971,80.259737,58|75|76|77|104,15,25,12,5,0.905,2.7,1
79,7,Ambattur,TLK-AMB,0.0,2.056,13.133781,80.153319,80|81,22,12,3,1,0.755,-1.6,0
80,7,Ambattur,TLK-AMB,0.0,1.466,13.130282,80.160013,79|81|82,1,4,0,0,0.05,-1.28,0
81,7,Ambattur,TLK-AMB,1.0,1.658,13.11993,80.153203,79|80|82|85,21,21,13,8,0.815,-0.24,0
82,7,Ambattur,TLK-AMB,1.0,4.713,13.124784,80.170079,24|80|81|83|84|85,9,26,9,3,0.15,0.53,0
83,7,Ambattur,TLK-AMB,1.0,6.837,13.12513,80.186847,24|32|65|82|84|94,8,23,14,4,0.095,-0.17,0
84,7,Ambattur,TLK-AMB,1.0,3.557,13.105525,80.178534,82|83|85|86|87|88|94,12,45,24,7,0.305,1.16,0
85,7,Ambattur,TLK-AMB,1.0,4.377,13.104385,80.155961,81|82|84|86,94,48,33,20,0.9,2.03,1
86,7,Ambattur,TLK-AMB,1.0,5.952,13.094262,80.159281,84|85|87|89|91|92,11,32,25,7,0.145,0.75,0
87,7,Ambattur,TLK-AMB,1.0,0.803,13.09502,80.184491,84|86|88|89,9,19,12,3,0.78,-0.31,0
88,7,Ambattur,TLK-AMB,1.0,0.747,13.096286,80.189413,84|87|89|90|95,5,9,4,3,0.63,-0.91,0
89,7,Ambattur,TLK-AMB,1.0,0.858,13.090773,80.185525,86|87|88|90|92|93,5,4,3,0,0.57,-1.65,0
90,7,Ambattur,TLK-AMJ,1.0,1.467,13.08632,80.193275,88|89|93|95|99,16,20,6,4,0.77,-1.7,0
91,7,Ambattur,TLK-AMB,1.0,1.503,13.08079,80.173495,86|92|143,1,25,11,2,0.045,0.34,0
92,7,Ambattur,TLK-AMB,1.0,1.157,13.080012,80.179626,86|89|91|93|143|144,4,15,6,0,0.325,-0.67,0
93,7,Ambattur,TLK-MDR,1.0,1.222,13.079409,80.187794,89|90|92|127|145,6,13,5,3,0.5,-0.74,0
94,8,Anna Nagar,TLK-AYN,1.0,1.824,13.110577,80.20444,65|83|84|95,5,25,15,3,0.23,0.36,0
95,8,Anna Nagar,TLK-AYN,0.81,2.151,13.101404,80.206404,65|67|88|90|94|96|99|100,7,17,7,3,0.265,-0.12,0
96,8,Anna Nagar,TLK-AYN,0.99,3.007,13.101199,80.228935,67|69|74|95|97|98|100|101,18,34,19,9,0.595,0.61,0
97,8,Anna Nagar,TLK-AYN,1.0,0.737,13.09516,80.229326,96|98|101|102,8,16,11,4,0.765,0.51,0
98,8,Anna Nagar,TLK-AYN,0.81,1.164,13.091208,80.236167,74|96|97|102|103,29,26,17,10,0.91,0.93,0
99,8,Anna Nagar,TLK-AMJ,1.0,1.583,13.086772,80.202185,90|95|100|127,14,28,16,3,0.685,0.69,0
100,8,Anna Nagar,TLK-AMJ,0.73,3.046,13.086758,80.21003,95|96|99|101|105|106|127,14,41,31,7,0.45,0.9,0
101,8,Anna Nagar,TLK-AMJ,0.69,1.741,13.084252,80.220965,96|97|100|102|106,8,26,14,3,0.445,1.2,0
102,8,Anna Nagar,TLK-AMJ,1.0,1.64,13.08244,80.227402,97|98|101|103|106,11,29,17,5,0.635,0.75,0
103,8,Anna Nagar,TLK-PSW,0.93,2.104,13.082999,80.239519,74|98|102|104|107,9,36,28,12,0.405,2.05,1
104,8,Anna Nagar,TLK-PSW,0.93,1.302,13.083934,80.252393,58|61|74|75|78|103|107,40,45,18,8,0.95,4.31,1
105,8,Anna Nagar,TLK-AMJ,1.0,1.378,13.067673,80.210734,100|106|108|127|129|130,4,12,5,1,0.24,0.08,0
106,8,Anna Nagar,TLK-AMJ,1.0,1.041,13.069745,80.222408,100|101|102|105|107|108|109,36,30,28,13,0.96,0.45,0
107,8,Anna Nagar,TLK-PSW,0.98,1.479,13.07163,80.24078,61|103|104|106|109|110|111,7,38,14,3,0.455,2.44,1
108,8,Anna Nagar,TLK-AMJ,1.0,1.003,13.063255,80.217218,105|106|109|112|130,4,11,5,2,0.385,-0.95,0
109,9,Teynampet,TLK-AMJ,1.0,0.95,13.0634,80.226724,106|107|108|110|112,5,16,3,0,0.525,-0.34,0
110,9,Teynampet,TLK-PSW,1.0,2.066,13.061678,80.23909,107|109|111|112|113|117,7,21,2,1,0.31,-0.71,0
111,9,Teynampet,TLK-PSW,0.71,2.849,13.060494,80.254953,61|63|107|110|113|115|118,5,19,8,5,0.135,2.05,1
112,9,Teynampet,TLK-MBM,1.0,1.02,13.057918,80.22361,108|109|110|130|133|134,8,15,4,1,0.67,-0.61,0
113,9,Teynampet,TLK-MBM,0.0,1.452,13.056021,80.24247,110|111|117|118,8,17,4,2,0.555,-0.65,0
114,9,Teynampet,TLK-MYL,1.0,1.657,13.062895,80.27614,59|60|63|115|116,8,18,12,10,0.475,1.33,0
115,9,Teynampet,TLK-MYL,1.0,0.846,13.056877,80.266155,63|111|114|116|118|119|120,5,37,15,6,0.58,0.75,0
116,9,Teynampet,TLK-MYL,1.0,0.67,13.055514,80.27677,114|115|120,10,28,15,4,0.845,0.92,0
117,9,Teynampet,TLK-MYL,0.67,1.695,13.043983,80.241912,110|113|118|122|123|134|136,13,16,9,3,0.665,0.51,0
118,9,Teynampet,TLK-MYL,1.0,1.79,13.0481,80.257109,111|113|115|117|119|123,11,27,17,3,0.61,-0.17,0
119,9,Teynampet,TLK-MYL,1.0,1.381,13.046394,80.263982,115|118|120|121|123,8,18,7,3,0.565,0.24,0
120,9,Teynampet,TLK-MYL,0.0,0.559,13.048938,80.274331,115|116|119|121,14,33,9,5,0.915,0.25,0
121,9,Teynampet,TLK-MYL,1.0,0.868,13.043678,80.271281,119|120|123|124|125,10,8,4,2,0.79,0.21,0
122,9,Teynampet,TLK-MYL,1.0,1.869,13.029612,80.246584,117|123|171|172|173,9,17,12,3,0.47,-0.78,0
123,9,Teynampet,TLK-MYL,1.0,2.176,13.033841,80.259425,117|118|119|121|122|124|126|173,30,25,20,7,0.825,-0.57,0
124,9,Teynampet,TLK-MYL,1.0,1.07,13.034643,80.269785,121|123|125|126,28,40,27,15,0.92,0.21,0
125,9,Teynampet,TLK-MYL,1.0,1.243,13.036498,80.273699,121|124|126,18,23,10,4,0.84,0.17,0
126,9,Teynampet,TLK-MYL,1.0,1.046,13.026968,80.269015,123|124|125|173,11,27,15,5,0.74,0.4,0
127,10,Kodambakkam,TLK-MDR,0.57,3.748,13.066759,80.19838,93|99|100|105|128|129|145|148,10,30,15,6,0.22,-0.09,0
128,10,Kodambakkam,TLK-MBM,1.0,1.983,13.047052,80.192667,127|129|137|148|149|152,15,23,10,4,0.65,-1.31,0
129,10,Kodambakkam,TLK-MBM,1.0,1.836,13.053203,80.204761,105|127|128|130|131|132,6,14,4,1,0.27,0.18,0
130,10,Kodambakkam,TLK-MBM,1.0,1.176,13.054127,80.212467,105|108|112|129|132|133,9,29,14,2,0.66,-0.99,0
131,10,Kodambakkam,TLK-MBM,1.0,1.18,13.041683,80.202344,129|132|137|138,4,23,10,4,0.315,0.21,0
132,10,Kodambakkam,TLK-MBM,0.93,1.403,13.03837,80.213958,129|130|131|133|138|139|140,5,39,17,3,0.34,-0.11,0
133,10,Kodambakkam,TLK-MBM,1.0,1.021,13.042227,80.218959,112|130|132|134|135|140,6,13,6,2,0.575,1.29,0
134,10,Kodambakkam,TLK-MBM,1.0,1.048,13.047994,80.221706,112|117|133|135|136,8,40,19,5,0.655,0.79,0
135,10,Kodambakkam,TLK-MBM,1.0,0.93,13.038403,80.222906,133|134|136|140|141,9,38,24,11,0.705,1.13,0
136,10,Kodambakkam,TLK-MBM,1.0,1.874,13.039927,80.236403,117|134|135|141,9,42,19,3,0.465,1.07,0
137,10,Kodambakkam,TLK-MBM,1.0,1.617,13.036834,80.194765,128|131|138|155|158,7,27,21,5,0.415,-1.02,0
138,10,Kodambakkam,TLK-GND,0.77,1.154,13.031312,80.204236,131|132|137|139|170,6,20,14,2,0.515,0.75,0
139,10,Kodambakkam,TLK-GND,0.69,0.701,13.027345,80.214585,132|138|140|142|170,7,15,6,2,0.725,1.16,0
140,10,Kodambakkam,TLK-MBM,1.0,0.681,13.03128,80.222098,132|133|135|139|141|142|171,23,31,18,11,0.955,0.63,0
141,10,Kodambakkam,TLK-MBM,1.0,0.818,13.030698,80.231958,135|136|140|171,4,10,4,2,0.495,1.33,0
142,10,Kodambakkam,TLK-GND,1.0,1.135,13.021854,80.21988,139|140|170|171,16,31,19,4,0.835,1.14,0
143,11,Valasaravakkam,TLK-MDR,0.94,2.597,13.074495,80.16693,91|92|144|146,29,30,15,6,0.775,0.32,0
144,11,Valasaravakkam,TLK-MDR,1.0,1.118,13.064562,80.176382,92|143|145|146|147|148,22,24,10,7,0.895,0.72,0
145,11,Valasaravakkam,TLK-MDR,1.0,1.804,13.065015,80.185191,93|127|144|148,17,37,20,5,0.69,-0.13,0
146,11,Valasaravakkam,TLK-MDR,1.0,1.293,13.051145,80.163539,143|144|147|150|151,23,32,20,5,0.88,0.69,0
147,11,Valasaravakkam,TLK-MDR,1.0,2.405,13.052759,80.170914,144|146|148|149|151|152,19,39,21,13,0.675,-0.61,0
148,11,Valasaravakkam,TLK-MBM,1.0,0.919,13.056141,80.182711,127|128|144|145|147|149,5,10,1,1,0.55,0.12,0
149,11,Valasaravakkam,TLK-MDR,1.0,1.6,13.047677,80.177829,128|147|148|152,4,5,0,0,0.215,-0.98,0
150,11,Valasaravakkam,TLK-MDR,1.0,1.034,13.038629,80.152326,146|151|153,13,15,8,4,0.81,0.17,0
151,11,Valasaravakkam,TLK-MDR,1.0,1.471,13.033486,80.166748,146|147|150|152|153|154|156,6,21,10,3,0.39,-0.38,0
152,11,Valasaravakkam,TLK-MDR,1.0,1.356,13.039851,80.177584,128|147|149|151|154|155,3,14,7,3,0.18,-1.09,0
153,11,Valasaravakkam,TLK-MDR,1.0,2.259,13.026715,80.15816,150|151|156,3,30,9,4,0.11,-0.7,0
154,11,Valasaravakkam,TLK-MDR,1.0,1.023,13.029546,80.176601,151|152|155|156|157,2,13,4,2,0.16,-1.9,0
155,11,Valasaravakkam,TLK-MDR,0.0,1.539,13.028646,80.18407,137|152|154|157|158,6,15,6,3,0.375,-1.97,0
156,12,Alandur,TLK-MDR,0.0,3.167,13.020199,80.161414,151|153|154|157,3,11,4,2,0.08,-1.17,0
157,12,Alandur,TLK-ALD,0.0,4.154,13.015426,80.1738,154|155|156|158|159,3,11,3,2,0.055,-2.14,0
158,12,Alandur,TLK-ALD,0.0,2.036,13.015145,80.187801,137|155|157,4,3,2,0,0.165,-1.57,0
159,12,Alandur,TLK-ALD,1.0,3.356,12.992434,80.171115,157|166,13,25,16,5,0.365,-1.02,0
160,12,Alandur,TLK-ALD,0.8,0.665,13.002587,80.205,161|170|174,10,27,16,5,0.85,1.21,0
161,12,Alandur,TLK-ALD,1.0,0.745,12.996525,80.201786,160|162|163,51,19,15,7,0.99,0.34,0
162,12,Alandur,TLK-ALD,1.0,1.275,12.990733,80.192049,161|163|164|165,20,28,10,1,0.86,-0.27,0
163,12,Alandur,TLK-ALD,1.0,0.521,12.989607,80.200803,161|162|165,36,28,11,5,0.995,-0.12,0
164,12,Alandur,TLK-ALD,1.0,0.621,12.986178,80.186285,162|165|166|167|168,4,19,10,3,0.615,-0.51,0
165,12,Alandur,TLK-ALD,1.0,1.097,12.982578,80.201546,162|163|164|168|169|177,8,16,7,2,0.64,-0.83,0
166,12,Alandur,TLK-ALD,1.0,1.219,12.979549,80.180369,159|164|167,4,13,8,1,0.28,0.13,0
167,12,Alandur,TLK-ALD,1.0,1.4,12.976194,80.186017,164|166|168|169|187,4,40,17,5,0.235,-1.19,0
168,14,Perungudi,TLK-ALD,1.0,0.844,12.977434,80.194903,164|165|167|169,4,10,3,0,0.46,-0.87,0
169,14,Perungudi,TLK-VLC,0.89,2.681,12.972198,80.200411,165|167|168|177|178|187|188,6,9,4,2,0.185,0.45,0
170,13,Adyar,TLK-GND,1.0,3.689,13.01715,80.211867,138|139|142|160|171|174,36,39,18,7,0.715,1.19,0
171,13,Adyar,TLK-GND,0.99,3.815,13.022327,80.232565,122|140|141|142|170|172|174,13,32,15,4,0.32,0.75,0
172,13,Adyar,TLK-GND,1.0,2.539,13.011508,80.242972,122|171|173|174|175|180,10,15,7,1,0.38,0.15,0
173,13,Adyar,TLK-MYL,1.0,3.957,13.021887,80.265136,122|123|126|172|175|176,13,13,5,2,0.285,-0.04,0
174,13,Adyar,TLK-GND,0.91,8.336,12.993906,80.226229,160|170|171|172|177|178|179|180,29,38,28,14,0.33,2.15,1
175,13,Adyar,TLK-VLC,1.0,2.328,12.998215,80.253272,172|173|176|180|181,14,21,14,1,0.6,0.35,0
176,13,Adyar,TLK-VLC,1.0,2.993,13.00131,80.268459,173|175|181,9,45,26,8,0.25,0.38,0
177,13,Adyar,TLK-VLC,0.66,2.438,12.98732,80.210693,165|169|174|178,23,28,17,8,0.7,1.03,0
178,13,Adyar,TLK-VLC,1.0,1.474,12.981065,80.217511,169|174|177|179|188,23,54,22,8,0.855,1.4,0
179,13,Adyar,TLK-VLC,1.0,2.367,12.979602,80.226737,174|178|180|184|189,62,22,17,11,0.925,1.61,0
180,13,Adyar,TLK-VLC,1.0,2.63,12.986017,80.244995,172|174|175|179|181|182|183|184,12,33,12,3,0.435,0.02,0
181,13,Adyar,TLK-VLC,1.0,1.84,12.990707,80.264233,175|176|180|182,5,24,9,3,0.225,0.99,0
182,13,Adyar,TLK-VLC,1.0,1.796,12.979628,80.259566,180|181|183,6,21,13,3,0.3,-0.12,0
183,14,Perungudi,TLK-SHN,1.0,2.495,12.973849,80.252251,180|182|184|185,6,13,3,1,0.205,-0.35,0
184,14,Perungudi,TLK-SHN,1.0,2.907,12.968157,80.23987,179|180|183|185|186|189,13,25,11,3,0.425,-0.9,0
185,14,Perungudi,TLK-SHN,1.0,2.081,12.96244,80.25308,183|184|186|192|193,24,16,6,1,0.795,-1.36,0
186,14,Perungudi,TLK-SHN,1.0,1.848,12.959015,80.239159,184|185|189|193,7,11,1,0,0.36,-1.28,0
187,14,Perungudi,TLK-VLC,1.0,0.883,12.963016,80.193051,167|169|188,11,15,8,5,0.805,0.05,0
188,14,Perungudi,TLK-VLC,1.0,4.273,12.9576,80.201094,169|178|187|189|190,10,31,15,4,0.2,0.01,0
189,14,Perungudi,TLK-VLC,0.8,10.905,12.944827,80.220834,179|184|186|188|190|193|194|195,10,16,11,5,0.07,-0.68,0
190,14,Perungudi,TLK-VLC,0.76,4.61,12.925143,80.204774,188|189|191|197,5,16,12,4,0.09,1.03,0
191,14,Perungudi,TLK-SHN,0.0,2.26,12.919182,80.205464,190,15,10,2,1,0.625,-1.22,0
192,15,Sholinganallur,TLK-SHN,1.0,2.501,12.94974,80.254969,185|193|196,3,21,8,2,0.1,-0.83,0
193,15,Sholinganallur,TLK-SHN,1.0,2.409,12.945572,80.241789,185|186|189|192|194|196,4,15,3,0,0.13,-0.93,0
194,15,Sholinganallur,TLK-SHN,1.0,2.188,12.935971,80.238269,189|193|195|196,9,34,24,3,0.395,-0.5,0
195,15,Sholinganallur,TLK-SHN,1.0,1.728,12.926837,80.235666,189|194|196|197,4,17,5,1,0.195,1.62,0
196,15,Sholinganallur,TLK-SHN,1.0,5.199,12.921099,80.250727,192|193|194|195|197|198,19,22,9,1,0.345,0.91,0
197,15,Sholinganallur,TLK-SHN,1.0,8.97,12.909524,80.233198,190|195|196|198,48,72,55,22,0.54,0.81,0
198,15,Sholinganallur,TLK-SHN,0.0,8.696,12.888609,80.236192,196|197|199|200,5,12,5,1,0.04,0.51,0
199,15,Sholinganallur,TLK-SHN,0.0,2.99,12.868718,80.24107,198|200,1,8,1,1,0.025,-1.6,0
200,15,Sholinganallur,TLK-SHN,1.0,7.409,12.865226,80.227543,198|199,2,17,9,3,0.015,-1.6,0
