date,rain_event,rain_intensity,reflected_by,declared_by,festival,protest,monsoon_phase,weekday
2026-04-07,0,0.0,,,,,dry,Tuesday
2026-04-08,0,0.0,,,,,dry,Wednesday
2026-04-09,0,0.0,,,,,dry,Thursday
2026-04-10,0,0.0,,,,,dry,Friday
2026-04-11,0,0.0,,,,,dry,Saturday
2026-04-12,0,0.0,pwd,,,,dry,Sunday
2026-04-13,0,0.0,,,,,dry,Monday
2026-04-14,0,0.0,,,Tamil New Year,,dry,Tuesday
2026-04-15,0,0.0,,,,,dry,Wednesday
2026-04-16,0,0.0,,,,,dry,Thursday
2026-04-17,0,0.0,,,,,dry,Friday
2026-04-18,0,0.0,,,,,dry,Saturday
2026-04-19,0,0.0,,,,,dry,Sunday
2026-04-20,0,0.0,,,,,dry,Monday
2026-04-21,0,0.0,,,,,dry,Tuesday
2026-04-22,0,0.0,,,,Residents' road roko over drinking water,dry,Wednesday
2026-04-23,0,0.0,,,,,dry,Thursday
2026-04-24,0,0.0,pwd,,,,dry,Friday
2026-04-25,0,0.0,,,,,dry,Saturday
2026-04-26,0,0.0,,,,,dry,Sunday
2026-04-27,0,0.0,,,,,dry,Monday
2026-04-28,0,0.0,,,,,dry,Tuesday
2026-04-29,0,0.0,,,,,dry,Wednesday
2026-04-30,0,0.0,,,,,dry,Thursday
2026-05-01,0,0.0,,,,May Day rallies,dry,Friday
2026-05-02,0,0.0,,,,,dry,Saturday
2026-05-03,0,0.0,,,,,dry,Sunday
2026-05-04,0,0.0,,,,,dry,Monday
2026-05-05,0,0.0,,,,,dry,Tuesday
2026-05-06,0,0.0,,,,,dry,Wednesday
2026-05-07,0,0.0,pwd,,,,dry,Thursday
2026-05-08,0,0.0,police,,,,dry,Friday
2026-05-09,0,0.0,police,,,,dry,Saturday
2026-05-10,0,0.0,,,,,dry,Sunday
2026-05-11,0,0.0,,,,,dry,Monday
2026-05-12,0,0.0,,,,,dry,Tuesday
2026-05-13,0,0.0,,,,,dry,Wednesday
2026-05-14,0,0.0,,,,,dry,Thursday
2026-05-15,0,0.0,,,,,dry,Friday
2026-05-16,0,0.0,,,,,dry,Saturday
2026-05-17,0,0.0,,,,,dry,Sunday
2026-05-18,0,0.0,,,,,dry,Monday
2026-05-19,1,2.0,grievance|police|pwd,grievance|police,,,dry,Tuesday
2026-05-20,0,0.0,grievance,,,,dry,Wednesday
2026-05-21,0,0.0,grievance,,,,dry,Thursday
2026-05-22,0,0.0,,,,,dry,Friday
2026-05-23,0,0.0,,,,,dry,Saturday
2026-05-24,0,0.0,pwd,,,,dry,Sunday
2026-05-25,0,0.0,,,,,dry,Monday
2026-05-26,0,0.0,,,,,dry,Tuesday
2026-05-27,0,0.0,,,Bakrid,,dry,Wednesday
2026-05-28,0,0.0,,,,,dry,Thursday
2026-05-29,0,0.0,,,,,dry,Friday
2026-05-30,0,0.0,,,,,dry,Saturday
2026-05-31,0,0.0,police,,,,dry,Sunday
2026-06-01,0,0.0,pwd,,,,southwest,Monday
2026-06-02,0,0.0,,,,,southwest,Tuesday
2026-06-03,0,0.0,,,,,southwest,Wednesday
2026-06-04,0,0.0,,,,,southwest,Thursday
2026-06-05,0,0.0,,,,,southwest,Friday
2026-06-06,0,0.0,,,,,southwest,Saturday
2026-06-07,0,0.0,,,,,southwest,Sunday
2026-06-08,0,0.0,police,,,,southwest,Monday
2026-06-09,0,0.0,,,,,southwest,Tuesday
2026-06-10,0,0.0,,,,,southwest,Wednesday
2026-06-11,0,0.0,,,,Students' demonstration at Valluvar Kottam,southwest,Thursday
2026-06-12,0,0.0,,,,,southwest,Friday
2026-06-13,0,0.0,,,,,southwest,Saturday
2026-06-14,0,0.0,,,,,southwest,Sunday
2026-06-15,0,0.0,,,,,southwest,Monday
2026-06-16,0,0.0,,,,,southwest,Tuesday
2026-06-17,0,0.0,,,,,southwest,Wednesday
2026-06-18,0,0.0,,,,,southwest,Thursday
2026-06-19,0,0.0,,,,,southwest,Friday
2026-06-20,0,0.0,,,,,southwest,Saturday
2026-06-21,0,0.0,police,,,,southwest,Sunday
2026-06-22,0,0.0,,,,,southwest,Monday
2026-06-23,0,0.0,,,,,southwest,Tuesday
2026-06-24,0,0.0,,,,,southwest,Wednesday
2026-06-25,0,0.0,police,,,,southwest,Thursday
2026-06-26,0,0.0,,,Muharram,,southwest,Friday
2026-06-27,0,0.0,,,,,southwest,Saturday
2026-06-28,0,0.0,,,,,southwest,Sunday
2026-06-29,0,0.0,,,,,southwest,Monday
2026-06-30,0,0.0,,,,,southwest,Tuesday
2026-07-01,0,0.0,,,,,southwest,Wednesday
2026-07-02,0,0.0,,,,,southwest,Thursday
2026-07-03,0,0.0,,,,,southwest,Friday
2026-07-04,0,0.0,,,,,southwest,Saturday
2026-07-05,0,0.0,,,,,southwest,Sunday
2026-07-06,0,0.0,,,,,southwest,Monday
2026-07-07,0,0.0,,,,,southwest,Tuesday
2026-07-08,0,0.0,,,,,southwest,Wednesday
2026-07-09,0,0.0,pwd,,,Transport unions' strike demonstration,southwest,Thursday
2026-07-10,0,0.0,,,,,southwest,Friday
2026-07-11,0,0.0,,,,,southwest,Saturday
2026-07-12,0,0.0,,,,,southwest,Sunday
2026-07-13,0,0.0,,,,,southwest,Monday
2026-07-14,0,0.0,,,,,southwest,Tuesday
2026-07-15,0,0.0,,,,,southwest,Wednesday
2026-07-16,0,0.0,,,,,southwest,Thursday
2026-07-17,0,0.0,,,,,southwest,Friday
2026-07-18,1,1.91,grievance|police|pwd,grievance|police,,,southwest,Saturday
2026-07-19,0,0.0,grievance|police,,,,southwest,Sunday
2026-07-20,0,0.0,grievance,,,,southwest,Monday
2026-07-21,0,0.0,,,,,southwest,Tuesday
2026-07-22,0,0.0,,,,,southwest,Wednesday
2026-07-23,0,0.0,,,,,southwest,Thursday
2026-07-24,0,0.0,,,,,southwest,Friday
2026-07-25,0,0.0,,,,,southwest,Saturday
2026-07-26,0,0.0,,,,,southwest,Sunday
2026-07-27,0,0.0,,,,,southwest,Monday
2026-07-28,0,0.0,,,,,southwest,Tuesday
2026-07-29,0,0.0,,,,,southwest,Wednesday
2026-07-30,0,0.0,,,,,southwest,Thursday
2026-07-31,0,0.0,,,,,southwest,Friday
2026-08-01,0,0.0,,,,,southwest,Saturday
2026-08-02,0,0.0,,,,,southwest,Sunday
2026-08-03,0,0.0,police,,Aadi Perukku,,southwest,Monday
2026-08-04,0,0.0,,,,,southwest,Tuesday
2026-08-05,0,0.0,,,,Fishermen's protest over harbour access,southwest,Wednesday
2026-08-06,0,0.0,,,,,southwest,Thursday
2026-08-07,0,0.0,,,,,southwest,Friday
2026-08-08,0,0.0,,,,,southwest,Saturday
2026-08-09,1,2.0,grievance|police|pwd,grievance|police,,,southwest,Sunday
2026-08-10,1,1.61,grievance|police|pwd,grievance|police,,,southwest,Monday
2026-08-11,0,0.0,,,,,southwest,Tuesday
2026-08-12,0,0.0,grievance,,,,southwest,Wednesday
2026-08-13,0,0.0,,,,,southwest,Thursday
2026-08-14,0,0.0,,,,,southwest,Friday
2026-08-15,0,0.0,,,Independence Day,,southwest,Saturday
2026-08-16,0,0.0,,,,,southwest,Sunday
2026-08-17,0,0.0,police,,,,southwest,Monday
2026-08-18,0,0.0,,,,,southwest,Tuesday
2026-08-19,0,0.0,,,,,southwest,Wednesday
2026-08-20,0,0.0,,,,,southwest,Thursday
2026-08-21,0,0.0,,,,Road roko over water supply,southwest,Friday
2026-08-22,0,0.0,,,,,southwest,Saturday
2026-08-23,0,0.0,,,,,southwest,Sunday
2026-08-24,0,0.0,,,,,southwest,Monday
2026-08-25,0,0.0,,,,,southwest,Tuesday
2026-08-26,0,0.0,pwd,,,,southwest,Wednesday
2026-08-27,0,0.0,,,,,southwest,Thursday
2026-08-28,1,1.58,grievance|police|pwd,grievance|police,,,southwest,Friday
2026-08-29,0,0.0,grievance,,,,southwest,Saturday
2026-08-30,0,0.0,,,,,southwest,Sunday
2026-08-31,0,0.0,,,,,southwest,Monday
2026-09-01,0,0.0,,,,,southwest,Tuesday
2026-09-02,0,0.0,,,,,southwest,Wednesday
2026-09-03,0,0.0,,,,,southwest,Thursday
2026-09-04,0,0.0,,,,,southwest,Friday
2026-09-05,0,0.0,,,,,southwest,Saturday
2026-09-06,1,1.81,grievance|police|pwd,grievance|police,,,southwest,Sunday
2026-09-07,0,0.0,grievance|police,,,,southwest,Monday
2026-09-08,0,0.0,grievance,,,,southwest,Tuesday
2026-09-09,0,0.0,,,,,southwest,Wednesday
2026-09-10,0,0.0,,,,Students' protest at Valluvar Kottam,southwest,Thursday
2026-09-11,0,0.0,,,,,southwest,Friday
2026-09-12,0,0.0,,,,,southwest,Saturday
2026-09-13,0,0.0,,,,,southwest,Sunday
2026-09-14,0,0.0,,,Vinayagar Chathurthi,,southwest,Monday
2026-09-15,0,0.0,,,,,southwest,Tuesday
2026-09-16,0,0.0,,,,,southwest,Wednesday
2026-09-17,0,0.0,,,Vinayagar idol immersion processions,,southwest,Thursday
2026-09-18,0,0.0,,,,,southwest,Friday
2026-09-19,1,2.0,grievance|police|pwd,grievance|police,,,southwest,Saturday
2026-09-20,1,1.54,grievance|police|pwd,grievance|police,,,southwest,Sunday
2026-09-21,0,0.0,grievance|police,,,,southwest,Monday
2026-09-22,0,0.0,grievance,,,,southwest,Tuesday
2026-09-23,0,0.0,,,,Traders' bandh in George Town,southwest,Wednesday
2026-09-24,0,0.0,,,,,southwest,Thursday
2026-09-25,1,0.6,imd,,,,southwest,Friday
2026-09-26,0,0.0,,,,,southwest,Saturday
2026-09-27,0,0.0,,,,,southwest,Sunday
2026-09-28,1,0.6,imd,,,,southwest,Monday
2026-09-29,1,0.6,imd,,,,southwest,Tuesday
2026-09-30,1,0.72,police|pwd|imd,,,,southwest,Wednesday
2026-10-01,1,0.6,imd,,,,northeast,Thursday
2026-10-02,1,0.6,imd,,,,northeast,Friday
2026-10-03,0,0.0,police|pwd,,,,northeast,Saturday
2026-10-04,1,0.6,imd,,,,northeast,Sunday
