gate_site_id,gate_site_name,relevance,latitude,longitude,observed_at,gates_open_count,discharge,discharge_unit,inflow,inflow_unit,source_url,fetch_method,fetched_at
RD001,Red Hills,upstream,,,2026-07-07T06:00:00+05:30,,,,5.94648166501487,cusec,https://chennaifloodmonitor.tn.gov.in/Master/GetHistoricalDataForReservoir?reservoirid=RD001&startdate=2026-07-06&enddate=2026-09-25,playwright,2026-09-25T21:51:24+05:30
TNCH-07-T0726,Chembarambakkam Tank,upstream,,,2026-07-07T06:00:00+05:30,,,,0,cusec,https://chennaifloodmonitor.tn.gov.in/Master/GetHistoricalDataForReservoir?reservoirid=TNCH-07-T0726&startdate=2026-07-06&enddate=2026-09-25,playwright,2026-09-25T21:51:06+05:30
RD001,Red Hills,upstream,,,2026-07-08T06:00:00+05:30,,,,5.94648166501487,cusec,https://chennaifloodmonitor.tn.gov.in/Master/GetHistoricalDataForReservoir?reservoirid=RD001&startdate=2026-07-06&enddate=2026-09-25,playwright,2026-09-25T21:51:24+05:30
TNCH-07-T0726,Chembarambakkam Tank,upstream,,,2026-07-08T06:00:00+05:30,,,,0,cusec,https://chennaifloodmonitor.tn.gov.in/Master/GetHistoricalDataForReservoir?reservoirid=TNCH-07-T0726&startdate=2026-07-06&enddate=2026-09-25,playwright,2026-09-25T21:51:06+05:30
RD001,Red Hills,upstream,,,2026-07-09T06:00:00+05:30,,,,5.94648166501487,cusec,https://chennaifloodmonitor.tn.gov.in/Master/GetHistoricalDataForReservoir?reservoirid=RD001&startdate=2026-07-06&enddate=2026-09-25,playwright,2026-09-25T21:51:24+05:30
TNCH-07-T0726,Chembarambakkam Tank,upstream,,,2026-07-09T06:00:00+05:30,,,,0,cusec,https://chennaifloodmonitor.tn.gov.in/Master/GetHistoricalDataForReservoir?reservoirid=TNCH-07-T0726&startdate=2026-07-06&enddate=2026-09-25,playwright,2026-09-25T21:51:06+05:30
RD001,Red Hills,upstream,,,2026-07-10T06:00:00+05:30,,,,5.94648166501487,cusec,https://chennaifloodmonitor.tn.gov.in/Master/GetHistoricalDataForReservoir?reservoirid=RD001&startdate=2026-07-06&enddate=2026-09-25,playwright,2026-09-25T21:51:24+05:30
TNCH-07-T0726,Chembarambakkam Tank,upstream,,,2026-07-10T06:00:00+05:30,,,,4.53065269715418,cusec,https://chennaifloodmonitor.tn.gov.in/Master/GetHistoricalDataForReservoir?reservoirid=TNCH-07-T0726&startdate=2026-07-06&enddate=2026-09-25,playwright,2026-09-25T21:51:06+05:30
RD001,Red Hills,upstream,,,2026-07-11T06:00:00+05:30,,,,5.94648166501487,cusec,https://chennaifloodmonitor.tn.gov.in/Master/GetHistoricalDataForReservoir?reservoirid=RD001&startdate=2026-07-06&enddate=2026-09-25,playwright,2026-09-25T21:51:24+05:30
TNCH-07-T0726,Chembarambakkam Tank,upstream,,,2026-07-11T06:00:00+05:30,,,,0,cusec,https://chennaifloodmonitor.tn.gov.in/Master/GetHistoricalDataForReservoir?reservoirid=TNCH-07-T0726&startdate=2026-07-06&enddate=2026-09-25,playwright,2026-09-25T21:51:06+05:30
RD001,Red Hills,upstream,,,2026-07-12T06:00:00+05:30,,,,5.94648166501487,cusec,https://chennaifloodmonitor.tn.gov.in/Master/GetHistoricalDataForReservoir?reservoirid=RD001&startdate=2026-07-06&enddate=2026-09-25,playwright,2026-09-25T21:51:24+05:30
TNCH-07-T0726,Chembarambakkam Tank,upstream,,,2026-07-12T06:00:00+05:30,,,,0,cusec,https://chennaifloodmonitor.tn.gov.in/Master/GetHistoricalDataForReservoir?reservoirid=TNCH-07-T0726&startdate=2026-07-06&enddate=2026-09-25,playwright,2026-09-25T21:51:06+05:30
RD001,Red Hills,upstream,,,2026-07-13T06:00:00+05:30,,,,5.94648166501487,cusec,https://chennaifloodmonitor.tn.gov.in/Master/GetHistoricalDataForReservoir?reservoirid=RD001&startdate=2026-07-06&enddate=2026-09-25,playwright,2026-09-25T21:51:24+05:30
TNCH-07-T0726,Chembarambakkam Tank,upstream,,,2026-07-13T06:00:00+05:30,,,,0,cusec,https://chennaifloodmonitor.tn.gov.in/Master/GetHistoricalDataForReservoir?reservoirid=TNCH-07-T0726&startdate=2026-07-06&enddate=2026-09-25,playwright,2026-09-25T21:51:06+05:30
RD001,Red Hills,upstream,,,2026-07-14T06:00:00+05:30,,,,5.94648166501487,cusec,https://chennaifloodmonitor.tn.gov.in/Master/GetHistoricalDataForReservoir?reservoirid=RD001&startdate=2026-07-14&enddate=2026-09-25,playwright,2026-09-25T21:51:25+05:30
TNCH-07-T0726,Chembarambakkam Tank,upstream,,,2026-07-14T06:00:00+05:30,,,,0,cusec,https://chennaifloodmonitor.tn.gov.in/Master/GetHistoricalDataForReservoir?reservoirid=TNCH-07-T0726&startdate=2026-07-14&enddate=2026-09-25,playwright,2026-09-25T21:51:07+05:30
RD001,Red Hills,upstream,,,2026-07-15T06:00:00+05:30,,,,5.94648166501487,cusec,https://chennaifloodmonitor.tn.gov.in/Master/GetHistoricalDataForReservoir?reservoirid=RD001&startdate=2026-07-14&enddate=2026-09-25,playwright,2026-09-25T21:51:25+05:30
TNCH-07-T0726,Chembarambakkam Tank,upstream,,,2026-07-15T06:00:00+05:30,,,,0,cusec,https://chennaifloodmonitor.tn.gov.in/Master/GetHistoricalDataForReservoir?reservoirid=TNCH-07-T0726&startdate=2026-07-14&enddate=2026-09-25,playwright,2026-09-25T21:51:07+05:30
RD001,Red Hills,upstream,,,2026-07-16T06:00:00+05:30,,,,5.94648166501487,cusec,https://chennaifloodmonitor.tn.gov.in/Master/GetHistoricalDataForReservoir?reservoirid=RD001&startdate=2026-07-14&enddate=2026-09-25,playwright,2026-09-25T21:51:25+05:30
TNCH-07-T0726,Chembarambakkam Tank,upstream,,,2026-07-16T06:00:00+05:30,,,,0,cusec,https://chennaifloodmonitor.tn.gov.in/Master/GetHistoricalDataForReservoir?reservoirid=TNCH-07-T0726&startdate=2026-07-14&enddate=2026-09-25,playwright,2026-09-25T21:51:07+05:30
RD001,Red Hills,upstream,,,2026-07-17T06:00:00+05:30,,,,5.94648166501487,cusec,https://chennaifloodmonitor.tn.gov.in/Master/GetHistoricalDataForReservoir?reservoirid=RD001&startdate=2026-07-14&enddate=2026-09-25,playwright,2026-09-25T21:51:25+05:30
TNCH-07-T0726,Chembarambakkam Tank,upstream,,,2026-07-17T06:00:00+05:30,,,,0,cusec,https://chennaifloodmonitor.tn.gov.in/Master/GetHistoricalDataForReservoir?reservoirid=TNCH-07-T0726&startdate=2026-07-14&enddate=2026-09-25,playwright,2026-09-25T21:51:07+05:30
RD001,Red Hills,upstream,,,2026-07-18T06:00:00+05:30,,,,7.24904431544669,cusec,https://chennaifloodmonitor.tn.gov.in/Master/GetHistoricalDataForReservoir?reservoirid=RD001&startdate=2026-07-14&enddate=2026-09-25,playwright,2026-09-25T21:51:25+05:30
TNCH-07-T0726,Chembarambakkam Tank,upstream,,,2026-07-18T06:00:00+05:30,,,,0,cusec,https://chennaifloodmonitor.tn.gov.in/Master/GetHistoricalDataForReservoir?reservoirid=TNCH-07-T0726&startdate=2026-07-14&enddate=2026-09-25,playwright,2026-09-25T21:51:07+05:30
RD001,Red Hills,upstream,,,2026-07-19T06:00:00+05:30,,,,5.94648166501487,cusec,https://chennaifloodmonitor.tn.gov.in/Master/GetHistoricalDataForReservoir?reservoirid=RD001&startdate=2026-07-14&enddate=2026-09-25,playwright,2026-09-25T21:51:25+05:30
TNCH-07-T0726,Chembarambakkam Tank,upstream,,,2026-07-19T06:00:00+05:30,,,,0,cusec,https://chennaifloodmonitor.tn.gov.in/Master/GetHistoricalDataForReservoir?reservoirid=TNCH-07-T0726&startdate=2026-07-14&enddate=2026-09-25,playwright,2026-09-25T21:51:07+05:30
RD001,Red Hills,upstream,,,2026-07-20T06:00:00+05:30,,,,5.94648166501487,cusec,https://chennaifloodmonitor.tn.gov.in/Master/GetHistoricalDataForReservoir?reservoirid=RD001&startdate=2026-07-14&enddate=2026-09-25,playwright,2026-09-25T21:51:25+05:30
TNCH-07-T0726,Chembarambakkam Tank,upstream,,,2026-07-20T06:00:00+05:30,,,,0,cusec,https://chennaifloodmonitor.tn.gov.in/Master/GetHistoricalDataForReservoir?reservoirid=TNCH-07-T0726&startdate=2026-07-14&enddate=2026-09-25,playwright,2026-09-25T21:51:07+05:30
RD001,Red Hills,upstream,,,2026-07-21T06:00:00+05:30,,,,5.94648166501487,cusec,https://chennaifloodmonitor.tn.gov.in/Master/GetHistoricalDataForReservoir?reservoirid=RD001&startdate=2026-07-14&enddate=2026-09-25,playwright,2026-09-25T21:51:25+05:30
TNCH-07-T0726,Chembarambakkam Tank,upstream,,,2026-07-21T06:00:00+05:30,,,,0,cusec,https://chennaifloodmonitor.tn.gov.in/Master/GetHistoricalDataForReservoir?reservoirid=TNCH-07-T0726&startdate=2026-07-14&enddate=2026-09-25,playwright,2026-09-25T21:51:07+05:30
RD001,Red Hills,upstream,,,2026-07-22T06:00:00+05:30,,,,5.94648166501487,cusec,https://chennaifloodmonitor.tn.gov.in/Master/GetHistoricalDataForReservoir?reservoirid=RD001&startdate=2026-07-22&enddate=2026-09-25,playwright,2026-09-25T21:51:27+05:30
TNCH-07-T0726,Chembarambakkam Tank,upstream,,,2026-07-22T06:00:00+05:30,,,,0,cusec,https://chennaifloodmonitor.tn.gov.in/Master/GetHistoricalDataForReservoir?reservoirid=TNCH-07-T0726&startdate=2026-07-22&enddate=2026-09-25,playwright,2026-09-25T21:51:09+05:30
RD001,Red Hills,upstream,,,2026-07-23T06:00:00+05:30,,,,6.65439614894521,cusec,https://chennaifloodmonitor.tn.gov.in/Master/GetHistoricalDataForReservoir?reservoirid=RD001&startdate=2026-07-22&enddate=2026-09-25,playwright,2026-09-25T21:51:27+05:30
TNCH-07-T0726,Chembarambakkam Tank,upstream,,,2026-07-23T06:00:00+05:30,,,,0,cusec,https://chennaifloodmonitor.tn.gov.in/Master/GetHistoricalDataForReservoir?reservoirid=TNCH-07-T0726&startdate=2026-07-22&enddate=2026-09-25,playwright,2026-09-25T21:51:09+05:30
RD001,Red Hills,upstream,,,2026-07-24T06:00:00+05:30,,,,6.65439614894521,cusec,https://chennaifloodmonitor.tn.gov.in/Master/GetHistoricalDataForReservoir?reservoirid=RD001&startdate=2026-07-22&enddate=2026-09-25,playwright,2026-09-25T21:51:27+05:30
TNCH-07-T0726,Chembarambakkam Tank,upstream,,,2026-07-24T06:00:00+05:30,,,,0,cusec,https://chennaifloodmonitor.tn.gov.in/Master/GetHistoricalDataForReservoir?reservoirid=TNCH-07-T0726&startdate=2026-07-22&enddate=2026-09-25,playwright,2026-09-25T21:51:09+05:30
RD001,Red Hills,upstream,,,2026-07-25T06:00:00+05:30,,,,7.22072773608948,cusec,https://chennaifloodmonitor.tn.gov.in/Master/GetHistoricalDataForReservoir?reservoirid=RD001&startdate=2026-07-22&enddate=2026-09-25,playwright,2026-09-25T21:51:27+05:30
TNCH-07-T0726,Chembarambakkam Tank,upstream,,,2026-07-25T06:00:00+05:30,,,,0,cusec,https://chennaifloodmonitor.tn.gov.in/Master/GetHistoricalDataForReservoir?reservoirid=TNCH-07-T0726&startdate=2026-07-22&enddate=2026-09-25,playwright,2026-09-25T21:51:09+05:30
RD001,Red Hills,upstream,,,2026-07-26T06:00:00+05:30,,,,6.65439614894521,cusec,https://chennaifloodmonitor.tn.gov.in/Master/GetHistoricalDataForReservoir?reservoirid=RD001&startdate=2026-07-22&enddate=2026-09-25,playwright,2026-09-25T21:51:27+05:30
TNCH-07-T0726,Chembarambakkam Tank,upstream,,,2026-07-26T06:00:00+05:30,,,,0,cusec,https://chennaifloodmonitor.tn.gov.in/Master/GetHistoricalDataForReservoir?reservoirid=TNCH-07-T0726&startdate=2026-07-22&enddate=2026-09-25,playwright,2026-09-25T21:51:09+05:30
RD001,Red Hills,upstream,,,2026-07-27T06:00:00+05:30,,,,5.94648166501487,cusec,https://chennaifloodmonitor.tn.gov.in/Master/GetHistoricalDataForReservoir?reservoirid=RD001&startdate=2026-07-22&enddate=2026-09-25,playwright,2026-09-25T21:51:27+05:30
TNCH-07-T0726,Chembarambakkam Tank,upstream,,,2026-07-27T06:00:00+05:30,,,,0,cusec,https://chennaifloodmonitor.tn.gov.in/Master/GetHistoricalDataForReservoir?reservoirid=TNCH-07-T0726&startdate=2026-07-22&enddate=2026-09-25,playwright,2026-09-25T21:51:09+05:30
RD001,Red Hills,upstream,,,2026-07-28T06:00:00+05:30,,,,5.94648166501487,cusec,https://chennaifloodmonitor.tn.gov.in/Master/GetHistoricalDataForReservoir?reservoirid=RD001&startdate=2026-07-22&enddate=2026-09-25,playwright,2026-09-25T21:51:27+05:30
TNCH-07-T0726,Chembarambakkam Tank,upstream,,,2026-07-28T06:00:00+05:30,,,,0,cusec,https://chennaifloodmonitor.tn.gov.in/Master/GetHistoricalDataForReservoir?reservoirid=TNCH-07-T0726&startdate=2026-07-22&enddate=2026-09-25,playwright,2026-09-25T21:51:09+05:30
RD001,Red Hills,upstream,,,2026-07-29T06:00:00+05:30,,,,5.94648166501487,cusec,https://chennaifloodmonitor.tn.gov.in/Master/GetHistoricalDataForReservoir?reservoirid=RD001&startdate=2026-07-22&enddate=2026-09-25,playwright,2026-09-25T21:51:27+05:30
TNCH-07-T0726,Chembarambakkam Tank,upstream,,,2026-07-29T06:00:00+05:30,,,,0,cusec,https://chennaifloodmonitor.tn.gov.in/Master/GetHistoricalDataForReservoir?reservoirid=TNCH-07-T0726&startdate=2026-07-22&enddate=2026-09-25,playwright,2026-09-25T21:51:09+05:30
RD001,Red Hills,upstream,,,2026-07-30T06:00:00+05:30,,,,5.94648166501487,cusec,https://chennaifloodmonitor.tn.gov.in/Master/GetHistoricalDataForReservoir?reservoirid=RD001&startdate=2026-07-30&enddate=2026-09-25,playwright,2026-09-25T21:51:28+05:30
TNCH-07-T0726,Chembarambakkam Tank,upstream,,,2026-07-30T06:00:00+05:30,,,,0,cusec,https://chennaifloodmonitor.tn.gov.in/Master/GetHistoricalDataForReservoir?reservoirid=TNCH-07-T0726&startdate=2026-07-30&enddate=2026-09-25,playwright,2026-09-25T21:51:10+05:30
RD001,Red Hills,upstream,,,2026-07-31T06:00:00+05:30,,,,5.94648166501487,cusec,https://chennaifloodmonitor.tn.gov.in/Master/GetHistoricalDataForReservoir?reservoirid=RD001&startdate=2026-07-30&enddate=2026-09-25,playwright,2026-09-25T21:51:28+05:30
TNCH-07-T0726,Chembarambakkam Tank,upstream,,,2026-07-31T06:00:00+05:30,,,,0,cusec,https://chennaifloodmonitor.tn.gov.in/Master/GetHistoricalDataForReservoir?reservoirid=TNCH-07-T0726&startdate=2026-07-30&enddate=2026-09-25,playwright,2026-09-25T21:51:10+05:30
RD001,Red Hills,upstream,,,2026-08-01T06:00:00+05:30,,,,5.94648166501487,cusec,https://chennaifloodmonitor.tn.gov.in/Master/GetHistoricalDataForReservoir?reservoirid=RD001&startdate=2026-07-30&enddate=2026-09-25,playwright,2026-09-25T21:51:28+05:30
TNCH-07-T0726,Chembarambakkam Tank,upstream,,,2026-08-01T06:00:00+05:30,,,,0,cusec,https://chennaifloodmonitor.tn.gov.in/Master/GetHistoricalDataForReservoir?reservoirid=TNCH-07-T0726&startdate=2026-07-30&enddate=2026-09-25,playwright,2026-09-25T21:51:10+05:30
RD001,Red Hills,upstream,,,2026-08-02T06:00:00+05:30,,,,5.94648166501487,cusec,https://chennaifloodmonitor.tn.gov.in/Master/GetHistoricalDataForReservoir?reservoirid=RD001&startdate=2026-07-30&enddate=2026-09-25,playwright,2026-09-25T21:51:28+05:30
TNCH-07-T0726,Chembarambakkam Tank,upstream,,,2026-08-02T06:00:00+05:30,,,,0,cusec,https://chennaifloodmonitor.tn.gov.in/Master/GetHistoricalDataForReservoir?reservoirid=TNCH-07-T0726&startdate=2026-07-30&enddate=2026-09-25,playwright,2026-09-25T21:51:10+05:30
RD001,Red Hills,upstream,,,2026-08-03T06:00:00+05:30,,,,5.94648166501487,cusec,https://chennaifloodmonitor.tn.gov.in/Master/GetHistoricalDataForReservoir?reservoirid=RD001&startdate=2026-07-30&enddate=2026-09-25,playwright,2026-09-25T21:51:28+05:30
TNCH-07-T0726,Chembarambakkam Tank,upstream,,,2026-08-03T06:00:00+05:30,,,,0,cusec,https://chennaifloodmonitor.tn.gov.in/Master/GetHistoricalDataForReservoir?reservoirid=TNCH-07-T0726&startdate=2026-07-30&enddate=2026-09-25,playwright,2026-09-25T21:51:10+05:30
RD001,Red Hills,upstream,,,2026-08-04T06:00:00+05:30,,,,6.93756194251734,cusec,https://chennaifloodmonitor.tn.gov.in/Master/GetHistoricalDataForReservoir?reservoirid=RD001&startdate=2026-07-30&enddate=2026-09-25,playwright,2026-09-25T21:51:28+05:30
TNCH-07-T0726,Chembarambakkam Tank,upstream,,,2026-08-04T06:00:00+05:30,,,,10.7036669970268,cusec,https://chennaifloodmonitor.tn.gov.in/Master/GetHistoricalDataForReservoir?reservoirid=TNCH-07-T0726&startdate=2026-07-30&enddate=2026-09-25,playwright,2026-09-25T21:51:10+05:30
RD001,Red Hills,upstream,,,2026-08-05T06:00:00+05:30,,,,6.93756194251734,cusec,https://chennaifloodmonitor.tn.gov.in/Master/GetHistoricalDataForReservoir?reservoirid=RD001&startdate=2026-07-30&enddate=2026-09-25,playwright,2026-09-25T21:51:28+05:30
TNCH-07-T0726,Chembarambakkam Tank,upstream,,,2026-08-05T06:00:00+05:30,,,,8.15517485487753,cusec,https://chennaifloodmonitor.tn.gov.in/Master/GetHistoricalDataForReservoir?reservoirid=TNCH-07-T0726&startdate=2026-07-30&enddate=2026-09-25,playwright,2026-09-25T21:51:10+05:30
RD001,Red Hills,upstream,,,2026-08-06T06:00:00+05:30,,,,6.93756194251734,cusec,https://chennaifloodmonitor.tn.gov.in/Master/GetHistoricalDataForReservoir?reservoirid=RD001&startdate=2026-07-30&enddate=2026-09-25,playwright,2026-09-25T21:51:28+05:30
TNCH-07-T0726,Chembarambakkam Tank,upstream,,,2026-08-06T06:00:00+05:30,,,,0,cusec,https://chennaifloodmonitor.tn.gov.in/Master/GetHistoricalDataForReservoir?reservoirid=TNCH-07-T0726&startdate=2026-07-30&enddate=2026-09-25,playwright,2026-09-25T21:51:10+05:30
RD001,Red Hills,upstream,,,2026-08-07T06:00:00+05:30,,,,6.93756194251734,cusec,https://chennaifloodmonitor.tn.gov.in/Master/GetHistoricalDataForReservoir?reservoirid=RD001&startdate=2026-08-07&enddate=2026-09-25,playwright,2026-09-25T21:51:30+05:30
TNCH-07-T0726,Chembarambakkam Tank,upstream,,,2026-08-07T06:00:00+05:30,,,,0,cusec,https://chennaifloodmonitor.tn.gov.in/Master/GetHistoricalDataForReservoir?reservoirid=TNCH-07-T0726&startdate=2026-08-07&enddate=2026-09-25,playwright,2026-09-25T21:51:12+05:30
RD001,Red Hills,upstream,,,2026-08-08T06:00:00+05:30,,,,6.79597904573128,cusec,https://chennaifloodmonitor.tn.gov.in/Master/GetHistoricalDataForReservoir?reservoirid=RD001&startdate=2026-08-07&enddate=2026-09-25,playwright,2026-09-25T21:51:30+05:30
TNCH-07-T0726,Chembarambakkam Tank,upstream,,,2026-08-08T06:00:00+05:30,,,,0,cusec,https://chennaifloodmonitor.tn.gov.in/Master/GetHistoricalDataForReservoir?reservoirid=TNCH-07-T0726&startdate=2026-08-07&enddate=2026-09-25,playwright,2026-09-25T21:51:12+05:30
RD001,Red Hills,upstream,,,2026-08-09T06:00:00+05:30,,,,6.79597904573128,cusec,https://chennaifloodmonitor.tn.gov.in/Master/GetHistoricalDataForReservoir?reservoirid=RD001&startdate=2026-08-07&enddate=2026-09-25,playwright,2026-09-25T21:51:30+05:30
TNCH-07-T0726,Chembarambakkam Tank,upstream,,,2026-08-09T06:00:00+05:30,,,,4.3607532210109,cusec,https://chennaifloodmonitor.tn.gov.in/Master/GetHistoricalDataForReservoir?reservoirid=TNCH-07-T0726&startdate=2026-08-07&enddate=2026-09-25,playwright,2026-09-25T21:51:12+05:30
RD001,Red Hills,upstream,,,2026-08-10T06:00:00+05:30,,,,6.79597904573128,cusec,https://chennaifloodmonitor.tn.gov.in/Master/GetHistoricalDataForReservoir?reservoirid=RD001&startdate=2026-08-07&enddate=2026-09-25,playwright,2026-09-25T21:51:30+05:30
TNCH-07-T0726,Chembarambakkam Tank,upstream,,,2026-08-10T06:00:00+05:30,,,,1.69899476143282,cusec,https://chennaifloodmonitor.tn.gov.in/Master/GetHistoricalDataForReservoir?reservoirid=TNCH-07-T0726&startdate=2026-08-07&enddate=2026-09-25,playwright,2026-09-25T21:51:12+05:30
RD001,Red Hills,upstream,,,2026-08-11T06:00:00+05:30,,,,6.79597904573128,cusec,https://chennaifloodmonitor.tn.gov.in/Master/GetHistoricalDataForReservoir?reservoirid=RD001&startdate=2026-08-07&enddate=2026-09-25,playwright,2026-09-25T21:51:30+05:30
TNCH-07-T0726,Chembarambakkam Tank,upstream,,,2026-08-11T06:00:00+05:30,,,,8.89140591816509,cusec,https://chennaifloodmonitor.tn.gov.in/Master/GetHistoricalDataForReservoir?reservoirid=TNCH-07-T0726&startdate=2026-08-07&enddate=2026-09-25,playwright,2026-09-25T21:51:12+05:30
RD001,Red Hills,upstream,,,2026-08-12T06:00:00+05:30,,,,6.79597904573128,cusec,https://chennaifloodmonitor.tn.gov.in/Master/GetHistoricalDataForReservoir?reservoirid=RD001&startdate=2026-08-07&enddate=2026-09-25,playwright,2026-09-25T21:51:30+05:30
TNCH-07-T0726,Chembarambakkam Tank,upstream,,,2026-08-12T06:00:00+05:30,,,,5.71994903015716,cusec,https://chennaifloodmonitor.tn.gov.in/Master/GetHistoricalDataForReservoir?reservoirid=TNCH-07-T0726&startdate=2026-08-07&enddate=2026-09-25,playwright,2026-09-25T21:51:12+05:30
RD001,Red Hills,upstream,,,2026-08-13T06:00:00+05:30,,,,6.79597904573128,cusec,https://chennaifloodmonitor.tn.gov.in/Master/GetHistoricalDataForReservoir?reservoirid=RD001&startdate=2026-08-07&enddate=2026-09-25,playwright,2026-09-25T21:51:30+05:30
TNCH-07-T0726,Chembarambakkam Tank,upstream,,,2026-08-13T06:00:00+05:30,,,,0,cusec,https://chennaifloodmonitor.tn.gov.in/Master/GetHistoricalDataForReservoir?reservoirid=TNCH-07-T0726&startdate=2026-08-07&enddate=2026-09-25,playwright,2026-09-25T21:51:12+05:30
RD001,Red Hills,upstream,,,2026-08-14T06:00:00+05:30,,,,5.94648166501487,cusec,https://chennaifloodmonitor.tn.gov.in/Master/GetHistoricalDataForReservoir?reservoirid=RD001&startdate=2026-08-07&enddate=2026-09-25,playwright,2026-09-25T21:51:30+05:30
TNCH-07-T0726,Chembarambakkam Tank,upstream,,,2026-08-14T06:00:00+05:30,,,,0,cusec,https://chennaifloodmonitor.tn.gov.in/Master/GetHistoricalDataForReservoir?reservoirid=TNCH-07-T0726&startdate=2026-08-07&enddate=2026-09-25,playwright,2026-09-25T21:51:12+05:30
RD001,Red Hills,upstream,,,2026-08-15T06:00:00+05:30,,,,5.94648166501487,cusec,https://chennaifloodmonitor.tn.gov.in/Master/GetHistoricalDataForReservoir?reservoirid=RD001&startdate=2026-08-15&enddate=2026-09-25,playwright,2026-09-25T21:51:31+05:30
TNCH-07-T0726,Chembarambakkam Tank,upstream,,,2026-08-15T06:00:00+05:30,,,,0,cusec,https://chennaifloodmonitor.tn.gov.in/Master/GetHistoricalDataForReservoir?reservoirid=TNCH-07-T0726&startdate=2026-08-15&enddate=2026-09-25,playwright,2026-09-25T21:51:13+05:30
RD001,Red Hills,upstream,,,2026-08-16T06:00:00+05:30,,,,5.94648166501487,cusec,https://chennaifloodmonitor.tn.gov.in/Master/GetHistoricalDataForReservoir?reservoirid=RD001&startdate=2026-08-15&enddate=2026-09-25,playwright,2026-09-25T21:51:31+05:30
TNCH-07-T0726,Chembarambakkam Tank,upstream,,,2026-08-16T06:00:00+05:30,,,,0,cusec,https://chennaifloodmonitor.tn.gov.in/Master/GetHistoricalDataForReservoir?reservoirid=TNCH-07-T0726&startdate=2026-08-15&enddate=2026-09-25,playwright,2026-09-25T21:51:13+05:30
RD001,Red Hills,upstream,,,2026-08-17T06:00:00+05:30,,,,5.94648166501487,cusec,https://chennaifloodmonitor.tn.gov.in/Master/GetHistoricalDataForReservoir?reservoirid=RD001&startdate=2026-08-15&enddate=2026-09-25,playwright,2026-09-25T21:51:31+05:30
TNCH-07-T0726,Chembarambakkam Tank,upstream,,,2026-08-17T06:00:00+05:30,,,,0,cusec,https://chennaifloodmonitor.tn.gov.in/Master/GetHistoricalDataForReservoir?reservoirid=TNCH-07-T0726&startdate=2026-08-15&enddate=2026-09-25,playwright,2026-09-25T21:51:13+05:30
RD001,Red Hills,upstream,,,2026-08-18T06:00:00+05:30,,,,6.93756194251734,cusec,https://chennaifloodmonitor.tn.gov.in/Master/GetHistoricalDataForReservoir?reservoirid=RD001&startdate=2026-08-15&enddate=2026-09-25,playwright,2026-09-25T21:51:31+05:30
TNCH-07-T0726,Chembarambakkam Tank,upstream,,,2026-08-18T06:00:00+05:30,,,,0,cusec,https://chennaifloodmonitor.tn.gov.in/Master/GetHistoricalDataForReservoir?reservoirid=TNCH-07-T0726&startdate=2026-08-15&enddate=2026-09-25,playwright,2026-09-25T21:51:13+05:30
RD001,Red Hills,upstream,,,2026-08-19T06:00:00+05:30,,,,6.93756194251734,cusec,https://chennaifloodmonitor.tn.gov.in/Master/GetHistoricalDataForReservoir?reservoirid=RD001&startdate=2026-08-15&enddate=2026-09-25,playwright,2026-09-25T21:51:31+05:30
TNCH-07-T0726,Chembarambakkam Tank,upstream,,,2026-08-19T06:00:00+05:30,,,,0,cusec,https://chennaifloodmonitor.tn.gov.in/Master/GetHistoricalDataForReservoir?reservoirid=TNCH-07-T0726&startdate=2026-08-15&enddate=2026-09-25,playwright,2026-09-25T21:51:13+05:30
RD001,Red Hills,upstream,,,2026-08-20T06:00:00+05:30,,,,5.94648166501487,cusec,https://chennaifloodmonitor.tn.gov.in/Master/GetHistoricalDataForReservoir?reservoirid=RD001&startdate=2026-08-15&enddate=2026-09-25,playwright,2026-09-25T21:51:31+05:30
TNCH-07-T0726,Chembarambakkam Tank,upstream,,,2026-08-20T06:00:00+05:30,,,,0,cusec,https://chennaifloodmonitor.tn.gov.in/Master/GetHistoricalDataForReservoir?reservoirid=TNCH-07-T0726&startdate=2026-08-15&enddate=2026-09-25,playwright,2026-09-25T21:51:13+05:30
RD001,Red Hills,upstream,,,2026-08-21T06:00:00+05:30,,,,5.94648166501487,cusec,https://chennaifloodmonitor.tn.gov.in/Master/GetHistoricalDataForReservoir?reservoirid=RD001&startdate=2026-08-15&enddate=2026-09-25,playwright,2026-09-25T21:51:31+05:30
TNCH-07-T0726,Chembarambakkam Tank,upstream,,,2026-08-21T06:00:00+05:30,,,,0,cusec,https://chennaifloodmonitor.tn.gov.in/Master/GetHistoricalDataForReservoir?reservoirid=TNCH-07-T0726&startdate=2026-08-15&enddate=2026-09-25,playwright,2026-09-25T21:51:13+05:30
RD001,Red Hills,upstream,,,2026-08-22T06:00:00+05:30,,,,5.94648166501487,cusec,https://chennaifloodmonitor.tn.gov.in/Master/GetHistoricalDataForReservoir?reservoirid=RD001&startdate=2026-08-15&enddate=2026-09-25,playwright,2026-09-25T21:51:31+05:30
TNCH-07-T0726,Chembarambakkam Tank,upstream,,,2026-08-22T06:00:00+05:30,,,,0,cusec,https://chennaifloodmonitor.tn.gov.in/Master/GetHistoricalDataForReservoir?reservoirid=TNCH-07-T0726&startdate=2026-08-15&enddate=2026-09-25,playwright,2026-09-25T21:51:13+05:30
RD001,Red Hills,upstream,,,2026-08-23T06:00:00+05:30,,,,5.94648166501487,cusec,https://chennaifloodmonitor.tn.gov.in/Master/GetHistoricalDataForReservoir?reservoirid=RD001&startdate=2026-08-23&enddate=2026-09-25,playwright,2026-09-25T21:51:33+05:30
TNCH-07-T0726,Chembarambakkam Tank,upstream,,,2026-08-23T06:00:00+05:30,,,,0,cusec,https://chennaifloodmonitor.tn.gov.in/Master/GetHistoricalDataForReservoir?reservoirid=TNCH-07-T0726&startdate=2026-08-23&enddate=2026-09-25,playwright,2026-09-25T21:51:15+05:30
RD001,Red Hills,upstream,,,2026-08-24T06:00:00+05:30,,,,5.94648166501487,cusec,https://chennaifloodmonitor.tn.gov.in/Master/GetHistoricalDataForReservoir?reservoirid=RD001&startdate=2026-08-23&enddate=2026-09-25,playwright,2026-09-25T21:51:33+05:30
TNCH-07-T0726,Chembarambakkam Tank,upstream,,,2026-08-24T06:00:00+05:30,,,,7.75874274387654,cusec,https://chennaifloodmonitor.tn.gov.in/Master/GetHistoricalDataForReservoir?reservoirid=TNCH-07-T0726&startdate=2026-08-23&enddate=2026-09-25,playwright,2026-09-25T21:51:15+05:30
RD001,Red Hills,upstream,,,2026-08-25T06:00:00+05:30,,,,7.22072773608948,cusec,https://chennaifloodmonitor.tn.gov.in/Master/GetHistoricalDataForReservoir?reservoirid=RD001&startdate=2026-08-23&enddate=2026-09-25,playwright,2026-09-25T21:51:33+05:30
TNCH-07-T0726,Chembarambakkam Tank,upstream,,,2026-08-25T06:00:00+05:30,,,,8.52329038652131,cusec,https://chennaifloodmonitor.tn.gov.in/Master/GetHistoricalDataForReservoir?reservoirid=TNCH-07-T0726&startdate=2026-08-23&enddate=2026-09-25,playwright,2026-09-25T21:51:15+05:30
RD001,Red Hills,upstream,,,2026-08-26T06:00:00+05:30,,,,7.22072773608948,cusec,https://chennaifloodmonitor.tn.gov.in/Master/GetHistoricalDataForReservoir?reservoirid=RD001&startdate=2026-08-23&enddate=2026-09-25,playwright,2026-09-25T21:51:33+05:30
TNCH-07-T0726,Chembarambakkam Tank,upstream,,,2026-08-26T06:00:00+05:30,,,,1.98216055500496,cusec,https://chennaifloodmonitor.tn.gov.in/Master/GetHistoricalDataForReservoir?reservoirid=TNCH-07-T0726&startdate=2026-08-23&enddate=2026-09-25,playwright,2026-09-25T21:51:15+05:30
RD001,Red Hills,upstream,,,2026-08-27T06:00:00+05:30,,,,6.79597904573128,cusec,https://chennaifloodmonitor.tn.gov.in/Master/GetHistoricalDataForReservoir?reservoirid=RD001&startdate=2026-08-23&enddate=2026-09-25,playwright,2026-09-25T21:51:33+05:30
TNCH-07-T0726,Chembarambakkam Tank,upstream,,,2026-08-27T06:00:00+05:30,,,,0.991080277502478,cusec,https://chennaifloodmonitor.tn.gov.in/Master/GetHistoricalDataForReservoir?reservoirid=TNCH-07-T0726&startdate=2026-08-23&enddate=2026-09-25,playwright,2026-09-25T21:51:15+05:30
RD001,Red Hills,upstream,,,2026-08-28T06:00:00+05:30,,,,5.94648166501487,cusec,https://chennaifloodmonitor.tn.gov.in/Master/GetHistoricalDataForReservoir?reservoirid=RD001&startdate=2026-08-23&enddate=2026-09-25,playwright,2026-09-25T21:51:33+05:30
TNCH-07-T0726,Chembarambakkam Tank,upstream,,,2026-08-28T06:00:00+05:30,,,,0,cusec,https://chennaifloodmonitor.tn.gov.in/Master/GetHistoricalDataForReservoir?reservoirid=TNCH-07-T0726&startdate=2026-08-23&enddate=2026-09-25,playwright,2026-09-25T21:51:15+05:30
RD001,Red Hills,upstream,,,2026-08-29T06:00:00+05:30,,,,5.94648166501487,cusec,https://chennaifloodmonitor.tn.gov.in/Master/GetHistoricalDataForReservoir?reservoirid=RD001&startdate=2026-08-23&enddate=2026-09-25,playwright,2026-09-25T21:51:33+05:30
TNCH-07-T0726,Chembarambakkam Tank,upstream,,,2026-08-29T06:00:00+05:30,,,,0,cusec,https://chennaifloodmonitor.tn.gov.in/Master/GetHistoricalDataForReservoir?reservoirid=TNCH-07-T0726&startdate=2026-08-23&enddate=2026-09-25,playwright,2026-09-25T21:51:15+05:30
RD001,Red Hills,upstream,,,2026-08-30T06:00:00+05:30,,,,5.94648166501487,cusec,https://chennaifloodmonitor.tn.gov.in/Master/GetHistoricalDataForReservoir?reservoirid=RD001&startdate=2026-08-23&enddate=2026-09-25,playwright,2026-09-25T21:51:33+05:30
TNCH-07-T0726,Chembarambakkam Tank,upstream,,,2026-08-30T06:00:00+05:30,,,,0,cusec,https://chennaifloodmonitor.tn.gov.in/Master/GetHistoricalDataForReservoir?reservoirid=TNCH-07-T0726&startdate=2026-08-23&enddate=2026-09-25,playwright,2026-09-25T21:51:15+05:30
RD001,Red Hills,upstream,,,2026-08-31T06:00:00+05:30,,,,5.94648166501487,cusec,https://chennaifloodmonitor.tn.gov.in/Master/GetHistoricalDataForReservoir?reservoirid=RD001&startdate=2026-08-31&enddate=2026-09-25,playwright,2026-09-25T21:51:34+05:30
TNCH-07-T0726,Chembarambakkam Tank,upstream,,,2026-08-31T06:00:00+05:30,,,,0,cusec,https://chennaifloodmonitor.tn.gov.in/Master/GetHistoricalDataForReservoir?reservoirid=TNCH-07-T0726&startdate=2026-08-31&enddate=2026-09-25,playwright,2026-09-25T21:51:16+05:30
RD001,Red Hills,upstream,,,2026-09-01T06:00:00+05:30,,,,5.94648166501487,cusec,https://chennaifloodmonitor.tn.gov.in/Master/GetHistoricalDataForReservoir?reservoirid=RD001&startdate=2026-08-31&enddate=2026-09-25,playwright,2026-09-25T21:51:34+05:30
TNCH-07-T0726,Chembarambakkam Tank,upstream,,,2026-09-01T06:00:00+05:30,,,,0,cusec,https://chennaifloodmonitor.tn.gov.in/Master/GetHistoricalDataForReservoir?reservoirid=TNCH-07-T0726&startdate=2026-08-31&enddate=2026-09-25,playwright,2026-09-25T21:51:16+05:30
RD001,Red Hills,upstream,,,2026-09-02T06:00:00+05:30,,,,5.94648166501487,cusec,https://chennaifloodmonitor.tn.gov.in/Master/GetHistoricalDataForReservoir?reservoirid=RD001&startdate=2026-08-31&enddate=2026-09-25,playwright,2026-09-25T21:51:34+05:30
TNCH-07-T0726,Chembarambakkam Tank,upstream,,,2026-09-02T06:00:00+05:30,,,,0,cusec,https://chennaifloodmonitor.tn.gov.in/Master/GetHistoricalDataForReservoir?reservoirid=TNCH-07-T0726&startdate=2026-08-31&enddate=2026-09-25,playwright,2026-09-25T21:51:16+05:30
RD001,Red Hills,upstream,,,2026-09-03T06:00:00+05:30,,,,5.94648166501487,cusec,https://chennaifloodmonitor.tn.gov.in/Master/GetHistoricalDataForReservoir?reservoirid=RD001&startdate=2026-08-31&enddate=2026-09-25,playwright,2026-09-25T21:51:34+05:30
TNCH-07-T0726,Chembarambakkam Tank,upstream,,,2026-09-03T06:00:00+05:30,,,,0,cusec,https://chennaifloodmonitor.tn.gov.in/Master/GetHistoricalDataForReservoir?reservoirid=TNCH-07-T0726&startdate=2026-08-31&enddate=2026-09-25,playwright,2026-09-25T21:51:16+05:30
RD001,Red Hills,upstream,,,2026-09-04T06:00:00+05:30,,,,5.94648166501487,cusec,https://chennaifloodmonitor.tn.gov.in/Master/GetHistoricalDataForReservoir?reservoirid=RD001&startdate=2026-08-31&enddate=2026-09-25,playwright,2026-09-25T21:51:34+05:30
TNCH-07-T0726,Chembarambakkam Tank,upstream,,,2026-09-04T06:00:00+05:30,,,,0.991080277502478,cusec,https://chennaifloodmonitor.tn.gov.in/Master/GetHistoricalDataForReservoir?reservoirid=TNCH-07-T0726&startdate=2026-08-31&enddate=2026-09-25,playwright,2026-09-25T21:51:16+05:30
RD001,Red Hills,upstream,,,2026-09-05T06:00:00+05:30,,,,5.94648166501487,cusec,https://chennaifloodmonitor.tn.gov.in/Master/GetHistoricalDataForReservoir?reservoirid=RD001&startdate=2026-08-31&enddate=2026-09-25,playwright,2026-09-25T21:51:34+05:30
TNCH-07-T0726,Chembarambakkam Tank,upstream,,,2026-09-05T06:00:00+05:30,,,,0.991080277502478,cusec,https://chennaifloodmonitor.tn.gov.in/Master/GetHistoricalDataForReservoir?reservoirid=TNCH-07-T0726&startdate=2026-08-31&enddate=2026-09-25,playwright,2026-09-25T21:51:16+05:30
RD001,Red Hills,upstream,,,2026-09-06T06:00:00+05:30,,,,6.93756194251734,cusec,https://chennaifloodmonitor.tn.gov.in/Master/GetHistoricalDataForReservoir?reservoirid=RD001&startdate=2026-08-31&enddate=2026-09-25,playwright,2026-09-25T21:51:34+05:30
TNCH-07-T0726,Chembarambakkam Tank,upstream,,,2026-09-06T06:00:00+05:30,,,,0,cusec,https://chennaifloodmonitor.tn.gov.in/Master/GetHistoricalDataForReservoir?reservoirid=TNCH-07-T0726&startdate=2026-08-31&enddate=2026-09-25,playwright,2026-09-25T21:51:16+05:30
RD001,Red Hills,upstream,,,2026-09-07T06:00:00+05:30,,,,14.3565057341073,cusec,https://chennaifloodmonitor.tn.gov.in/Master/GetHistoricalDataForReservoir?reservoirid=RD001&startdate=2026-08-31&enddate=2026-09-25,playwright,2026-09-25T21:51:34+05:30
TNCH-07-T0726,Chembarambakkam Tank,upstream,,,2026-09-07T06:00:00+05:30,,,,1.98216055500496,cusec,https://chennaifloodmonitor.tn.gov.in/Master/GetHistoricalDataForReservoir?reservoirid=TNCH-07-T0726&startdate=2026-08-31&enddate=2026-09-25,playwright,2026-09-25T21:51:16+05:30
RD001,Red Hills,upstream,,,2026-09-08T06:00:00+05:30,,,,16.1404502336118,cusec,https://chennaifloodmonitor.tn.gov.in/Master/GetHistoricalDataForReservoir?reservoirid=RD001&startdate=2026-09-08&enddate=2026-09-25,playwright,2026-09-25T21:51:36+05:30
TNCH-07-T0726,Chembarambakkam Tank,upstream,,,2026-09-08T06:00:00+05:30,,,,4.10590400679598,cusec,https://chennaifloodmonitor.tn.gov.in/Master/GetHistoricalDataForReservoir?reservoirid=TNCH-07-T0726&startdate=2026-09-08&enddate=2026-09-25,playwright,2026-09-25T21:51:18+05:30
RD001,Red Hills,upstream,,,2026-09-09T06:00:00+05:30,,,,13.0256265043183,cusec,https://chennaifloodmonitor.tn.gov.in/Master/GetHistoricalDataForReservoir?reservoirid=RD001&startdate=2026-09-08&enddate=2026-09-25,playwright,2026-09-25T21:51:36+05:30
TNCH-07-T0726,Chembarambakkam Tank,upstream,,,2026-09-09T06:00:00+05:30,,,,0,cusec,https://chennaifloodmonitor.tn.gov.in/Master/GetHistoricalDataForReservoir?reservoirid=TNCH-07-T0726&startdate=2026-09-08&enddate=2026-09-25,playwright,2026-09-25T21:51:18+05:30
RD001,Red Hills,upstream,,,2026-09-10T06:00:00+05:30,,,,6.79597904573128,cusec,https://chennaifloodmonitor.tn.gov.in/Master/GetHistoricalDataForReservoir?reservoirid=RD001&startdate=2026-09-08&enddate=2026-09-25,playwright,2026-09-25T21:51:36+05:30
TNCH-07-T0726,Chembarambakkam Tank,upstream,,,2026-09-10T06:00:00+05:30,,,,0,cusec,https://chennaifloodmonitor.tn.gov.in/Master/GetHistoricalDataForReservoir?reservoirid=TNCH-07-T0726&startdate=2026-09-08&enddate=2026-09-25,playwright,2026-09-25T21:51:18+05:30
RD001,Red Hills,upstream,,,2026-09-11T06:00:00+05:30,,,,6.79597904573128,cusec,https://chennaifloodmonitor.tn.gov.in/Master/GetHistoricalDataForReservoir?reservoirid=RD001&startdate=2026-09-08&enddate=2026-09-25,playwright,2026-09-25T21:51:36+05:30
TNCH-07-T0726,Chembarambakkam Tank,upstream,,,2026-09-11T06:00:00+05:30,,,,5.15361744301288,cusec,https://chennaifloodmonitor.tn.gov.in/Master/GetHistoricalDataForReservoir?reservoirid=TNCH-07-T0726&startdate=2026-09-08&enddate=2026-09-25,playwright,2026-09-25T21:51:18+05:30
RD001,Red Hills,upstream,,,2026-09-12T06:00:00+05:30,,,,6.79597904573128,cusec,https://chennaifloodmonitor.tn.gov.in/Master/GetHistoricalDataForReservoir?reservoirid=RD001&startdate=2026-09-08&enddate=2026-09-25,playwright,2026-09-25T21:51:36+05:30
TNCH-07-T0726,Chembarambakkam Tank,upstream,,,2026-09-12T06:00:00+05:30,,,,0,cusec,https://chennaifloodmonitor.tn.gov.in/Master/GetHistoricalDataForReservoir?reservoirid=TNCH-07-T0726&startdate=2026-09-08&enddate=2026-09-25,playwright,2026-09-25T21:51:18+05:30
RD001,Red Hills,upstream,,,2026-09-13T06:00:00+05:30,,,,6.79597904573128,cusec,https://chennaifloodmonitor.tn.gov.in/Master/GetHistoricalDataForReservoir?reservoirid=RD001&startdate=2026-09-08&enddate=2026-09-25,playwright,2026-09-25T21:51:36+05:30
TNCH-07-T0726,Chembarambakkam Tank,upstream,,,2026-09-13T06:00:00+05:30,,,,0,cusec,https://chennaifloodmonitor.tn.gov.in/Master/GetHistoricalDataForReservoir?reservoirid=TNCH-07-T0726&startdate=2026-09-08&enddate=2026-09-25,playwright,2026-09-25T21:51:18+05:30
RD001,Red Hills,upstream,,,2026-09-14T06:00:00+05:30,,,,6.79597904573128,cusec,https://chennaifloodmonitor.tn.gov.in/Master/GetHistoricalDataForReservoir?reservoirid=RD001&startdate=2026-09-08&enddate=2026-09-25,playwright,2026-09-25T21:51:36+05:30
TNCH-07-T0726,Chembarambakkam Tank,upstream,,,2026-09-14T06:00:00+05:30,,,,5.94648166501487,cusec,https://chennaifloodmonitor.tn.gov.in/Master/GetHistoricalDataForReservoir?reservoirid=TNCH-07-T0726&startdate=2026-09-08&enddate=2026-09-25,playwright,2026-09-25T21:51:18+05:30
RD001,Red Hills,upstream,,,2026-09-15T06:00:00+05:30,,,,6.79597904573128,cusec,https://chennaifloodmonitor.tn.gov.in/Master/GetHistoricalDataForReservoir?reservoirid=RD001&startdate=2026-09-08&enddate=2026-09-25,playwright,2026-09-25T21:51:36+05:30
TNCH-07-T0726,Chembarambakkam Tank,upstream,,,2026-09-15T06:00:00+05:30,,,,0.991080277502478,cusec,https://chennaifloodmonitor.tn.gov.in/Master/GetHistoricalDataForReservoir?reservoirid=TNCH-07-T0726&startdate=2026-09-08&enddate=2026-09-25,playwright,2026-09-25T21:51:18+05:30
RD001,Red Hills,upstream,,,2026-09-16T06:00:00+05:30,,,,6.79597904573128,cusec,https://chennaifloodmonitor.tn.gov.in/Master/GetHistoricalDataForReservoir?reservoirid=RD001&startdate=2026-09-16&enddate=2026-09-25,playwright,2026-09-25T21:51:37+05:30
TNCH-07-T0726,Chembarambakkam Tank,upstream,,,2026-09-16T06:00:00+05:30,,,,0.991080277502478,cusec,https://chennaifloodmonitor.tn.gov.in/Master/GetHistoricalDataForReservoir?reservoirid=TNCH-07-T0726&startdate=2026-09-16&enddate=2026-09-25,playwright,2026-09-25T21:51:19+05:30
RD001,Red Hills,upstream,,,2026-09-17T06:00:00+05:30,,,,5.94648166501487,cusec,https://chennaifloodmonitor.tn.gov.in/Master/GetHistoricalDataForReservoir?reservoirid=RD001&startdate=2026-09-16&enddate=2026-09-25,playwright,2026-09-25T21:51:37+05:30
TNCH-07-T0726,Chembarambakkam Tank,upstream,,,2026-09-17T06:00:00+05:30,,,,0,cusec,https://chennaifloodmonitor.tn.gov.in/Master/GetHistoricalDataForReservoir?reservoirid=TNCH-07-T0726&startdate=2026-09-16&enddate=2026-09-25,playwright,2026-09-25T21:51:19+05:30
RD001,Red Hills,upstream,,,2026-09-18T06:00:00+05:30,,,,5.94648166501487,cusec,https://chennaifloodmonitor.tn.gov.in/Master/GetHistoricalDataForReservoir?reservoirid=RD001&startdate=2026-09-16&enddate=2026-09-25,playwright,2026-09-25T21:51:37+05:30
TNCH-07-T0726,Chembarambakkam Tank,upstream,,,2026-09-18T06:00:00+05:30,,,,0,cusec,https://chennaifloodmonitor.tn.gov.in/Master/GetHistoricalDataForReservoir?reservoirid=TNCH-07-T0726&startdate=2026-09-16&enddate=2026-09-25,playwright,2026-09-25T21:51:19+05:30
RD001,Red Hills,upstream,,,2026-09-19T06:00:00+05:30,,,,5.94648166501487,cusec,https://chennaifloodmonitor.tn.gov.in/Master/GetHistoricalDataForReservoir?reservoirid=RD001&startdate=2026-09-16&enddate=2026-09-25,playwright,2026-09-25T21:51:37+05:30
TNCH-07-T0726,Chembarambakkam Tank,upstream,,,2026-09-19T06:00:00+05:30,,,,0,cusec,https://chennaifloodmonitor.tn.gov.in/Master/GetHistoricalDataForReservoir?reservoirid=TNCH-07-T0726&startdate=2026-09-16&enddate=2026-09-25,playwright,2026-09-25T21:51:19+05:30
RD001,Red Hills,upstream,,,2026-09-20T06:00:00+05:30,,,,5.94648166501487,cusec,https://chennaifloodmonitor.tn.gov.in/Master/GetHistoricalDataForReservoir?reservoirid=RD001&startdate=2026-09-16&enddate=2026-09-25,playwright,2026-09-25T21:51:37+05:30
TNCH-07-T0726,Chembarambakkam Tank,upstream,,,2026-09-20T06:00:00+05:30,,,,0,cusec,https://chennaifloodmonitor.tn.gov.in/Master/GetHistoricalDataForReservoir?reservoirid=TNCH-07-T0726&startdate=2026-09-16&enddate=2026-09-25,playwright,2026-09-25T21:51:19+05:30
RD001,Red Hills,upstream,,,2026-09-21T06:00:00+05:30,,,,5.94648166501487,cusec,https://chennaifloodmonitor.tn.gov.in/Master/GetHistoricalDataForReservoir?reservoirid=RD001&startdate=2026-09-16&enddate=2026-09-25,playwright,2026-09-25T21:51:37+05:30
TNCH-07-T0726,Chembarambakkam Tank,upstream,,,2026-09-21T06:00:00+05:30,,,,0,cusec,https://chennaifloodmonitor.tn.gov.in/Master/GetHistoricalDataForReservoir?reservoirid=TNCH-07-T0726&startdate=2026-09-16&enddate=2026-09-25,playwright,2026-09-25T21:51:19+05:30
RD001,Red Hills,upstream,,,2026-09-22T06:00:00+05:30,,,,5.94648166501487,cusec,https://chennaifloodmonitor.tn.gov.in/Master/GetHistoricalDataForReservoir?reservoirid=RD001&startdate=2026-09-16&enddate=2026-09-25,playwright,2026-09-25T21:51:37+05:30
TNCH-07-T0726,Chembarambakkam Tank,upstream,,,2026-09-22T06:00:00+05:30,,,,5.38015007787059,cusec,https://chennaifloodmonitor.tn.gov.in/Master/GetHistoricalDataForReservoir?reservoirid=TNCH-07-T0726&startdate=2026-09-16&enddate=2026-09-25,playwright,2026-09-25T21:51:19+05:30
RD001,Red Hills,upstream,,,2026-09-23T06:00:00+05:30,,,,5.94648166501487,cusec,https://chennaifloodmonitor.tn.gov.in/Master/GetHistoricalDataForReservoir?reservoirid=RD001&startdate=2026-09-16&enddate=2026-09-25,playwright,2026-09-25T21:51:37+05:30
TNCH-07-T0726,Chembarambakkam Tank,upstream,,,2026-09-23T06:00:00+05:30,,,,0,cusec,https://chennaifloodmonitor.tn.gov.in/Master/GetHistoricalDataForReservoir?reservoirid=TNCH-07-T0726&startdate=2026-09-16&enddate=2026-09-25,playwright,2026-09-25T21:51:19+05:30
RD001,Red Hills,upstream,,,2026-09-24T06:00:00+05:30,,,,5.94648166501487,cusec,https://chennaifloodmonitor.tn.gov.in/Master/GetHistoricalDataForReservoir?reservoirid=RD001&startdate=2026-09-24&enddate=2026-09-25,playwright,2026-09-25T21:51:39+05:30
TNCH-07-T0726,Chembarambakkam Tank,upstream,,,2026-09-24T06:00:00+05:30,,,,0,cusec,https://chennaifloodmonitor.tn.gov.in/Master/GetHistoricalDataForReservoir?reservoirid=TNCH-07-T0726&startdate=2026-09-24&enddate=2026-09-25,playwright,2026-09-25T21:51:21+05:30
RD001,Red Hills,upstream,,,2026-09-25T06:00:00+05:30,,0,cusec,5.94648166501487,cusec,https://chennaifloodmonitor.tn.gov.in/Master/GetTankDataByDate,playwright,2026-09-25T21:51:03+05:30
TNCH-07-T0726,Chembarambakkam Tank,upstream,,,2026-09-25T06:00:00+05:30,,0,cusec,0,cusec,https://chennaifloodmonitor.tn.gov.in/Master/GetTankDataByDate,playwright,2026-09-25T21:51:03+05:30
RD001,Red Hills,upstream,,,2026-09-26T06:00:00+05:30,,0,cusec,5.94648166501487,cusec,https://chennaifloodmonitor.tn.gov.in/Master/GetTankDataByDate,playwright,2026-09-27T01:51:52+05:30
TNCH-07-T0726,Chembarambakkam Tank,upstream,,,2026-09-26T06:00:00+05:30,,0,cusec,0,cusec,https://chennaifloodmonitor.tn.gov.in/Master/GetTankDataByDate,playwright,2026-09-27T01:51:52+05:30
RD001,Red Hills,upstream,,,2026-09-27T06:00:00+05:30,,,,5.94648166501487,cusec,https://chennaifloodmonitor.tn.gov.in/Master/GetHistoricalDataForReservoir?reservoirid=RD001&startdate=2026-09-26&enddate=2026-09-28,playwright,2026-09-28T14:10:59+05:30
TNCH-07-T0726,Chembarambakkam Tank,upstream,,,2026-09-27T06:00:00+05:30,,,,0,cusec,https://chennaifloodmonitor.tn.gov.in/Master/GetHistoricalDataForReservoir?reservoirid=TNCH-07-T0726&startdate=2026-09-26&enddate=2026-09-28,playwright,2026-09-28T14:10:57+05:30
RD001,Red Hills,upstream,,,2026-09-28T06:00:00+05:30,,0,cusec,5.94648166501487,cusec,https://chennaifloodmonitor.tn.gov.in/Master/GetTankDataByDate,playwright,2026-09-28T14:10:56+05:30
TNCH-07-T0726,Chembarambakkam Tank,upstream,,,2026-09-28T06:00:00+05:30,,0,cusec,0,cusec,https://chennaifloodmonitor.tn.gov.in/Master/GetTankDataByDate,playwright,2026-09-28T14:10:56+05:30
RD001,Red Hills,upstream,,,2026-09-30T06:00:00+05:30,,,,5.94648166501487,cusec,https://chennaifloodmonitor.tn.gov.in/Master/GetHistoricalDataForReservoir?reservoirid=RD001&startdate=2026-09-30&enddate=2026-10-02,playwright,2026-10-02T12:43:48+05:30
TNCH-07-T0726,Chembarambakkam Tank,upstream,,,2026-09-30T06:00:00+05:30,,,,0,cusec,https://chennaifloodmonitor.tn.gov.in/Master/GetHistoricalDataForReservoir?reservoirid=TNCH-07-T0726&startdate=2026-09-30&enddate=2026-10-02,playwright,2026-10-02T12:43:46+05:30
RD001,Red Hills,upstream,,,2026-10-01T06:00:00+05:30,,,,5.94648166501487,cusec,https://chennaifloodmonitor.tn.gov.in/Master/GetHistoricalDataForReservoir?reservoirid=RD001&startdate=2026-09-30&enddate=2026-10-02,playwright,2026-10-02T12:43:48+05:30
TNCH-07-T0726,Chembarambakkam Tank,upstream,,,2026-10-01T06:00:00+05:30,,,,0,cusec,https://chennaifloodmonitor.tn.gov.in/Master/GetHistoricalDataForReservoir?reservoirid=TNCH-07-T0726&startdate=2026-09-30&enddate=2026-10-02,playwright,2026-10-02T12:43:46+05:30
RD001,Red Hills,upstream,,,2026-10-01T12:00:00+05:30,,,,5.94648166501487,cusec,https://chennaifloodmonitor.tn.gov.in/Master/GetHistoricalDataForReservoir?reservoirid=RD001&startdate=2026-09-30&enddate=2026-10-02,playwright,2026-10-02T12:43:48+05:30
TNCH-07-T0726,Chembarambakkam Tank,upstream,,,2026-10-01T12:00:00+05:30,,,,0,cusec,https://chennaifloodmonitor.tn.gov.in/Master/GetHistoricalDataForReservoir?reservoirid=TNCH-07-T0726&startdate=2026-09-30&enddate=2026-10-02,playwright,2026-10-02T12:43:46+05:30
RD001,Red Hills,upstream,,,2026-10-01T16:00:00+05:30,,,,5.94648166501487,cusec,https://chennaifloodmonitor.tn.gov.in/Master/GetHistoricalDataForReservoir?reservoirid=RD001&startdate=2026-09-30&enddate=2026-10-02,playwright,2026-10-02T12:43:48+05:30
TNCH-07-T0726,Chembarambakkam Tank,upstream,,,2026-10-01T16:00:00+05:30,,,,0,cusec,https://chennaifloodmonitor.tn.gov.in/Master/GetHistoricalDataForReservoir?reservoirid=TNCH-07-T0726&startdate=2026-09-30&enddate=2026-10-02,playwright,2026-10-02T12:43:46+05:30
RD001,Red Hills,upstream,,,2026-10-01T20:00:00+05:30,,,,5.94648166501487,cusec,https://chennaifloodmonitor.tn.gov.in/Master/GetHistoricalDataForReservoir?reservoirid=RD001&startdate=2026-09-30&enddate=2026-10-02,playwright,2026-10-02T12:43:48+05:30
TNCH-07-T0726,Chembarambakkam Tank,upstream,,,2026-10-01T20:00:00+05:30,,,,0,cusec,https://chennaifloodmonitor.tn.gov.in/Master/GetHistoricalDataForReservoir?reservoirid=TNCH-07-T0726&startdate=2026-09-30&enddate=2026-10-02,playwright,2026-10-02T12:43:46+05:30
RD001,Red Hills,upstream,,,2026-10-02T06:00:00+05:30,,0,cusec,6.37123035537307,cusec,https://chennaifloodmonitor.tn.gov.in/Master/GetTankDataByDate,playwright,2026-10-02T12:43:45+05:30
TNCH-07-T0726,Chembarambakkam Tank,upstream,,,2026-10-02T06:00:00+05:30,,0,cusec,0,cusec,https://chennaifloodmonitor.tn.gov.in/Master/GetTankDataByDate,playwright,2026-10-02T12:43:45+05:30
RD001,Red Hills,upstream,,,2026-10-02T12:00:00+05:30,,,,6.37123035537307,cusec,https://chennaifloodmonitor.tn.gov.in/Master/GetHistoricalDataForReservoir?reservoirid=RD001&startdate=2026-10-01&enddate=2026-10-03,playwright,2026-10-03T12:58:51+05:30
TNCH-07-T0726,Chembarambakkam Tank,upstream,,,2026-10-02T12:00:00+05:30,,,,0,cusec,https://chennaifloodmonitor.tn.gov.in/Master/GetHistoricalDataForReservoir?reservoirid=TNCH-07-T0726&startdate=2026-10-01&enddate=2026-10-03,playwright,2026-10-03T12:58:49+05:30
RD001,Red Hills,upstream,,,2026-10-02T16:00:00+05:30,,,,6.37123035537307,cusec,https://chennaifloodmonitor.tn.gov.in/Master/GetHistoricalDataForReservoir?reservoirid=RD001&startdate=2026-10-01&enddate=2026-10-03,playwright,2026-10-03T12:58:51+05:30
TNCH-07-T0726,Chembarambakkam Tank,upstream,,,2026-10-02T16:00:00+05:30,,,,0,cusec,https://chennaifloodmonitor.tn.gov.in/Master/GetHistoricalDataForReservoir?reservoirid=TNCH-07-T0726&startdate=2026-10-01&enddate=2026-10-03,playwright,2026-10-03T12:58:49+05:30
RD001,Red Hills,upstream,,,2026-10-02T20:00:00+05:30,,,,0,cusec,https://chennaifloodmonitor.tn.gov.in/Master/GetHistoricalDataForReservoir?reservoirid=RD001&startdate=2026-10-01&enddate=2026-10-03,playwright,2026-10-03T12:58:51+05:30
TNCH-07-T0726,Chembarambakkam Tank,upstream,,,2026-10-02T20:00:00+05:30,,,,0,cusec,https://chennaifloodmonitor.tn.gov.in/Master/GetHistoricalDataForReservoir?reservoirid=TNCH-07-T0726&startdate=2026-10-01&enddate=2026-10-03,playwright,2026-10-03T12:58:49+05:30
RD001,Red Hills,upstream,,,2026-10-03T06:00:00+05:30,,0,cusec,6.37123035537307,cusec,https://chennaifloodmonitor.tn.gov.in/Master/GetTankDataByDate,playwright,2026-10-03T12:58:48+05:30
TNCH-07-T0726,Chembarambakkam Tank,upstream,,,2026-10-03T06:00:00+05:30,,0,cusec,0,cusec,https://chennaifloodmonitor.tn.gov.in/Master/GetTankDataByDate,playwright,2026-10-03T12:58:48+05:30
RD001,Red Hills,upstream,,,2026-10-03T12:00:00+05:30,,,,6.37123035537307,cusec,https://chennaifloodmonitor.tn.gov.in/Master/GetHistoricalDataForReservoir?reservoirid=RD001&startdate=2026-10-02&enddate=2026-10-04,playwright,2026-10-04T11:33:14+05:30
TNCH-07-T0726,Chembarambakkam Tank,upstream,,,2026-10-03T12:00:00+05:30,,,,0,cusec,https://chennaifloodmonitor.tn.gov.in/Master/GetHistoricalDataForReservoir?reservoirid=TNCH-07-T0726&startdate=2026-10-02&enddate=2026-10-04,playwright,2026-10-04T11:33:12+05:30
RD001,Red Hills,upstream,,,2026-10-03T16:00:00+05:30,,,,6.37123035537307,cusec,https://chennaifloodmonitor.tn.gov.in/Master/GetHistoricalDataForReservoir?reservoirid=RD001&startdate=2026-10-02&enddate=2026-10-04,playwright,2026-10-04T11:33:14+05:30
TNCH-07-T0726,Chembarambakkam Tank,upstream,,,2026-10-03T16:00:00+05:30,,,,0,cusec,https://chennaifloodmonitor.tn.gov.in/Master/GetHistoricalDataForReservoir?reservoirid=TNCH-07-T0726&startdate=2026-10-02&enddate=2026-10-04,playwright,2026-10-04T11:33:12+05:30
RD001,Red Hills,upstream,,,2026-10-03T20:00:00+05:30,,,,0,cusec,https://chennaifloodmonitor.tn.gov.in/Master/GetHistoricalDataForReservoir?reservoirid=RD001&startdate=2026-10-02&enddate=2026-10-04,playwright,2026-10-04T11:33:14+05:30
TNCH-07-T0726,Chembarambakkam Tank,upstream,,,2026-10-03T20:00:00+05:30,,,,0,cusec,https://chennaifloodmonitor.tn.gov.in/Master/GetHistoricalDataForReservoir?reservoirid=TNCH-07-T0726&startdate=2026-10-02&enddate=2026-10-04,playwright,2026-10-04T11:33:12+05:30
RD001,Red Hills,upstream,,,2026-10-04T06:00:00+05:30,,0,cusec,6.37123035537307,cusec,https://chennaifloodmonitor.tn.gov.in/Master/GetTankDataByDate,playwright,2026-10-04T11:33:11+05:30
TNCH-07-T0726,Chembarambakkam Tank,upstream,,,2026-10-04T06:00:00+05:30,,0,cusec,0,cusec,https://chennaifloodmonitor.tn.gov.in/Master/GetTankDataByDate,playwright,2026-10-04T11:33:11+05:30
