run_started_at,endpoint,http_status,fetch_method,latest_source_observed_at,fetched_at,rows_fetched,inserted,updated,unchanged,corrected,dropped_out_of_scope,archived,total_rows_after,window_days_with_data
2026-09-25T21:50:39+05:30,/Master/GetCsectionAndWaterLevel,200,playwright,2025-10-04T17:00:00+05:30,2026-09-25T21:51:42+05:30,14,14,0,0,0,2,0,0,0
2026-09-25T21:50:39+05:30,/Master/GetDangerMaxWaterlevel,200,playwright,2025-12-02T12:30:00+05:30,2026-09-25T21:51:42+05:30,0,0,0,0,0,0,0,0,0
2026-09-25T21:50:39+05:30,/Master/GetAllSubBasinAndPointid,200,playwright,,2026-09-25T21:51:42+05:30,0,0,0,0,0,0,,,
2026-09-25T21:50:39+05:30,/Master/GetAWLR_AWRSData,200,playwright,,2026-09-25T21:51:42+05:30,0,0,0,0,0,0,,,
2026-09-25T21:50:39+05:30,/Master/GetCriticalWaterLevel,200,playwright,2025-12-02T12:30:00+05:30,2026-09-25T21:51:42+05:30,5,5,0,0,0,0,0,0,0
2026-09-25T21:50:39+05:30,/Master/GetTankDataByDate,200,playwright,2026-09-25T06:00:00+05:30,2026-09-25T21:51:42+05:30,2,2,0,0,0,3,0,180,90
2026-09-25T21:50:39+05:30,/Master/GetHistoricalDataForReservoir,200,playwright,2026-09-25T06:00:00+05:30,2026-09-25T21:51:42+05:30,180,178,0,2,0,0,0,180,90
2026-09-25T21:50:39+05:30,/HomePage/GetPublishAlert,200,playwright,2025-10-28,2026-09-25T21:51:42+05:30,0,0,0,0,0,0,0,0,0
2026-09-25T21:50:39+05:30,/HomePage/GetBulletins,200,playwright,2025-10-28,2026-09-25T21:51:42+05:30,7,7,0,0,0,0,0,0,0
2026-09-25T21:51:55+05:30,/Master/GetCsectionAndWaterLevel,200,playwright,2025-10-04T17:00:00+05:30,2026-09-25T21:52:16+05:30,14,0,0,14,0,2,0,0,0
2026-09-25T21:51:55+05:30,/Master/GetDangerMaxWaterlevel,200,playwright,2025-12-02T12:30:00+05:30,2026-09-25T21:52:16+05:30,0,0,0,0,0,0,0,0,0
2026-09-25T21:51:55+05:30,/Master/GetAllSubBasinAndPointid,200,playwright,,2026-09-25T21:52:16+05:30,0,0,0,0,0,0,,,
2026-09-25T21:51:55+05:30,/Master/GetAWLR_AWRSData,200,playwright,,2026-09-25T21:52:16+05:30,0,0,0,0,0,0,,,
2026-09-25T21:51:55+05:30,/Master/GetCriticalWaterLevel,200,playwright,2025-12-02T12:30:00+05:30,2026-09-25T21:52:16+05:30,5,0,0,5,0,0,0,0,0
2026-09-25T21:51:55+05:30,/Master/GetTankDataByDate,200,playwright,2026-09-25T06:00:00+05:30,2026-09-25T21:52:16+05:30,2,0,0,2,0,3,0,180,90
2026-09-25T21:51:55+05:30,/Master/GetHistoricalDataForReservoir,200,playwright,2026-09-25T06:00:00+05:30,2026-09-25T21:52:16+05:30,6,0,0,6,0,0,0,180,90
2026-09-25T21:51:55+05:30,/HomePage/GetPublishAlert,200,playwright,2025-10-28,2026-09-25T21:52:16+05:30,0,0,0,0,0,0,0,0,0
2026-09-25T21:51:55+05:30,/HomePage/GetBulletins,200,playwright,2025-10-28,2026-09-25T21:52:16+05:30,7,0,0,7,0,0,0,0,0
2026-09-27T01:51:37+05:30,/Master/GetCsectionAndWaterLevel,200,playwright,2025-10-04T17:00:00+05:30,2026-09-27T01:51:58+05:30,14,0,0,14,0,2,0,0,0
2026-09-27T01:51:37+05:30,/Master/GetDangerMaxWaterlevel,200,playwright,2025-12-02T12:30:00+05:30,2026-09-27T01:51:58+05:30,0,0,0,0,0,0,0,0,0
2026-09-27T01:51:37+05:30,/Master/GetAllSubBasinAndPointid,200,playwright,,2026-09-27T01:51:58+05:30,0,0,0,0,0,0,,,
2026-09-27T01:51:37+05:30,/Master/GetAWLR_AWRSData,200,playwright,,2026-09-27T01:51:58+05:30,0,0,0,0,0,0,,,
2026-09-27T01:51:37+05:30,/Master/GetCriticalWaterLevel,200,playwright,2025-12-02T12:30:00+05:30,2026-09-27T01:51:58+05:30,5,0,0,5,0,0,0,0,0
2026-09-27T01:51:37+05:30,/Master/GetTankDataByDate,200,playwright,2026-09-26T06:00:00+05:30,2026-09-27T01:51:58+05:30,2,2,0,0,0,3,4,178,89
2026-09-27T01:51:37+05:30,/Master/GetHistoricalDataForReservoir,200,playwright,2026-09-26T06:00:00+05:30,2026-09-27T01:51:58+05:30,4,0,0,4,0,0,4,178,89
2026-09-27T01:51:37+05:30,/HomePage/GetPublishAlert,200,playwright,2025-10-28,2026-09-27T01:51:58+05:30,0,0,0,0,0,0,0,0,0
2026-09-27T01:51:37+05:30,/HomePage/GetBulletins,200,playwright,2025-10-28,2026-09-27T01:51:58+05:30,7,0,0,7,0,0,0,0,0
2026-09-27T13:25:44+05:30,/Master/GetCsectionAndWaterLevel,200,playwright,2025-10-04T17:00:00+05:30,2026-09-27T13:26:08+05:30,14,0,0,14,0,2,0,0,0
2026-09-27T13:25:44+05:30,/Master/GetDangerMaxWaterlevel,200,playwright,2025-12-02T12:30:00+05:30,2026-09-27T13:26:08+05:30,0,0,0,0,0,0,0,0,0
2026-09-27T13:25:44+05:30,/Master/GetAllSubBasinAndPointid,200,playwright,,2026-09-27T13:26:08+05:30,0,0,0,0,0,0,,,
2026-09-27T13:25:44+05:30,/Master/GetAWLR_AWRSData,200,playwright,,2026-09-27T13:26:08+05:30,0,0,0,0,0,0,,,
2026-09-27T13:25:44+05:30,/Master/GetCriticalWaterLevel,200,playwright,2025-12-02T12:30:00+05:30,2026-09-27T13:26:08+05:30,5,0,0,5,0,0,0,0,0
2026-09-27T13:25:44+05:30,/Master/GetTankDataByDate,200,playwright,2026-09-26T06:00:00+05:30,2026-09-27T13:26:08+05:30,2,0,0,2,0,3,0,178,89
2026-09-27T13:25:44+05:30,/Master/GetHistoricalDataForReservoir,200,playwright,2026-09-26T06:00:00+05:30,2026-09-27T13:26:08+05:30,4,0,0,4,0,0,0,178,89
2026-09-27T13:25:44+05:30,/HomePage/GetPublishAlert,200,playwright,2025-10-28,2026-09-27T13:26:08+05:30,0,0,0,0,0,0,0,0,0
2026-09-27T13:25:44+05:30,/HomePage/GetBulletins,200,playwright,2025-10-28,2026-09-27T13:26:08+05:30,7,0,0,7,0,0,0,0,0
2026-09-27T21:24:35+05:30,/Master/GetCsectionAndWaterLevel,error,playwright,2025-12-02T12:30:00+05:30,2026-09-27T21:24:56+05:30,0,0,0,0,0,0,0,0,0
2026-09-27T21:24:35+05:30,/Master/GetDangerMaxWaterlevel,error,playwright,2025-12-02T12:30:00+05:30,2026-09-27T21:24:56+05:30,0,0,0,0,0,0,0,0,0
2026-09-27T21:24:35+05:30,/Master/GetTankDataByDate,error,playwright,2026-09-26T06:00:00+05:30,2026-09-27T21:24:56+05:30,0,0,0,0,0,0,0,178,89
2026-09-27T21:24:35+05:30,/Master/GetHistoricalDataForReservoir,error,playwright,2026-09-26T06:00:00+05:30,2026-09-27T21:24:56+05:30,0,0,0,0,0,0,0,178,89
2026-09-27T21:24:35+05:30,/HomePage/GetPublishAlert,error,playwright,2025-10-28,2026-09-27T21:24:56+05:30,0,0,0,0,0,0,0,0,0
2026-09-27T21:24:35+05:30,/HomePage/GetBulletins,error,playwright,2025-10-28,2026-09-27T21:24:56+05:30,0,0,0,0,0,0,0,0,0
2026-09-28T14:10:40+05:30,/Master/GetCsectionAndWaterLevel,200,playwright,2025-10-04T17:00:00+05:30,2026-09-28T14:11:02+05:30,14,0,0,14,0,2,0,0,0
2026-09-28T14:10:40+05:30,/Master/GetDangerMaxWaterlevel,200,playwright,2025-12-02T12:30:00+05:30,2026-09-28T14:11:02+05:30,0,0,0,0,0,0,0,0,0
2026-09-28T14:10:40+05:30,/Master/GetAllSubBasinAndPointid,200,playwright,,2026-09-28T14:11:02+05:30,0,0,0,0,0,0,,,
2026-09-28T14:10:40+05:30,/Master/GetAWLR_AWRSData,200,playwright,,2026-09-28T14:11:02+05:30,0,0,0,0,0,0,,,
2026-09-28T14:10:40+05:30,/Master/GetCriticalWaterLevel,200,playwright,2025-12-02T12:30:00+05:30,2026-09-28T14:11:02+05:30,5,0,0,5,0,0,0,0,0
2026-09-28T14:10:40+05:30,/Master/GetTankDataByDate,200,playwright,2026-09-28T06:00:00+05:30,2026-09-28T14:11:02+05:30,2,2,0,0,0,3,2,180,90
2026-09-28T14:10:40+05:30,/Master/GetHistoricalDataForReservoir,200,playwright,2026-09-28T06:00:00+05:30,2026-09-28T14:11:02+05:30,6,2,0,4,0,0,2,180,90
2026-09-28T14:10:40+05:30,/HomePage/GetPublishAlert,200,playwright,2025-10-28,2026-09-28T14:11:02+05:30,0,0,0,0,0,0,0,0,0
2026-09-28T14:10:40+05:30,/HomePage/GetBulletins,200,playwright,2025-10-28,2026-09-28T14:11:02+05:30,7,0,0,7,0,0,0,0,0
2026-09-29T19:06:37+05:30,/Master/GetCsectionAndWaterLevel,200,playwright,2025-10-04T17:00:00+05:30,2026-09-29T19:06:59+05:30,14,0,0,14,0,2,0,0,0
2026-09-29T19:06:37+05:30,/Master/GetDangerMaxWaterlevel,200,playwright,2025-12-02T12:30:00+05:30,2026-09-29T19:06:59+05:30,0,0,0,0,0,0,0,0,0
2026-09-29T19:06:37+05:30,/Master/GetAllSubBasinAndPointid,200,playwright,,2026-09-29T19:06:59+05:30,0,0,0,0,0,0,,,
2026-09-29T19:06:37+05:30,/Master/GetAWLR_AWRSData,200,playwright,,2026-09-29T19:06:59+05:30,0,0,0,0,0,0,,,
2026-09-29T19:06:37+05:30,/Master/GetCriticalWaterLevel,200,playwright,2025-12-02T12:30:00+05:30,2026-09-29T19:06:59+05:30,5,0,0,5,0,0,0,0,0
2026-09-29T19:06:37+05:30,/Master/GetTankDataByDate,200,playwright,2026-09-28T06:00:00+05:30,2026-09-29T19:06:59+05:30,2,0,0,2,0,3,2,178,89
2026-09-29T19:06:37+05:30,/Master/GetHistoricalDataForReservoir,200,playwright,2026-09-28T06:00:00+05:30,2026-09-29T19:06:59+05:30,4,0,0,4,0,0,2,178,89
2026-09-29T19:06:37+05:30,/HomePage/GetPublishAlert,200,playwright,2025-10-28,2026-09-29T19:06:59+05:30,0,0,0,0,0,0,0,0,0
2026-09-29T19:06:37+05:30,/HomePage/GetBulletins,200,playwright,2025-10-28,2026-09-29T19:06:59+05:30,7,0,0,7,0,0,0,0,0
2026-09-30T12:14:59+05:30,/Master/GetCsectionAndWaterLevel,error,playwright,2025-12-02T12:30:00+05:30,2026-09-30T12:15:11+05:30,0,0,0,0,0,0,0,0,0
2026-09-30T12:14:59+05:30,/Master/GetDangerMaxWaterlevel,error,playwright,2025-12-02T12:30:00+05:30,2026-09-30T12:15:11+05:30,0,0,0,0,0,0,0,0,0
2026-09-30T12:14:59+05:30,/Master/GetTankDataByDate,error,playwright,2026-09-28T06:00:00+05:30,2026-09-30T12:15:11+05:30,0,0,0,0,0,0,2,176,88
2026-09-30T12:14:59+05:30,/Master/GetHistoricalDataForReservoir,error,playwright,2026-09-28T06:00:00+05:30,2026-09-30T12:15:11+05:30,0,0,0,0,0,0,2,176,88
2026-09-30T12:14:59+05:30,/HomePage/GetPublishAlert,error,playwright,2025-10-28,2026-09-30T12:15:11+05:30,0,0,0,0,0,0,0,0,0
2026-09-30T12:14:59+05:30,/HomePage/GetBulletins,error,playwright,2025-10-28,2026-09-30T12:15:11+05:30,0,0,0,0,0,0,0,0,0
2026-10-01T09:42:21+05:30,/Master/GetCsectionAndWaterLevel,200,playwright,2025-10-04T17:00:00+05:30,2026-10-01T09:42:41+05:30,14,0,0,14,0,2,0,0,0
2026-10-01T09:42:21+05:30,/Master/GetDangerMaxWaterlevel,200,playwright,2025-12-02T12:30:00+05:30,2026-10-01T09:42:41+05:30,0,0,0,0,0,0,0,0,0
2026-10-01T09:42:21+05:30,/Master/GetAllSubBasinAndPointid,200,playwright,,2026-10-01T09:42:41+05:30,0,0,0,0,0,0,,,
2026-10-01T09:42:21+05:30,/Master/GetAWLR_AWRSData,200,playwright,,2026-10-01T09:42:41+05:30,0,0,0,0,0,0,,,
2026-10-01T09:42:21+05:30,/Master/GetCriticalWaterLevel,200,playwright,2025-12-02T12:30:00+05:30,2026-10-01T09:42:41+05:30,5,0,0,5,0,0,0,0,0
2026-10-01T09:42:21+05:30,/Master/GetTankDataByDate,200,playwright,2026-09-28T06:00:00+05:30,2026-10-01T09:42:41+05:30,2,0,0,2,0,3,2,174,87
2026-10-01T09:42:21+05:30,/Master/GetHistoricalDataForReservoir,200,playwright,2026-09-28T06:00:00+05:30,2026-10-01T09:42:41+05:30,0,0,0,0,0,0,2,174,87
2026-10-01T09:42:21+05:30,/HomePage/GetPublishAlert,200,playwright,2026-10-30,2026-10-01T09:42:41+05:30,0,0,0,0,0,0,0,5,1
2026-10-01T09:42:21+05:30,/HomePage/GetBulletins,200,playwright,2026-10-30,2026-10-01T09:42:41+05:30,5,5,0,0,0,0,0,5,1
2026-10-02T12:43:26+05:30,/Master/GetCsectionAndWaterLevel,200,playwright,2025-10-04T17:00:00+05:30,2026-10-02T12:43:51+05:30,14,0,0,14,0,2,0,5,1
2026-10-02T12:43:26+05:30,/Master/GetDangerMaxWaterlevel,200,playwright,2026-09-30T06:30:00+05:30,2026-10-02T12:43:51+05:30,0,0,0,0,0,0,0,5,1
2026-10-02T12:43:26+05:30,/Master/GetAllSubBasinAndPointid,200,playwright,,2026-10-02T12:43:51+05:30,0,0,0,0,0,0,,,
2026-10-02T12:43:26+05:30,/Master/GetAWLR_AWRSData,200,playwright,,2026-10-02T12:43:51+05:30,0,0,0,0,0,0,,,
2026-10-02T12:43:26+05:30,/Master/GetCriticalWaterLevel,200,playwright,2026-09-30T06:30:00+05:30,2026-10-02T12:43:51+05:30,5,5,0,0,0,0,0,5,1
2026-10-02T12:43:26+05:30,/Master/GetTankDataByDate,200,playwright,2026-10-02T06:00:00+05:30,2026-10-02T12:43:51+05:30,2,2,0,0,0,3,2,184,89
2026-10-02T12:43:26+05:30,/Master/GetHistoricalDataForReservoir,200,playwright,2026-10-02T06:00:00+05:30,2026-10-02T12:43:51+05:30,12,10,0,2,0,0,2,184,89
2026-10-02T12:43:26+05:30,/HomePage/GetPublishAlert,200,playwright,2026-10-30,2026-10-02T12:43:51+05:30,0,0,0,0,0,0,0,7,1
2026-10-02T12:43:26+05:30,/HomePage/GetBulletins,200,playwright,2026-09-30,2026-10-02T12:43:51+05:30,6,2,0,4,0,0,0,7,1
2026-10-02T19:07:53+05:30,/Master/GetCsectionAndWaterLevel,200,playwright,2025-10-04T17:00:00+05:30,2026-10-02T19:08:12+05:30,14,0,0,14,0,2,0,5,1
2026-10-02T19:07:53+05:30,/Master/GetDangerMaxWaterlevel,200,playwright,2026-09-30T06:30:00+05:30,2026-10-02T19:08:12+05:30,0,0,0,0,0,0,0,5,1
2026-10-02T19:07:53+05:30,/Master/GetAllSubBasinAndPointid,200,playwright,,2026-10-02T19:08:12+05:30,0,0,0,0,0,0,,,
2026-10-02T19:07:53+05:30,/Master/GetAWLR_AWRSData,200,playwright,,2026-10-02T19:08:12+05:30,0,0,0,0,0,0,,,
2026-10-02T19:07:53+05:30,/Master/GetCriticalWaterLevel,200,playwright,2026-09-30T06:30:00+05:30,2026-10-02T19:08:12+05:30,5,0,0,5,0,0,0,5,1
2026-10-02T19:07:53+05:30,/Master/GetTankDataByDate,200,playwright,2026-10-02T06:00:00+05:30,2026-10-02T19:08:12+05:30,2,0,0,2,0,3,0,184,89
2026-10-02T19:07:53+05:30,/Master/GetHistoricalDataForReservoir,200,playwright,2026-10-02T06:00:00+05:30,2026-10-02T19:08:12+05:30,12,0,0,12,0,0,0,184,89
2026-10-02T19:07:53+05:30,/HomePage/GetPublishAlert,200,playwright,2026-10-30,2026-10-02T19:08:12+05:30,0,0,0,0,0,0,0,7,1
2026-10-02T19:07:53+05:30,/HomePage/GetBulletins,200,playwright,2026-09-30,2026-10-02T19:08:12+05:30,6,0,0,6,0,0,0,7,1
2026-10-02T21:04:21+05:30,/Master/GetCsectionAndWaterLevel,200,playwright,2025-10-04T17:00:00+05:30,2026-10-02T21:04:41+05:30,14,0,0,14,0,2,0,5,1
2026-10-02T21:04:21+05:30,/Master/GetDangerMaxWaterlevel,200,playwright,2026-09-30T06:30:00+05:30,2026-10-02T21:04:41+05:30,0,0,0,0,0,0,0,5,1
2026-10-02T21:04:21+05:30,/Master/GetAllSubBasinAndPointid,200,playwright,,2026-10-02T21:04:41+05:30,0,0,0,0,0,0,,,
2026-10-02T21:04:21+05:30,/Master/GetAWLR_AWRSData,200,playwright,,2026-10-02T21:04:41+05:30,0,0,0,0,0,0,,,
2026-10-02T21:04:21+05:30,/Master/GetCriticalWaterLevel,200,playwright,2026-09-30T06:30:00+05:30,2026-10-02T21:04:41+05:30,5,0,0,5,0,0,0,5,1
2026-10-02T21:04:21+05:30,/Master/GetTankDataByDate,200,playwright,2026-10-02T06:00:00+05:30,2026-10-02T21:04:41+05:30,2,0,0,2,0,3,0,184,89
2026-10-02T21:04:21+05:30,/Master/GetHistoricalDataForReservoir,200,playwright,2026-10-02T06:00:00+05:30,2026-10-02T21:04:41+05:30,12,0,0,12,0,0,0,184,89
2026-10-02T21:04:21+05:30,/HomePage/GetPublishAlert,200,playwright,2026-10-30,2026-10-02T21:04:41+05:30,0,0,0,0,0,0,0,7,1
2026-10-02T21:04:21+05:30,/HomePage/GetBulletins,200,playwright,2026-09-30,2026-10-02T21:04:41+05:30,6,0,0,6,0,0,0,7,1
2026-10-02T23:04:52+05:30,/Master/GetCsectionAndWaterLevel,200,playwright,2025-10-04T17:00:00+05:30,2026-10-02T23:05:15+05:30,14,0,0,14,0,2,0,5,1
2026-10-02T23:04:52+05:30,/Master/GetDangerMaxWaterlevel,200,playwright,2026-09-30T06:30:00+05:30,2026-10-02T23:05:15+05:30,0,0,0,0,0,0,0,5,1
2026-10-02T23:04:52+05:30,/Master/GetAllSubBasinAndPointid,200,playwright,,2026-10-02T23:05:15+05:30,0,0,0,0,0,0,,,
2026-10-02T23:04:52+05:30,/Master/GetAWLR_AWRSData,200,playwright,,2026-10-02T23:05:15+05:30,0,0,0,0,0,0,,,
2026-10-02T23:04:52+05:30,/Master/GetCriticalWaterLevel,200,playwright,2026-09-30T06:30:00+05:30,2026-10-02T23:05:15+05:30,5,0,0,5,0,0,0,5,1
2026-10-02T23:04:52+05:30,/Master/GetTankDataByDate,200,playwright,2026-10-02T06:00:00+05:30,2026-10-02T23:05:15+05:30,2,0,0,2,0,3,0,184,89
2026-10-02T23:04:52+05:30,/Master/GetHistoricalDataForReservoir,200,playwright,2026-10-02T06:00:00+05:30,2026-10-02T23:05:15+05:30,12,0,0,12,0,0,0,184,89
2026-10-02T23:04:52+05:30,/HomePage/GetPublishAlert,200,playwright,2026-10-30,2026-10-02T23:05:15+05:30,0,0,0,0,0,0,0,7,1
2026-10-02T23:04:52+05:30,/HomePage/GetBulletins,200,playwright,2026-09-30,2026-10-02T23:05:15+05:30,6,0,0,6,0,0,0,7,1
2026-10-03T12:58:32+05:30,/Master/GetCsectionAndWaterLevel,200,playwright,2025-10-04T17:00:00+05:30,2026-10-03T12:58:54+05:30,14,0,0,14,0,2,0,5,1
2026-10-03T12:58:32+05:30,/Master/GetDangerMaxWaterlevel,200,playwright,2026-09-30T06:30:00+05:30,2026-10-03T12:58:54+05:30,0,0,0,0,0,0,0,5,1
2026-10-03T12:58:32+05:30,/Master/GetAllSubBasinAndPointid,200,playwright,,2026-10-03T12:58:54+05:30,0,0,0,0,0,0,,,
2026-10-03T12:58:32+05:30,/Master/GetAWLR_AWRSData,200,playwright,,2026-10-03T12:58:54+05:30,0,0,0,0,0,0,,,
2026-10-03T12:58:32+05:30,/Master/GetCriticalWaterLevel,200,playwright,2026-09-30T06:30:00+05:30,2026-10-03T12:58:54+05:30,5,0,0,5,0,0,0,5,1
2026-10-03T12:58:32+05:30,/Master/GetTankDataByDate,200,playwright,2026-10-03T06:00:00+05:30,2026-10-03T12:58:54+05:30,2,2,0,0,0,3,2,190,89
2026-10-03T12:58:32+05:30,/Master/GetHistoricalDataForReservoir,200,playwright,2026-10-03T06:00:00+05:30,2026-10-03T12:58:54+05:30,18,6,0,12,0,0,2,190,89
2026-10-03T12:58:32+05:30,/HomePage/GetPublishAlert,200,playwright,2026-10-30,2026-10-03T12:58:54+05:30,0,0,0,0,0,0,0,7,1
2026-10-03T12:58:32+05:30,/HomePage/GetBulletins,200,playwright,2026-09-30,2026-10-03T12:58:54+05:30,6,0,0,6,0,0,0,7,1
2026-10-03T18:35:23+05:30,/Master/GetCsectionAndWaterLevel,200,playwright,2025-10-04T17:00:00+05:30,2026-10-03T18:35:43+05:30,14,0,0,14,0,2,0,5,1
2026-10-03T18:35:23+05:30,/Master/GetDangerMaxWaterlevel,200,playwright,2026-09-30T06:30:00+05:30,2026-10-03T18:35:43+05:30,0,0,0,0,0,0,0,5,1
2026-10-03T18:35:23+05:30,/Master/GetAllSubBasinAndPointid,200,playwright,,2026-10-03T18:35:43+05:30,0,0,0,0,0,0,,,
2026-10-03T18:35:23+05:30,/Master/GetAWLR_AWRSData,200,playwright,,2026-10-03T18:35:43+05:30,0,0,0,0,0,0,,,
2026-10-03T18:35:23+05:30,/Master/GetCriticalWaterLevel,200,playwright,2026-09-30T06:30:00+05:30,2026-10-03T18:35:43+05:30,5,0,0,5,0,0,0,5,1
2026-10-03T18:35:23+05:30,/Master/GetTankDataByDate,200,playwright,2026-10-03T06:00:00+05:30,2026-10-03T18:35:43+05:30,2,0,0,2,0,3,0,190,89
2026-10-03T18:35:23+05:30,/Master/GetHistoricalDataForReservoir,200,playwright,2026-10-03T06:00:00+05:30,2026-10-03T18:35:43+05:30,18,0,0,18,0,0,0,190,89
2026-10-03T18:35:23+05:30,/HomePage/GetPublishAlert,200,playwright,2026-10-30,2026-10-03T18:35:43+05:30,0,0,0,0,0,0,0,7,1
2026-10-03T18:35:23+05:30,/HomePage/GetBulletins,200,playwright,2026-09-30,2026-10-03T18:35:43+05:30,6,0,0,6,0,0,0,7,1
2026-10-03T20:12:18+05:30,/Master/GetCsectionAndWaterLevel,200,playwright,2025-10-04T17:00:00+05:30,2026-10-03T20:12:37+05:30,14,0,0,14,0,2,0,5,1
2026-10-03T20:12:18+05:30,/Master/GetDangerMaxWaterlevel,200,playwright,2026-09-30T06:30:00+05:30,2026-10-03T20:12:37+05:30,0,0,0,0,0,0,0,5,1
2026-10-03T20:12:18+05:30,/Master/GetAllSubBasinAndPointid,200,playwright,,2026-10-03T20:12:37+05:30,0,0,0,0,0,0,,,
2026-10-03T20:12:18+05:30,/Master/GetAWLR_AWRSData,200,playwright,,2026-10-03T20:12:37+05:30,0,0,0,0,0,0,,,
2026-10-03T20:12:18+05:30,/Master/GetCriticalWaterLevel,200,playwright,2026-09-30T06:30:00+05:30,2026-10-03T20:12:37+05:30,5,0,0,5,0,0,0,5,1
2026-10-03T20:12:18+05:30,/Master/GetTankDataByDate,200,playwright,2026-10-03T06:00:00+05:30,2026-10-03T20:12:37+05:30,2,0,0,2,0,3,0,190,89
2026-10-03T20:12:18+05:30,/Master/GetHistoricalDataForReservoir,200,playwright,2026-10-03T06:00:00+05:30,2026-10-03T20:12:37+05:30,18,0,0,18,0,0,0,190,89
2026-10-03T20:12:18+05:30,/HomePage/GetPublishAlert,200,playwright,2026-10-30,2026-10-03T20:12:37+05:30,0,0,0,0,0,0,0,7,1
2026-10-03T20:12:18+05:30,/HomePage/GetBulletins,200,playwright,2026-09-30,2026-10-03T20:12:37+05:30,6,0,0,6,0,0,0,7,1
2026-10-03T22:12:40+05:30,/Master/GetCsectionAndWaterLevel,200,playwright,2025-10-04T17:00:00+05:30,2026-10-03T22:12:59+05:30,14,0,0,14,0,2,0,5,1
2026-10-03T22:12:40+05:30,/Master/GetDangerMaxWaterlevel,200,playwright,2026-09-30T06:30:00+05:30,2026-10-03T22:12:59+05:30,0,0,0,0,0,0,0,5,1
2026-10-03T22:12:40+05:30,/Master/GetAllSubBasinAndPointid,200,playwright,,2026-10-03T22:12:59+05:30,0,0,0,0,0,0,,,
2026-10-03T22:12:40+05:30,/Master/GetAWLR_AWRSData,200,playwright,,2026-10-03T22:12:59+05:30,0,0,0,0,0,0,,,
2026-10-03T22:12:40+05:30,/Master/GetCriticalWaterLevel,200,playwright,2026-09-30T06:30:00+05:30,2026-10-03T22:12:59+05:30,5,0,0,5,0,0,0,5,1
2026-10-03T22:12:40+05:30,/Master/GetTankDataByDate,200,playwright,2026-10-03T06:00:00+05:30,2026-10-03T22:12:59+05:30,2,0,0,2,0,3,0,190,89
2026-10-03T22:12:40+05:30,/Master/GetHistoricalDataForReservoir,200,playwright,2026-10-03T06:00:00+05:30,2026-10-03T22:12:59+05:30,18,0,0,18,0,0,0,190,89
2026-10-03T22:12:40+05:30,/HomePage/GetPublishAlert,200,playwright,2026-10-30,2026-10-03T22:12:59+05:30,0,0,0,0,0,0,0,7,1
2026-10-03T22:12:40+05:30,/HomePage/GetBulletins,200,playwright,2026-09-30,2026-10-03T22:12:59+05:30,6,0,0,6,0,0,0,7,1
2026-10-04T00:12:05+05:30,/Master/GetCsectionAndWaterLevel,200,playwright,2025-10-04T17:00:00+05:30,2026-10-04T00:12:27+05:30,14,0,0,14,0,2,0,5,1
2026-10-04T00:12:05+05:30,/Master/GetDangerMaxWaterlevel,200,playwright,2026-09-30T06:30:00+05:30,2026-10-04T00:12:27+05:30,0,0,0,0,0,0,0,5,1
2026-10-04T00:12:05+05:30,/Master/GetAllSubBasinAndPointid,200,playwright,,2026-10-04T00:12:27+05:30,0,0,0,0,0,0,,,
2026-10-04T00:12:05+05:30,/Master/GetAWLR_AWRSData,200,playwright,,2026-10-04T00:12:27+05:30,0,0,0,0,0,0,,,
2026-10-04T00:12:05+05:30,/Master/GetCriticalWaterLevel,200,playwright,2026-09-30T06:30:00+05:30,2026-10-04T00:12:27+05:30,5,0,0,5,0,0,0,5,1
2026-10-04T00:12:05+05:30,/Master/GetTankDataByDate,200,playwright,2026-10-03T06:00:00+05:30,2026-10-04T00:12:27+05:30,2,0,0,2,0,3,2,188,88
2026-10-04T00:12:05+05:30,/Master/GetHistoricalDataForReservoir,200,playwright,2026-10-03T06:00:00+05:30,2026-10-04T00:12:27+05:30,10,0,0,10,0,0,2,188,88
2026-10-04T00:12:05+05:30,/HomePage/GetPublishAlert,200,playwright,2026-10-30,2026-10-04T00:12:27+05:30,0,0,0,0,0,0,0,7,1
2026-10-04T00:12:05+05:30,/HomePage/GetBulletins,200,playwright,2026-09-30,2026-10-04T00:12:27+05:30,6,0,0,6,0,0,0,7,1
2026-10-04T11:32:57+05:30,/Master/GetCsectionAndWaterLevel,200,playwright,2025-10-04T17:00:00+05:30,2026-10-04T11:33:17+05:30,14,0,0,14,0,2,0,5,1
2026-10-04T11:32:57+05:30,/Master/GetDangerMaxWaterlevel,200,playwright,2026-09-30T06:30:00+05:30,2026-10-04T11:33:17+05:30,0,0,0,0,0,0,0,5,1
2026-10-04T11:32:57+05:30,/Master/GetAllSubBasinAndPointid,200,playwright,,2026-10-04T11:33:17+05:30,0,0,0,0,0,0,,,
2026-10-04T11:32:57+05:30,/Master/GetAWLR_AWRSData,200,playwright,,2026-10-04T11:33:17+05:30,0,0,0,0,0,0,,,
2026-10-04T11:32:57+05:30,/Master/GetCriticalWaterLevel,200,playwright,2026-09-30T06:30:00+05:30,2026-10-04T11:33:17+05:30,5,0,0,5,0,0,0,5,1
2026-10-04T11:32:57+05:30,/Master/GetTankDataByDate,200,playwright,2026-10-04T06:00:00+05:30,2026-10-04T11:33:17+05:30,2,2,0,0,0,3,0,196,89
2026-10-04T11:32:57+05:30,/Master/GetHistoricalDataForReservoir,200,playwright,2026-10-04T06:00:00+05:30,2026-10-04T11:33:17+05:30,18,6,0,12,0,0,0,196,89
2026-10-04T11:32:57+05:30,/HomePage/GetPublishAlert,200,playwright,2026-10-30,2026-10-04T11:33:17+05:30,0,0,0,0,0,0,0,7,1
2026-10-04T11:32:57+05:30,/HomePage/GetBulletins,200,playwright,2026-09-30,2026-10-04T11:33:17+05:30,6,0,0,6,0,0,0,7,1
