provider,location_id,issued_at,valid_from,valid_to,forecast_rainfall_mm,forecast_text,source_url,fetched_at
IMD,IMD_CITY_STATION:99947:Chennai-Madhavaram,2026-09-25T10:01:36+05:30,2026-09-25T00:00:00+05:30,2026-09-26T00:00:00+05:30,,Generally cloudy sky with Light rain; Max 37.0 °C; Min 27.0 °C,https://city.imd.gov.in/citywx/responsive/api/fetchCity_static.php (POST ID=99947),2026-09-25T21:15:01+05:30
IMD,IMD_CITY_STATION:99947:Chennai-Madhavaram,2026-09-25T10:01:36+05:30,2026-09-26T00:00:00+05:30,2026-09-27T00:00:00+05:30,,Generally cloudy sky with Light rain; Max 37.0 °C; Min 28.0 °C,https://city.imd.gov.in/citywx/responsive/api/fetchCity_static.php (POST ID=99947),2026-09-25T21:15:01+05:30
IMD,IMD_CITY_STATION:99947:Chennai-Madhavaram,2026-09-25T10:01:36+05:30,2026-09-27T00:00:00+05:30,2026-09-28T00:00:00+05:30,,Partly cloudy sky; Max 37.0 °C; Min 28.0 °C,https://city.imd.gov.in/citywx/responsive/api/fetchCity_static.php (POST ID=99947),2026-09-25T21:15:01+05:30
IMD,IMD_CITY_STATION:99947:Chennai-Madhavaram,2026-09-25T10:01:36+05:30,2026-09-28T00:00:00+05:30,2026-09-29T00:00:00+05:30,,Partly cloudy sky; Max 37.0 °C; Min 27.0 °C,https://city.imd.gov.in/citywx/responsive/api/fetchCity_static.php (POST ID=99947),2026-09-25T21:15:01+05:30
IMD,IMD_CITY_STATION:99947:Chennai-Madhavaram,2026-09-25T10:01:36+05:30,2026-09-29T00:00:00+05:30,2026-09-30T00:00:00+05:30,,Partly cloudy sky; Max 38.0 °C; Min 27.0 °C,https://city.imd.gov.in/citywx/responsive/api/fetchCity_static.php (POST ID=99947),2026-09-25T21:15:01+05:30
IMD,IMD_CITY_STATION:99947:Chennai-Madhavaram,2026-09-25T10:01:36+05:30,2026-09-30T00:00:00+05:30,2026-10-01T00:00:00+05:30,,Partly cloudy sky; Max 38.0 °C; Min 27.0 °C,https://city.imd.gov.in/citywx/responsive/api/fetchCity_static.php (POST ID=99947),2026-09-25T21:15:01+05:30
IMD,IMD_CITY_STATION:99947:Chennai-Madhavaram,2026-09-25T10:01:36+05:30,2026-10-01T00:00:00+05:30,2026-10-02T00:00:00+05:30,,Partly cloudy sky; Max 37.0 °C; Min 28.0 °C,https://city.imd.gov.in/citywx/responsive/api/fetchCity_static.php (POST ID=99947),2026-09-25T21:15:01+05:30
IMD,IMD_CITY_STATION:43278:Chennai-Nungambakkam,2026-09-25T18:34:09+05:30,2026-09-25T00:00:00+05:30,2026-09-26T00:00:00+05:30,,Generally cloudy sky with Light rain; Max 36.0 °C; Min 27.0 °C,https://city.imd.gov.in/citywx/responsive/api/fetchCity_static.php (POST ID=43278),2026-09-25T21:14:58+05:30
IMD,IMD_CITY_STATION:43278:Chennai-Nungambakkam,2026-09-25T18:34:09+05:30,2026-09-26T00:00:00+05:30,2026-09-27T00:00:00+05:30,,Generally cloudy sky with Light rain; Max 36.0 °C; Min 28.0 °C,https://city.imd.gov.in/citywx/responsive/api/fetchCity_static.php (POST ID=43278),2026-09-25T21:14:58+05:30
IMD,IMD_CITY_STATION:43278:Chennai-Nungambakkam,2026-09-25T18:34:09+05:30,2026-09-27T00:00:00+05:30,2026-09-28T00:00:00+05:30,,Partly cloudy sky; Max 36.0 °C; Min 28.0 °C,https://city.imd.gov.in/citywx/responsive/api/fetchCity_static.php (POST ID=43278),2026-09-25T21:14:58+05:30
IMD,IMD_CITY_STATION:43278:Chennai-Nungambakkam,2026-09-25T18:34:09+05:30,2026-09-28T00:00:00+05:30,2026-09-29T00:00:00+05:30,,Partly cloudy sky; Max 36.0 °C; Min 28.0 °C,https://city.imd.gov.in/citywx/responsive/api/fetchCity_static.php (POST ID=43278),2026-09-25T21:14:58+05:30
IMD,IMD_CITY_STATION:43278:Chennai-Nungambakkam,2026-09-25T18:34:09+05:30,2026-09-29T00:00:00+05:30,2026-09-30T00:00:00+05:30,,Partly cloudy sky; Max 36.0 °C; Min 28.0 °C,https://city.imd.gov.in/citywx/responsive/api/fetchCity_static.php (POST ID=43278),2026-09-25T21:14:58+05:30
IMD,IMD_CITY_STATION:43278:Chennai-Nungambakkam,2026-09-25T18:34:09+05:30,2026-09-30T00:00:00+05:30,2026-10-01T00:00:00+05:30,,Partly cloudy sky; Max 36.0 °C; Min 28.0 °C,https://city.imd.gov.in/citywx/responsive/api/fetchCity_static.php (POST ID=43278),2026-09-25T21:14:58+05:30
IMD,IMD_CITY_STATION:43278:Chennai-Nungambakkam,2026-09-25T18:34:09+05:30,2026-10-01T00:00:00+05:30,2026-10-02T00:00:00+05:30,,Partly cloudy sky; Max 37.0 °C; Min 28.0 °C,https://city.imd.gov.in/citywx/responsive/api/fetchCity_static.php (POST ID=43278),2026-09-25T21:14:58+05:30
IMD,IMD_CITY_STATION:43279:Chennai-Meenambakkam,2026-09-25T18:34:15+05:30,2026-09-25T00:00:00+05:30,2026-09-26T00:00:00+05:30,,Generally cloudy sky with Light rain; Max 36.0 °C; Min 27.0 °C,https://city.imd.gov.in/citywx/responsive/api/fetchCity_static.php (POST ID=43279),2026-09-25T21:15:00+05:30
IMD,IMD_CITY_STATION:43279:Chennai-Meenambakkam,2026-09-25T18:34:15+05:30,2026-09-26T00:00:00+05:30,2026-09-27T00:00:00+05:30,,Generally cloudy sky with Light rain; Max 36.0 °C; Min 28.0 °C,https://city.imd.gov.in/citywx/responsive/api/fetchCity_static.php (POST ID=43279),2026-09-25T21:15:00+05:30
IMD,IMD_CITY_STATION:43279:Chennai-Meenambakkam,2026-09-25T18:34:15+05:30,2026-09-27T00:00:00+05:30,2026-09-28T00:00:00+05:30,,Partly cloudy sky; Max 36.0 °C; Min 28.0 °C,https://city.imd.gov.in/citywx/responsive/api/fetchCity_static.php (POST ID=43279),2026-09-25T21:15:00+05:30
IMD,IMD_CITY_STATION:43279:Chennai-Meenambakkam,2026-09-25T18:34:15+05:30,2026-09-28T00:00:00+05:30,2026-09-29T00:00:00+05:30,,Partly cloudy sky; Max 36.0 °C; Min 28.0 °C,https://city.imd.gov.in/citywx/responsive/api/fetchCity_static.php (POST ID=43279),2026-09-25T21:15:00+05:30
IMD,IMD_CITY_STATION:43279:Chennai-Meenambakkam,2026-09-25T18:34:15+05:30,2026-09-29T00:00:00+05:30,2026-09-30T00:00:00+05:30,,Partly cloudy sky; Max 36.0 °C; Min 28.0 °C,https://city.imd.gov.in/citywx/responsive/api/fetchCity_static.php (POST ID=43279),2026-09-25T21:15:00+05:30
IMD,IMD_CITY_STATION:43279:Chennai-Meenambakkam,2026-09-25T18:34:15+05:30,2026-09-30T00:00:00+05:30,2026-10-01T00:00:00+05:30,,Partly cloudy sky; Max 36.0 °C; Min 28.0 °C,https://city.imd.gov.in/citywx/responsive/api/fetchCity_static.php (POST ID=43279),2026-09-25T21:15:00+05:30
IMD,IMD_CITY_STATION:43279:Chennai-Meenambakkam,2026-09-25T18:34:15+05:30,2026-10-01T00:00:00+05:30,2026-10-02T00:00:00+05:30,,Partly cloudy sky; Max 38.0 °C; Min 28.0 °C,https://city.imd.gov.in/citywx/responsive/api/fetchCity_static.php (POST ID=43279),2026-09-25T21:15:00+05:30
IMD,IMD_CITY_STATION:99948:Chennai-Ennore,2026-09-25T18:34:31+05:30,2026-09-25T00:00:00+05:30,2026-09-26T00:00:00+05:30,,Generally cloudy sky with Light rain; Max 36.0 °C; Min 27.0 °C,https://city.imd.gov.in/citywx/responsive/api/fetchCity_static.php (POST ID=99948),2026-09-25T21:15:03+05:30
IMD,IMD_CITY_STATION:99948:Chennai-Ennore,2026-09-25T18:34:31+05:30,2026-09-26T00:00:00+05:30,2026-09-27T00:00:00+05:30,,Generally cloudy sky with Light rain; Max 36.0 °C; Min 28.0 °C,https://city.imd.gov.in/citywx/responsive/api/fetchCity_static.php (POST ID=99948),2026-09-25T21:15:03+05:30
IMD,IMD_CITY_STATION:99948:Chennai-Ennore,2026-09-25T18:34:31+05:30,2026-09-27T00:00:00+05:30,2026-09-28T00:00:00+05:30,,Partly cloudy sky; Max 36.0 °C; Min 28.0 °C,https://city.imd.gov.in/citywx/responsive/api/fetchCity_static.php (POST ID=99948),2026-09-25T21:15:03+05:30
IMD,IMD_CITY_STATION:99948:Chennai-Ennore,2026-09-25T18:34:31+05:30,2026-09-28T00:00:00+05:30,2026-09-29T00:00:00+05:30,,Partly cloudy sky; Max 36.0 °C; Min 28.0 °C,https://city.imd.gov.in/citywx/responsive/api/fetchCity_static.php (POST ID=99948),2026-09-25T21:15:03+05:30
IMD,IMD_CITY_STATION:99948:Chennai-Ennore,2026-09-25T18:34:31+05:30,2026-09-29T00:00:00+05:30,2026-09-30T00:00:00+05:30,,Partly cloudy sky; Max 36.0 °C; Min 28.0 °C,https://city.imd.gov.in/citywx/responsive/api/fetchCity_static.php (POST ID=99948),2026-09-25T21:15:03+05:30
IMD,IMD_CITY_STATION:99948:Chennai-Ennore,2026-09-25T18:34:31+05:30,2026-09-30T00:00:00+05:30,2026-10-01T00:00:00+05:30,,Partly cloudy sky; Max 36.0 °C; Min 28.0 °C,https://city.imd.gov.in/citywx/responsive/api/fetchCity_static.php (POST ID=99948),2026-09-25T21:15:03+05:30
IMD,IMD_CITY_STATION:99948:Chennai-Ennore,2026-09-25T18:34:31+05:30,2026-10-01T00:00:00+05:30,2026-10-02T00:00:00+05:30,,Partly cloudy sky; Max 37.0 °C; Min 28.0 °C,https://city.imd.gov.in/citywx/responsive/api/fetchCity_static.php (POST ID=99948),2026-09-25T21:15:03+05:30
