world_event_id,event_id,role,kind
WEV-20260519-R01,PWD-INC-052145,adopted,rain
WEV-20260519-R01,POL-OVL-00001,planted,rain
WEV-20260519-R01,PWD-INC-OVL0001,planted,rain
WEV-20260519-R02,GRV-2026-268YDH,adopted,rain
WEV-20260519-R02,GRV-2026-855QFN,adopted,rain
WEV-20260519-R02,GRV-2026-972SAG,adopted,rain
WEV-20260519-R02,GRV-2026-361ZHD,adopted,rain
WEV-20260519-R02,GRV-OVL-00001,planted,rain
WEV-20260519-R02,GRV-OVL-00002,planted,rain
WEV-20260519-R02,PWD-INC-OVL0002,planted,rain
WEV-20260519-R03,GRV-2026-312XXB,adopted,rain
WEV-20260519-R03,POL-OVL-00002,planted,rain
WEV-20260519-R03,POL-OVL-00003,planted,rain
WEV-20260519-R03,PWD-INC-OVL0003,planted,rain
WEV-20260519-R04,GRV-OVL-00003,planted,rain
WEV-20260519-R04,GRV-OVL-00004,planted,rain
WEV-20260519-R04,POL-OVL-00004,planted,rain
WEV-20260519-R04,PWD-INC-OVL0004,planted,rain
WEV-20260519-R05,GRV-2026-276YUC,adopted,rain
WEV-20260519-R05,GRV-OVL-00005,planted,rain
WEV-20260519-R05,PWD-INC-OVL0005,planted,rain
WEV-20260519-R05,PWD-INC-OVL0006,planted,rain
WEV-20260519-R05,PWD-INC-OVL0007,planted,rain
WEV-20260519-R06,GRV-OVL-00006,planted,rain
WEV-20260519-R06,POL-OVL-00005,planted,rain
WEV-20260519-R06,PWD-INC-OVL0008,planted,rain
WEV-20260519-R06,PWD-INC-OVL0009,planted,rain
WEV-20260519-R07,POL-20260519-0042,adopted,rain
WEV-20260519-R07,POL-20260519-0058,adopted,rain
WEV-20260519-R07,POL-20260519-0073,adopted,rain
WEV-20260519-R07,POL-20260519-0048,adopted,rain
WEV-20260519-R07,POL-OVL-00006,planted,rain
WEV-20260519-R08,PWD-INC-052164,adopted,rain
WEV-20260519-R08,GRV-OVL-00007,planted,rain
WEV-20260519-R08,GRV-OVL-00008,planted,rain
WEV-20260519-R08,PWD-INC-OVL0010,planted,rain
WEV-20260519-R09,PWD-INC-052163,adopted,rain
WEV-20260519-R09,GRV-OVL-00009,planted,rain
WEV-20260519-R09,POL-OVL-00007,planted,rain
WEV-20260519-R09,PWD-INC-OVL0011,planted,rain
WEV-20260718-R01,POL-20260718-0076,adopted,rain
WEV-20260718-R01,POL-20260718-0058,adopted,rain
WEV-20260718-R01,GRV-OVL-00010,planted,rain
WEV-20260718-R01,GRV-OVL-00011,planted,rain
WEV-20260718-R01,POL-OVL-00008,planted,rain
WEV-20260718-R01,POL-OVL-00009,planted,rain
WEV-20260718-R02,POL-20260718-0038,adopted,rain
WEV-20260718-R02,POL-20260718-0056,adopted,rain
WEV-20260718-R02,GRV-OVL-00012,planted,rain
WEV-20260718-R02,GRV-OVL-00013,planted,rain
WEV-20260718-R03,GRV-OVL-00014,planted,rain
WEV-20260718-R03,PWD-INC-OVL0012,planted,rain
WEV-20260718-R03,PWD-INC-OVL0013,planted,rain
WEV-20260718-R03,PWD-INC-OVL0014,planted,rain
WEV-20260718-R03,PWD-INC-OVL0015,planted,rain
WEV-20260718-R04,GRV-OVL-00015,planted,rain
WEV-20260718-R04,POL-OVL-00010,planted,rain
WEV-20260718-R04,POL-OVL-00011,planted,rain
WEV-20260718-R04,PWD-INC-OVL0016,planted,rain
WEV-20260718-R04,PWD-INC-OVL0017,planted,rain
WEV-20260718-R04,PWD-INC-OVL0018,planted,rain
WEV-20260718-R05,PWD-INC-055749,adopted,rain
WEV-20260718-R05,PWD-INC-055770,adopted,rain
WEV-20260718-R05,GRV-OVL-00016,planted,rain
WEV-20260718-R05,GRV-OVL-00017,planted,rain
WEV-20260718-R05,GRV-OVL-00018,planted,rain
WEV-20260718-R05,GRV-OVL-00019,planted,rain
WEV-20260718-R05,GRV-OVL-00020,planted,rain
WEV-20260718-R05,GRV-OVL-00021,planted,rain
WEV-20260718-R05,POL-OVL-00012,planted,rain
WEV-20260718-R06,PWD-INC-055759,adopted,rain
WEV-20260718-R06,PWD-INC-055777,adopted,rain
WEV-20260718-R06,GRV-OVL-00022,planted,rain
WEV-20260718-R06,GRV-OVL-00023,planted,rain
WEV-20260718-R06,GRV-OVL-00024,planted,rain
WEV-20260718-R06,GRV-OVL-00025,planted,rain
WEV-20260718-R06,GRV-OVL-00026,planted,rain
WEV-20260718-R06,GRV-OVL-00027,planted,rain
WEV-20260718-R07,GRV-2026-355THH,adopted,rain
WEV-20260718-R07,GRV-OVL-00028,planted,rain
WEV-20260718-R07,GRV-OVL-00029,planted,rain
WEV-20260718-R07,PWD-INC-OVL0019,planted,rain
WEV-20260718-R08,POL-20260718-0095,adopted,rain
WEV-20260718-R08,GRV-OVL-00030,planted,rain
WEV-20260718-R08,GRV-OVL-00031,planted,rain
WEV-20260718-R08,GRV-OVL-00032,planted,rain
WEV-20260718-R08,GRV-OVL-00033,planted,rain
WEV-20260718-R08,GRV-OVL-00034,planted,rain
WEV-20260718-R08,POL-OVL-00013,planted,rain
WEV-20260718-R08,POL-OVL-00014,planted,rain
WEV-20260718-R08,PWD-INC-OVL0020,planted,rain
WEV-20260718-R08,PWD-INC-OVL0021,planted,rain
WEV-20260718-R09,POL-20260718-0071,adopted,rain
WEV-20260718-R09,GRV-OVL-00035,planted,rain
WEV-20260718-R09,GRV-OVL-00036,planted,rain
WEV-20260718-R09,GRV-OVL-00037,planted,rain
WEV-20260718-R09,POL-OVL-00015,planted,rain
WEV-20260718-R09,POL-OVL-00016,planted,rain
WEV-20260718-R09,POL-OVL-00017,planted,rain
WEV-20260718-R09,PWD-INC-OVL0022,planted,rain
WEV-20260809-R01,PWD-INC-057104,adopted,rain
WEV-20260809-R01,POL-OVL-00018,planted,rain
WEV-20260809-R01,PWD-INC-OVL0023,planted,rain
WEV-20260809-R01,PWD-INC-OVL0024,planted,rain
WEV-20260809-R01,PWD-INC-OVL0025,planted,rain
WEV-20260809-R01,PWD-INC-OVL0026,planted,rain
WEV-20260809-R02,GRV-2026-292RHW,adopted,rain
WEV-20260809-R02,GRV-2026-600EWN,adopted,rain
WEV-20260809-R02,GRV-2026-651IPS,adopted,rain
WEV-20260809-R02,GRV-2026-010SPM,adopted,rain
WEV-20260809-R02,GRV-OVL-00038,planted,rain
WEV-20260809-R03,POL-20260809-0050,adopted,rain
WEV-20260809-R03,GRV-OVL-00039,planted,rain
WEV-20260809-R03,POL-OVL-00019,planted,rain
WEV-20260809-R03,POL-OVL-00020,planted,rain
WEV-20260809-R03,PWD-INC-OVL0027,planted,rain
WEV-20260809-R03,PWD-INC-OVL0028,planted,rain
WEV-20260809-R03,PWD-INC-OVL0029,planted,rain
WEV-20260809-R03,PWD-INC-OVL0030,planted,rain
WEV-20260809-R03,PWD-INC-OVL0031,planted,rain
WEV-20260809-R04,POL-OVL-00021,planted,rain
WEV-20260809-R04,POL-OVL-00022,planted,rain
WEV-20260809-R04,POL-OVL-00023,planted,rain
WEV-20260809-R04,PWD-INC-OVL0032,planted,rain
WEV-20260809-R04,PWD-INC-OVL0033,planted,rain
WEV-20260809-R05,GRV-OVL-00040,planted,rain
WEV-20260809-R05,GRV-OVL-00041,planted,rain
WEV-20260809-R05,GRV-OVL-00042,planted,rain
WEV-20260809-R05,POL-OVL-00024,planted,rain
WEV-20260809-R05,POL-OVL-00025,planted,rain
WEV-20260809-R06,POL-20260809-0061,adopted,rain
WEV-20260809-R06,PWD-INC-057088,adopted,rain
WEV-20260809-R06,GRV-OVL-00043,planted,rain
WEV-20260809-R06,GRV-OVL-00044,planted,rain
WEV-20260809-R06,GRV-OVL-00045,planted,rain
WEV-20260809-R06,GRV-OVL-00046,planted,rain
WEV-20260809-R06,POL-OVL-00026,planted,rain
WEV-20260809-R06,POL-OVL-00027,planted,rain
WEV-20260809-R06,POL-OVL-00028,planted,rain
WEV-20260809-R06,PWD-INC-OVL0034,planted,rain
WEV-20260809-R07,POL-20260809-0039,adopted,rain
WEV-20260809-R07,POL-OVL-00029,planted,rain
WEV-20260809-R07,PWD-INC-OVL0035,planted,rain
WEV-20260809-R07,PWD-INC-OVL0036,planted,rain
WEV-20260809-R08,POL-20260809-0030,adopted,rain
WEV-20260809-R08,PWD-INC-OVL0037,planted,rain
WEV-20260809-R09,PWD-INC-057092,adopted,rain
WEV-20260809-R09,PWD-INC-057098,adopted,rain
WEV-20260809-R09,GRV-OVL-00047,planted,rain
WEV-20260809-R09,GRV-OVL-00048,planted,rain
WEV-20260809-R09,POL-OVL-00030,planted,rain
WEV-20260809-R09,PWD-INC-OVL0038,planted,rain
WEV-20260809-R09,PWD-INC-OVL0039,planted,rain
WEV-20260810-R01,PWD-INC-057147,adopted,rain
WEV-20260810-R01,GRV-OVL-00049,planted,rain
WEV-20260810-R01,POL-OVL-00031,planted,rain
WEV-20260810-R01,PWD-INC-OVL0040,planted,rain
WEV-20260810-R01,PWD-INC-OVL0041,planted,rain
WEV-20260810-R02,GRV-2026-113FFW,adopted,rain
WEV-20260810-R02,GRV-2026-254OGQ,adopted,rain
WEV-20260810-R02,GRV-OVL-00050,planted,rain
WEV-20260810-R02,GRV-OVL-00051,planted,rain
WEV-20260810-R02,GRV-OVL-00052,planted,rain
WEV-20260810-R02,POL-OVL-00032,planted,rain
WEV-20260810-R02,POL-OVL-00033,planted,rain
WEV-20260810-R02,POL-OVL-00034,planted,rain
WEV-20260810-R02,POL-OVL-00035,planted,rain
WEV-20260810-R02,PWD-INC-OVL0042,planted,rain
WEV-20260810-R03,PWD-INC-057128,adopted,rain
WEV-20260810-R03,PWD-INC-057136,adopted,rain
WEV-20260810-R03,PWD-INC-057166,adopted,rain
WEV-20260810-R03,GRV-OVL-00053,planted,rain
WEV-20260810-R03,GRV-OVL-00054,planted,rain
WEV-20260810-R03,POL-OVL-00036,planted,rain
WEV-20260810-R03,POL-OVL-00037,planted,rain
WEV-20260810-R03,PWD-INC-OVL0043,planted,rain
WEV-20260810-R04,POL-20260810-0061,adopted,rain
WEV-20260810-R04,GRV-OVL-00055,planted,rain
WEV-20260810-R04,POL-OVL-00038,planted,rain
WEV-20260810-R04,PWD-INC-OVL0044,planted,rain
WEV-20260810-R04,PWD-INC-OVL0045,planted,rain
WEV-20260810-R05,GRV-2026-040QRJ,adopted,rain
WEV-20260810-R05,GRV-OVL-00056,planted,rain
WEV-20260810-R05,GRV-OVL-00057,planted,rain
WEV-20260810-R05,GRV-OVL-00058,planted,rain
WEV-20260810-R05,POL-OVL-00039,planted,rain
WEV-20260810-R05,PWD-INC-OVL0046,planted,rain
WEV-20260810-R06,PWD-INC-057138,adopted,rain
WEV-20260810-R06,GRV-OVL-00059,planted,rain
WEV-20260810-R07,PWD-INC-057146,adopted,rain
WEV-20260810-R07,GRV-OVL-00060,planted,rain
WEV-20260810-R07,POL-OVL-00040,planted,rain
WEV-20260810-R07,POL-OVL-00041,planted,rain
WEV-20260810-R07,PWD-INC-OVL0047,planted,rain
WEV-20260810-R08,PWD-INC-057141,adopted,rain
WEV-20260810-R08,GRV-OVL-00061,planted,rain
WEV-20260810-R08,GRV-OVL-00062,planted,rain
WEV-20260810-R08,POL-OVL-00042,planted,rain
WEV-20260810-R09,GRV-2026-807KNV,adopted,rain
WEV-20260810-R09,GRV-2026-547IRM,adopted,rain
WEV-20260810-R09,GRV-2026-618YRP,adopted,rain
WEV-20260810-R09,GRV-2026-755WGV,adopted,rain
WEV-20260810-R09,GRV-2026-277LQM,adopted,rain
WEV-20260810-R09,GRV-2026-872OKW,adopted,rain
WEV-20260810-R09,GRV-OVL-00063,planted,rain
WEV-20260810-R09,POL-OVL-00043,planted,rain
WEV-20260810-R09,PWD-INC-OVL0048,planted,rain
WEV-20260828-R01,GRV-OVL-00064,planted,rain
WEV-20260828-R01,GRV-OVL-00065,planted,rain
WEV-20260828-R01,POL-OVL-00044,planted,rain
WEV-20260828-R02,POL-20260828-0037,adopted,rain
WEV-20260828-R02,POL-20260828-0051,adopted,rain
WEV-20260828-R02,GRV-OVL-00066,planted,rain
WEV-20260828-R02,POL-OVL-00045,planted,rain
WEV-20260828-R02,PWD-INC-OVL0049,planted,rain
WEV-20260828-R03,PWD-INC-058209,adopted,rain
WEV-20260828-R03,GRV-OVL-00067,planted,rain
WEV-20260828-R03,GRV-OVL-00068,planted,rain
WEV-20260828-R03,POL-OVL-00046,planted,rain
WEV-20260828-R03,POL-OVL-00047,planted,rain
WEV-20260828-R04,PWD-INC-058213,adopted,rain
WEV-20260828-R04,GRV-OVL-00069,planted,rain
WEV-20260828-R04,PWD-INC-OVL0050,planted,rain
WEV-20260828-R05,POL-20260828-0044,adopted,rain
WEV-20260828-R05,GRV-OVL-00070,planted,rain
WEV-20260828-R05,GRV-OVL-00071,planted,rain
WEV-20260828-R05,POL-OVL-00048,planted,rain
WEV-20260828-R05,POL-OVL-00049,planted,rain
WEV-20260828-R06,POL-20260828-0036,adopted,rain
WEV-20260828-R06,POL-20260828-0069,adopted,rain
WEV-20260828-R06,POL-20260828-0056,adopted,rain
WEV-20260828-R06,GRV-OVL-00072,planted,rain
WEV-20260828-R06,GRV-OVL-00073,planted,rain
WEV-20260828-R06,PWD-INC-OVL0051,planted,rain
WEV-20260828-R06,PWD-INC-OVL0052,planted,rain
WEV-20260828-R07,PWD-INC-058219,adopted,rain
WEV-20260828-R07,PWD-INC-058224,adopted,rain
WEV-20260828-R07,GRV-OVL-00074,planted,rain
WEV-20260828-R07,GRV-OVL-00075,planted,rain
WEV-20260828-R07,POL-OVL-00050,planted,rain
WEV-20260828-R07,PWD-INC-OVL0053,planted,rain
WEV-20260828-R08,PWD-INC-058212,adopted,rain
WEV-20260828-R08,GRV-OVL-00076,planted,rain
WEV-20260828-R09,POL-20260828-0061,adopted,rain
WEV-20260828-R09,GRV-OVL-00077,planted,rain
WEV-20260906-R01,GRV-2026-878ZOL,adopted,rain
WEV-20260906-R01,POL-OVL-00051,planted,rain
WEV-20260906-R01,PWD-INC-OVL0054,planted,rain
WEV-20260906-R01,PWD-INC-OVL0055,planted,rain
WEV-20260906-R02,GRV-OVL-00078,planted,rain
WEV-20260906-R02,GRV-OVL-00079,planted,rain
WEV-20260906-R03,PWD-INC-058765,adopted,rain
WEV-20260906-R03,PWD-INC-058781,adopted,rain
WEV-20260906-R03,GRV-OVL-00080,planted,rain
WEV-20260906-R03,GRV-OVL-00081,planted,rain
WEV-20260906-R04,POL-20260906-0019,adopted,rain
WEV-20260906-R04,GRV-OVL-00082,planted,rain
WEV-20260906-R04,GRV-OVL-00083,planted,rain
WEV-20260906-R04,POL-OVL-00052,planted,rain
WEV-20260906-R04,POL-OVL-00053,planted,rain
WEV-20260906-R04,PWD-INC-OVL0056,planted,rain
WEV-20260906-R05,GRV-2026-996SIW,adopted,rain
WEV-20260906-R05,POL-OVL-00054,planted,rain
WEV-20260906-R05,PWD-INC-OVL0057,planted,rain
WEV-20260906-R05,PWD-INC-OVL0058,planted,rain
WEV-20260906-R06,POL-20260906-0071,adopted,rain
WEV-20260906-R06,PWD-INC-058758,adopted,rain
WEV-20260906-R06,GRV-OVL-00084,planted,rain
WEV-20260906-R07,PWD-INC-058743,adopted,rain
WEV-20260906-R07,GRV-OVL-00085,planted,rain
WEV-20260906-R07,POL-OVL-00055,planted,rain
WEV-20260906-R07,PWD-INC-OVL0059,planted,rain
WEV-20260906-R07,PWD-INC-OVL0060,planted,rain
WEV-20260906-R08,GRV-OVL-00086,planted,rain
WEV-20260906-R08,POL-OVL-00056,planted,rain
WEV-20260906-R09,PWD-INC-058779,adopted,rain
WEV-20260906-R09,GRV-OVL-00087,planted,rain
WEV-20260906-R09,POL-OVL-00057,planted,rain
WEV-20260906-R09,PWD-INC-OVL0061,planted,rain
WEV-20260919-R01,PWD-INC-059524,adopted,rain
WEV-20260919-R01,PWD-INC-OVL0062,planted,rain
WEV-20260919-R02,PWD-INC-059564,adopted,rain
WEV-20260919-R02,GRV-OVL-00088,planted,rain
WEV-20260919-R02,GRV-OVL-00089,planted,rain
WEV-20260919-R02,GRV-OVL-00090,planted,rain
WEV-20260919-R02,GRV-OVL-00091,planted,rain
WEV-20260919-R02,GRV-OVL-00092,planted,rain
WEV-20260919-R02,POL-OVL-00058,planted,rain
WEV-20260919-R02,PWD-INC-OVL0063,planted,rain
WEV-20260919-R03,PWD-INC-059528,adopted,rain
WEV-20260919-R03,POL-OVL-00059,planted,rain
WEV-20260919-R03,POL-OVL-00060,planted,rain
WEV-20260919-R03,PWD-INC-OVL0064,planted,rain
WEV-20260919-R04,PWD-INC-059533,adopted,rain
WEV-20260919-R04,PWD-INC-OVL0065,planted,rain
WEV-20260919-R04,PWD-INC-OVL0066,planted,rain
WEV-20260919-R05,PWD-INC-059548,adopted,rain
WEV-20260919-R05,GRV-OVL-00093,planted,rain
WEV-20260919-R05,GRV-OVL-00094,planted,rain
WEV-20260919-R05,POL-OVL-00061,planted,rain
WEV-20260919-R05,POL-OVL-00062,planted,rain
WEV-20260919-R05,PWD-INC-OVL0067,planted,rain
WEV-20260919-R05,PWD-INC-OVL0068,planted,rain
WEV-20260919-R06,GRV-OVL-00095,planted,rain
WEV-20260919-R06,GRV-OVL-00096,planted,rain
WEV-20260919-R06,GRV-OVL-00097,planted,rain
WEV-20260919-R07,GRV-OVL-00098,planted,rain
WEV-20260919-R07,POL-OVL-00063,planted,rain
WEV-20260919-R07,POL-OVL-00064,planted,rain
WEV-20260919-R08,GRV-OVL-00099,planted,rain
WEV-20260919-R08,POL-OVL-00065,planted,rain
WEV-20260919-R08,POL-OVL-00066,planted,rain
WEV-20260919-R08,POL-OVL-00067,planted,rain
WEV-20260919-R08,POL-OVL-00068,planted,rain
WEV-20260919-R08,PWD-INC-OVL0069,planted,rain
WEV-20260919-R08,PWD-INC-OVL0070,planted,rain
WEV-20260919-R09,POL-20260919-0082,adopted,rain
WEV-20260919-R09,POL-20260919-0030,adopted,rain
WEV-20260919-R09,POL-OVL-00069,planted,rain
WEV-20260919-R09,POL-OVL-00070,planted,rain
WEV-20260920-R01,PWD-INC-059584,adopted,rain
WEV-20260920-R01,GRV-OVL-00100,planted,rain
WEV-20260920-R01,GRV-OVL-00101,planted,rain
WEV-20260920-R01,GRV-OVL-00102,planted,rain
WEV-20260920-R01,GRV-OVL-00103,planted,rain
WEV-20260920-R01,PWD-INC-OVL0071,planted,rain
WEV-20260920-R01,PWD-INC-OVL0072,planted,rain
WEV-20260920-R02,GRV-2026-850YZT,adopted,rain
WEV-20260920-R02,GRV-OVL-00104,planted,rain
WEV-20260920-R02,POL-OVL-00071,planted,rain
WEV-20260920-R02,PWD-INC-OVL0073,planted,rain
WEV-20260920-R02,PWD-INC-OVL0074,planted,rain
WEV-20260920-R02,PWD-INC-OVL0075,planted,rain
WEV-20260920-R03,GRV-2026-750LEM,adopted,rain
WEV-20260920-R03,GRV-OVL-00105,planted,rain
WEV-20260920-R03,GRV-OVL-00106,planted,rain
WEV-20260920-R03,POL-OVL-00072,planted,rain
WEV-20260920-R03,PWD-INC-OVL0076,planted,rain
WEV-20260920-R03,PWD-INC-OVL0077,planted,rain
WEV-20260920-R04,GRV-OVL-00107,planted,rain
WEV-20260920-R04,POL-OVL-00073,planted,rain
WEV-20260920-R04,PWD-INC-OVL0078,planted,rain
WEV-20260920-R05,PWD-INC-059583,adopted,rain
WEV-20260920-R05,GRV-OVL-00108,planted,rain
WEV-20260920-R05,GRV-OVL-00109,planted,rain
WEV-20260920-R05,GRV-OVL-00110,planted,rain
WEV-20260920-R05,PWD-INC-OVL0079,planted,rain
WEV-20260920-R05,PWD-INC-OVL0080,planted,rain
WEV-20260920-R06,PWD-INC-059609,adopted,rain
WEV-20260920-R06,POL-OVL-00074,planted,rain
WEV-20260920-R06,PWD-INC-OVL0081,planted,rain
WEV-20260920-R06,PWD-INC-OVL0082,planted,rain
WEV-20260920-R06,PWD-INC-OVL0083,planted,rain
WEV-20260920-R07,GRV-2026-943QPW,adopted,rain
WEV-20260920-R07,GRV-OVL-00111,planted,rain
WEV-20260920-R07,GRV-OVL-00112,planted,rain
WEV-20260920-R07,PWD-INC-OVL0084,planted,rain
WEV-20260920-R07,PWD-INC-OVL0085,planted,rain
WEV-20260920-R07,PWD-INC-OVL0086,planted,rain
WEV-20260920-R08,PWD-INC-059605,adopted,rain
WEV-20260920-R08,GRV-OVL-00113,planted,rain
WEV-20260920-R08,GRV-OVL-00114,planted,rain
WEV-20260920-R08,POL-OVL-00075,planted,rain
WEV-20260920-R08,POL-OVL-00076,planted,rain
WEV-20260920-R08,POL-OVL-00077,planted,rain
WEV-20260920-R08,PWD-INC-OVL0087,planted,rain
WEV-20260920-R09,PWD-INC-059599,adopted,rain
WEV-20260920-R09,GRV-OVL-00115,planted,rain
WEV-20260920-R09,GRV-OVL-00116,planted,rain
WEV-20260920-R09,POL-OVL-00078,planted,rain
WEV-20260920-R09,POL-OVL-00079,planted,rain
WEV-20260920-R09,PWD-INC-OVL0088,planted,rain
WEV-20260920-R09,PWD-INC-OVL0089,planted,rain
WEV-20260925-R01,GRV-OVL-00117,planted,rain
WEV-20260925-R01,POL-OVL-00080,planted,rain
WEV-20260925-R01,POL-OVL-00081,planted,rain
WEV-20260925-R01,PWD-INC-OVL0090,planted,rain
WEV-20260925-R01,PWD-INC-OVL0091,planted,rain
WEV-20260925-R02,GRV-OVL-00118,planted,rain
WEV-20260925-R02,POL-OVL-00082,planted,rain
WEV-20260925-R02,PWD-INC-OVL0092,planted,rain
WEV-20260925-R02,PWD-INC-OVL0093,planted,rain
WEV-20260925-R02,PWD-INC-OVL0094,planted,rain
WEV-20260925-R02,PWD-INC-OVL0095,planted,rain
WEV-20260925-R02,PWD-INC-OVL0096,planted,rain
WEV-20260925-R02,PWD-INC-OVL0097,planted,rain
WEV-20260925-R03,GRV-OVL-00119,planted,rain
WEV-20260925-R03,GRV-OVL-00120,planted,rain
WEV-20260925-R03,GRV-OVL-00121,planted,rain
WEV-20260925-R03,POL-OVL-00083,planted,rain
WEV-20260925-R03,PWD-INC-OVL0098,planted,rain
WEV-20260925-R03,PWD-INC-OVL0099,planted,rain
WEV-20260925-R04,POL-OVL-00084,planted,rain
WEV-20260925-R04,PWD-INC-OVL0100,planted,rain
WEV-20260925-R04,PWD-INC-OVL0101,planted,rain
WEV-20260925-R04,PWD-INC-OVL0102,planted,rain
WEV-20260925-R05,GRV-OVL-00122,planted,rain
WEV-20260925-R05,GRV-OVL-00123,planted,rain
WEV-20260925-R05,POL-OVL-00085,planted,rain
WEV-20260925-R05,POL-OVL-00086,planted,rain
WEV-20260925-R05,POL-OVL-00087,planted,rain
WEV-20260925-R05,PWD-INC-OVL0103,planted,rain
WEV-20260925-R05,PWD-INC-OVL0104,planted,rain
WEV-20260925-R05,PWD-INC-OVL0105,planted,rain
WEV-20260925-R05,PWD-INC-OVL0106,planted,rain
WEV-20260925-R05,PWD-INC-OVL0107,planted,rain
WEV-20260925-R05,PWD-INC-OVL0108,planted,rain
WEV-20260925-R05,PWD-INC-OVL0109,planted,rain
WEV-20260925-R06,GRV-OVL-00124,planted,rain
WEV-20260928-R01,GRV-2026-126ADZ,adopted,rain
WEV-20260928-R01,GRV-OVL-00125,planted,rain
WEV-20260928-R01,GRV-OVL-00126,planted,rain
WEV-20260928-R01,POL-OVL-00088,planted,rain
WEV-20260928-R01,PWD-INC-OVL0110,planted,rain
WEV-20260928-R02,GRV-2026-696VYG,adopted,rain
WEV-20260928-R02,GRV-OVL-00127,planted,rain
WEV-20260928-R02,PWD-INC-OVL0111,planted,rain
WEV-20260928-R02,PWD-INC-OVL0112,planted,rain
WEV-20260928-R03,GRV-2026-096JQQ,adopted,rain
WEV-20260928-R03,GRV-OVL-00128,planted,rain
WEV-20260928-R03,POL-OVL-00089,planted,rain
WEV-20260928-R03,PWD-INC-OVL0113,planted,rain
WEV-20260928-R03,PWD-INC-OVL0114,planted,rain
WEV-20260928-R03,PWD-INC-OVL0115,planted,rain
WEV-20260928-R03,PWD-INC-OVL0116,planted,rain
WEV-20260928-R04,GRV-2026-874PIG,adopted,rain
WEV-20260928-R04,PWD-INC-OVL0117,planted,rain
WEV-20260928-R05,GRV-2026-619MKB,adopted,rain
WEV-20260928-R05,GRV-OVL-00129,planted,rain
WEV-20260928-R05,POL-OVL-00090,planted,rain
WEV-20260928-R05,POL-OVL-00091,planted,rain
WEV-20260928-R06,GRV-2026-140YBI,adopted,rain
WEV-20260928-R06,GRV-OVL-00130,planted,rain
WEV-20260928-R06,GRV-OVL-00131,planted,rain
WEV-20260928-R06,PWD-INC-OVL0118,planted,rain
WEV-20260928-R06,PWD-INC-OVL0119,planted,rain
WEV-20260928-R06,PWD-INC-OVL0120,planted,rain
WEV-20260929-R01,GRV-OVL-00132,planted,rain
WEV-20260929-R01,GRV-OVL-00133,planted,rain
WEV-20260929-R01,GRV-OVL-00134,planted,rain
WEV-20260929-R01,PWD-INC-OVL0121,planted,rain
WEV-20260929-R01,PWD-INC-OVL0122,planted,rain
WEV-20260929-R02,GRV-OVL-00135,planted,rain
WEV-20260929-R02,POL-OVL-00092,planted,rain
WEV-20260929-R02,PWD-INC-OVL0123,planted,rain
WEV-20260929-R02,PWD-INC-OVL0124,planted,rain
WEV-20260929-R02,PWD-INC-OVL0125,planted,rain
WEV-20260929-R02,PWD-INC-OVL0126,planted,rain
WEV-20260929-R02,PWD-INC-OVL0127,planted,rain
WEV-20260929-R02,PWD-INC-OVL0128,planted,rain
WEV-20260929-R03,GRV-OVL-00136,planted,rain
WEV-20260929-R03,GRV-OVL-00137,planted,rain
WEV-20260929-R03,POL-OVL-00093,planted,rain
WEV-20260929-R03,POL-OVL-00094,planted,rain
WEV-20260929-R03,POL-OVL-00095,planted,rain
WEV-20260929-R03,PWD-INC-OVL0129,planted,rain
WEV-20260929-R03,PWD-INC-OVL0130,planted,rain
WEV-20260929-R03,PWD-INC-OVL0131,planted,rain
WEV-20260929-R03,PWD-INC-OVL0132,planted,rain
WEV-20260929-R04,GRV-OVL-00138,planted,rain
WEV-20260929-R04,GRV-OVL-00139,planted,rain
WEV-20260929-R04,GRV-OVL-00140,planted,rain
WEV-20260929-R04,POL-OVL-00096,planted,rain
WEV-20260929-R04,POL-OVL-00097,planted,rain
WEV-20260929-R04,PWD-INC-OVL0133,planted,rain
WEV-20260929-R04,PWD-INC-OVL0134,planted,rain
WEV-20260929-R04,PWD-INC-OVL0135,planted,rain
WEV-20260929-R05,GRV-OVL-00141,planted,rain
WEV-20260929-R05,GRV-OVL-00142,planted,rain
WEV-20260929-R05,GRV-OVL-00143,planted,rain
WEV-20260929-R05,POL-OVL-00098,planted,rain
WEV-20260929-R05,PWD-INC-OVL0136,planted,rain
WEV-20260929-R05,PWD-INC-OVL0137,planted,rain
WEV-20260929-R05,PWD-INC-OVL0138,planted,rain
WEV-20260929-R05,PWD-INC-OVL0139,planted,rain
WEV-20260929-R06,POL-OVL-00099,planted,rain
WEV-20260929-R06,POL-OVL-00100,planted,rain
WEV-20260929-R06,PWD-INC-OVL0140,planted,rain
WEV-20260929-R06,PWD-INC-OVL0141,planted,rain
WEV-20260929-R06,PWD-INC-OVL0142,planted,rain
WEV-20260929-R06,PWD-INC-OVL0143,planted,rain
WEV-20260929-R06,PWD-INC-OVL0144,planted,rain
WEV-20260930-R01,POL-20260930-0026,adopted,rain
WEV-20260930-R01,POL-20260930-0008,adopted,rain
WEV-20260930-R01,POL-OVL-00101,planted,rain
WEV-20260930-R01,POL-OVL-00102,planted,rain
WEV-20260930-R01,PWD-INC-OVL0145,planted,rain
WEV-20260930-R02,POL-20260930-0037,adopted,rain
WEV-20260930-R02,GRV-OVL-00144,planted,rain
WEV-20260930-R02,PWD-INC-OVL0146,planted,rain
WEV-20260930-R02,PWD-INC-OVL0147,planted,rain
WEV-20260930-R03,PWD-INC-060181,adopted,rain
WEV-20260930-R03,PWD-INC-060192,adopted,rain
WEV-20260930-R03,PWD-INC-060194,adopted,rain
WEV-20260930-R03,PWD-INC-060195,adopted,rain
WEV-20260930-R03,PWD-INC-060202,adopted,rain
WEV-20260930-R03,GRV-OVL-00145,planted,rain
WEV-20260930-R03,GRV-OVL-00146,planted,rain
WEV-20260930-R03,POL-OVL-00103,planted,rain
WEV-20260930-R03,POL-OVL-00104,planted,rain
WEV-20260930-R03,PWD-INC-OVL0148,planted,rain
WEV-20260930-R04,PWD-INC-060200,adopted,rain
WEV-20260930-R04,GRV-OVL-00147,planted,rain
WEV-20260930-R04,GRV-OVL-00148,planted,rain
WEV-20260930-R04,POL-OVL-00105,planted,rain
WEV-20260930-R05,PWD-INC-060183,adopted,rain
WEV-20260930-R05,GRV-OVL-00149,planted,rain
WEV-20260930-R05,GRV-OVL-00150,planted,rain
WEV-20260930-R05,GRV-OVL-00151,planted,rain
WEV-20260930-R05,PWD-INC-OVL0149,planted,rain
WEV-20260930-R06,GRV-OVL-00152,planted,rain
WEV-20260930-R06,GRV-OVL-00153,planted,rain
WEV-20260930-R06,POL-OVL-00106,planted,rain
WEV-20260930-R06,POL-OVL-00107,planted,rain
WEV-20260930-R06,PWD-INC-OVL0150,planted,rain
WEV-20260930-R06,PWD-INC-OVL0151,planted,rain
WEV-20260930-R06,PWD-INC-OVL0152,planted,rain
WEV-20261001-R01,GRV-OVL-00154,planted,rain
WEV-20261001-R01,PWD-INC-OVL0153,planted,rain
WEV-20261001-R01,PWD-INC-OVL0154,planted,rain
WEV-20261001-R02,POL-OVL-00108,planted,rain
WEV-20261001-R02,POL-OVL-00109,planted,rain
WEV-20261001-R02,PWD-INC-OVL0155,planted,rain
WEV-20261001-R02,PWD-INC-OVL0156,planted,rain
WEV-20261001-R03,GRV-OVL-00155,planted,rain
WEV-20261001-R03,GRV-OVL-00156,planted,rain
WEV-20261001-R03,GRV-OVL-00157,planted,rain
WEV-20261001-R03,GRV-OVL-00158,planted,rain
WEV-20261001-R03,POL-OVL-00110,planted,rain
WEV-20261001-R03,PWD-INC-OVL0157,planted,rain
WEV-20261001-R03,PWD-INC-OVL0158,planted,rain
WEV-20261001-R03,PWD-INC-OVL0159,planted,rain
WEV-20261001-R03,PWD-INC-OVL0160,planted,rain
WEV-20261001-R04,GRV-OVL-00159,planted,rain
WEV-20261001-R04,GRV-OVL-00160,planted,rain
WEV-20261001-R04,PWD-INC-OVL0161,planted,rain
WEV-20261001-R05,GRV-OVL-00161,planted,rain
WEV-20261001-R05,GRV-OVL-00162,planted,rain
WEV-20261001-R05,POL-OVL-00111,planted,rain
WEV-20261001-R05,POL-OVL-00112,planted,rain
WEV-20261001-R06,GRV-OVL-00163,planted,rain
WEV-20261001-R06,GRV-OVL-00164,planted,rain
WEV-20261001-R06,PWD-INC-OVL0162,planted,rain
WEV-20261001-R06,PWD-INC-OVL0163,planted,rain
WEV-M001,GRV-OVL-00165,planted,multi
WEV-M001,GRV-OVL-00166,planted,multi
WEV-M001,PWD-INC-OVL0164,planted,multi
WEV-M002,PWD-INC-OVL0165,planted,multi
WEV-M002,POL-OVL-00113,planted,multi
WEV-M003,GRV-OVL-00167,planted,multi
WEV-M003,GRV-OVL-00168,planted,multi
WEV-M003,GRV-OVL-00169,planted,multi
WEV-M003,GRV-OVL-00170,planted,multi
WEV-M003,HSP-government-royapettah-hospital-OVL001,planted,multi
WEV-M004,GRV-OVL-00171,planted,multi
WEV-M004,POL-OVL-00114,planted,multi
WEV-M005,GRV-OVL-00172,planted,multi
WEV-M005,POL-OVL-00115,planted,multi
WEV-M006,GRV-OVL-00173,planted,multi
WEV-M006,GRV-OVL-00174,planted,multi
WEV-M006,PWD-INC-OVL0166,planted,multi
WEV-M007,PWD-INC-OVL0167,planted,multi
WEV-M007,POL-OVL-00116,planted,multi
WEV-M008,GRV-OVL-00175,planted,multi
WEV-M008,GRV-OVL-00176,planted,multi
WEV-M008,GRV-OVL-00177,planted,multi
WEV-M008,HSP-rajiv-gandhi-government-general-hospital-OVL002,planted,multi
WEV-M009,GRV-OVL-00178,planted,multi
WEV-M009,GRV-OVL-00179,planted,multi
WEV-M009,POL-OVL-00117,planted,multi
WEV-M010,GRV-OVL-00180,planted,multi
WEV-M010,POL-OVL-00118,planted,multi
WEV-M011,GRV-OVL-00181,planted,multi
WEV-M011,GRV-OVL-00182,planted,multi
WEV-M011,PWD-INC-OVL0168,planted,multi
WEV-M012,PWD-INC-OVL0169,planted,multi
WEV-M012,POL-OVL-00119,planted,multi
WEV-M013,GRV-OVL-00183,planted,multi
WEV-M013,GRV-OVL-00184,planted,multi
WEV-M013,GRV-OVL-00185,planted,multi
WEV-M013,GRV-OVL-00186,planted,multi
WEV-M013,GRV-OVL-00187,planted,multi
WEV-M013,GRV-OVL-00188,planted,multi
WEV-M013,HSP-obstetrics-and-gynecology-hospital-egmor-OVL003,planted,multi
WEV-M014,GRV-OVL-00189,planted,multi
WEV-M014,GRV-OVL-00190,planted,multi
WEV-M014,POL-OVL-00120,planted,multi
WEV-M015,GRV-OVL-00191,planted,multi
WEV-M015,GRV-OVL-00192,planted,multi
WEV-M015,POL-OVL-00121,planted,multi
WEV-M016,GRV-OVL-00193,planted,multi
WEV-M016,GRV-OVL-00194,planted,multi
WEV-M016,GRV-OVL-00195,planted,multi
WEV-M016,PWD-INC-OVL0170,planted,multi
WEV-M017,PWD-INC-OVL0171,planted,multi
WEV-M017,POL-OVL-00122,planted,multi
WEV-M018,GRV-OVL-00196,planted,multi
WEV-M018,GRV-OVL-00197,planted,multi
WEV-M018,GRV-OVL-00198,planted,multi
WEV-M018,GRV-OVL-00199,planted,multi
WEV-M018,HSP-stanley-medical-college-and-hospital-OVL004,planted,multi
WEV-M019,GRV-OVL-00200,planted,multi
WEV-M019,GRV-OVL-00201,planted,multi
WEV-M019,GRV-OVL-00202,planted,multi
WEV-M019,POL-OVL-00123,planted,multi
WEV-M020,GRV-OVL-00203,planted,multi
WEV-M020,POL-OVL-00124,planted,multi
WEV-M021,GRV-OVL-00204,planted,multi
WEV-M021,GRV-OVL-00205,planted,multi
WEV-M021,GRV-OVL-00206,planted,multi
WEV-M021,GRV-OVL-00207,planted,multi
WEV-M021,PWD-INC-OVL0172,planted,multi
WEV-M022,PWD-INC-OVL0173,planted,multi
WEV-M022,POL-OVL-00125,planted,multi
WEV-M023,GRV-OVL-00208,planted,multi
WEV-M023,GRV-OVL-00209,planted,multi
WEV-M023,GRV-OVL-00210,planted,multi
WEV-M023,GRV-OVL-00211,planted,multi
WEV-M023,GRV-OVL-00212,planted,multi
WEV-M023,GRV-OVL-00213,planted,multi
WEV-M023,HSP-obstetrics-and-gynecology-hospital-egmor-OVL005,planted,multi
WEV-M024,GRV-OVL-00214,planted,multi
WEV-M024,POL-OVL-00126,planted,multi
WEV-M025,GRV-OVL-00215,planted,multi
WEV-M025,GRV-OVL-00216,planted,multi
WEV-M025,POL-OVL-00127,planted,multi
WEV-M026,GRV-OVL-00217,planted,multi
WEV-M026,GRV-OVL-00218,planted,multi
WEV-M026,GRV-OVL-00219,planted,multi
WEV-M026,PWD-INC-OVL0174,planted,multi
WEV-M027,PWD-INC-OVL0175,planted,multi
WEV-M027,POL-OVL-00128,planted,multi
WEV-M028,GRV-OVL-00220,planted,multi
WEV-M028,GRV-OVL-00221,planted,multi
WEV-M028,GRV-OVL-00222,planted,multi
WEV-M028,GRV-OVL-00223,planted,multi
WEV-M028,GRV-OVL-00224,planted,multi
WEV-M028,HSP-kilpauk-medical-college-and-hospital-OVL006,planted,multi
WEV-M029,GRV-OVL-00225,planted,multi
WEV-M029,GRV-OVL-00226,planted,multi
WEV-M029,GRV-OVL-00227,planted,multi
WEV-M029,POL-OVL-00129,planted,multi
WEV-M030,GRV-OVL-00228,planted,multi
WEV-M030,GRV-OVL-00229,planted,multi
WEV-M030,POL-OVL-00130,planted,multi
WEV-M031,GRV-OVL-00230,planted,multi
WEV-M031,GRV-OVL-00231,planted,multi
WEV-M031,PWD-INC-OVL0176,planted,multi
WEV-M032,PWD-INC-OVL0177,planted,multi
WEV-M032,POL-OVL-00131,planted,multi
WEV-M033,GRV-OVL-00232,planted,multi
WEV-M033,GRV-OVL-00233,planted,multi
WEV-M033,GRV-OVL-00234,planted,multi
WEV-M033,GRV-OVL-00235,planted,multi
WEV-M033,GRV-OVL-00236,planted,multi
WEV-M033,HSP-kilpauk-medical-college-and-hospital-OVL007,planted,multi
WEV-M034,GRV-OVL-00237,planted,multi
WEV-M034,GRV-OVL-00238,planted,multi
WEV-M034,POL-OVL-00132,planted,multi
WEV-M035,GRV-OVL-00239,planted,multi
WEV-M035,GRV-OVL-00240,planted,multi
WEV-M035,POL-OVL-00133,planted,multi
WEV-M036,GRV-OVL-00241,planted,multi
WEV-M036,GRV-OVL-00242,planted,multi
WEV-M036,GRV-OVL-00243,planted,multi
WEV-M036,GRV-OVL-00244,planted,multi
WEV-M036,PWD-INC-OVL0178,planted,multi
WEV-M037,PWD-INC-OVL0179,planted,multi
WEV-M037,POL-OVL-00134,planted,multi
WEV-M038,GRV-OVL-00245,planted,multi
WEV-M038,GRV-OVL-00246,planted,multi
WEV-M038,GRV-OVL-00247,planted,multi
WEV-M038,GRV-OVL-00248,planted,multi
WEV-M038,HSP-tamil-nadu-govt-multi-super-specialty-ho-OVL008,planted,multi
WEV-M039,GRV-OVL-00249,planted,multi
WEV-M039,GRV-OVL-00250,planted,multi
WEV-M039,POL-OVL-00135,planted,multi
WEV-M040,GRV-OVL-00251,planted,multi
WEV-M040,POL-OVL-00136,planted,multi
WEV-M041,GRV-OVL-00252,planted,multi
WEV-M041,GRV-OVL-00253,planted,multi
WEV-M041,GRV-OVL-00254,planted,multi
WEV-M041,PWD-INC-OVL0180,planted,multi
WEV-M042,PWD-INC-OVL0181,planted,multi
WEV-M042,POL-OVL-00137,planted,multi
WEV-M043,GRV-OVL-00255,planted,multi
WEV-M043,GRV-OVL-00256,planted,multi
WEV-M043,GRV-OVL-00257,planted,multi
WEV-M043,GRV-OVL-00258,planted,multi
WEV-M043,HSP-tamil-nadu-govt-multi-super-specialty-ho-OVL009,planted,multi
WEV-M044,GRV-OVL-00259,planted,multi
WEV-M044,GRV-OVL-00260,planted,multi
WEV-M044,GRV-OVL-00261,planted,multi
WEV-M044,POL-OVL-00138,planted,multi
WEV-M045,GRV-OVL-00262,planted,multi
WEV-M045,POL-OVL-00139,planted,multi
WEV-M046,GRV-OVL-00263,planted,multi
WEV-M046,GRV-OVL-00264,planted,multi
WEV-M046,GRV-OVL-00265,planted,multi
WEV-M046,GRV-OVL-00266,planted,multi
WEV-M046,PWD-INC-OVL0182,planted,multi
WEV-M047,PWD-INC-OVL0183,planted,multi
WEV-M047,POL-OVL-00140,planted,multi
WEV-M048,GRV-OVL-00267,planted,multi
WEV-M048,GRV-OVL-00268,planted,multi
WEV-M048,GRV-OVL-00269,planted,multi
WEV-M048,GRV-OVL-00270,planted,multi
WEV-M048,HSP-stanley-medical-college-and-hospital-OVL010,planted,multi
WEV-M049,GRV-OVL-00271,planted,multi
WEV-M049,GRV-OVL-00272,planted,multi
WEV-M049,GRV-OVL-00273,planted,multi
WEV-M049,POL-OVL-00141,planted,multi
WEV-M050,GRV-OVL-00274,planted,multi
WEV-M050,POL-OVL-00142,planted,multi
WEV-M051,GRV-OVL-00275,planted,multi
WEV-M051,GRV-OVL-00276,planted,multi
WEV-M051,PWD-INC-OVL0184,planted,multi
WEV-M052,PWD-INC-OVL0185,planted,multi
WEV-M052,POL-OVL-00143,planted,multi
WEV-M053,GRV-OVL-00277,planted,multi
WEV-M053,GRV-OVL-00278,planted,multi
WEV-M053,GRV-OVL-00279,planted,multi
WEV-M053,GRV-OVL-00280,planted,multi
WEV-M053,HSP-stanley-medical-college-and-hospital-OVL011,planted,multi
WEV-M054,GRV-OVL-00281,planted,multi
WEV-M054,GRV-OVL-00282,planted,multi
WEV-M054,POL-OVL-00144,planted,multi
WEV-M055,GRV-OVL-00283,planted,multi
WEV-M055,GRV-OVL-00284,planted,multi
WEV-M055,POL-OVL-00145,planted,multi
WEV-M056,GRV-OVL-00285,planted,multi
WEV-M056,GRV-OVL-00286,planted,multi
WEV-M056,GRV-OVL-00287,planted,multi
WEV-M056,GRV-OVL-00288,planted,multi
WEV-M056,PWD-INC-OVL0186,planted,multi
WEV-M057,PWD-INC-OVL0187,planted,multi
WEV-M057,POL-OVL-00146,planted,multi
WEV-M058,GRV-OVL-00289,planted,multi
WEV-M058,GRV-OVL-00290,planted,multi
WEV-M058,GRV-OVL-00291,planted,multi
WEV-M058,GRV-OVL-00292,planted,multi
WEV-M058,GRV-OVL-00293,planted,multi
WEV-M058,HSP-government-peripheral-hospital-anna-naga-OVL012,planted,multi
WEV-M059,GRV-OVL-00294,planted,multi
WEV-M059,GRV-OVL-00295,planted,multi
WEV-M059,POL-OVL-00147,planted,multi
WEV-M060,GRV-OVL-00296,planted,multi
WEV-M060,POL-OVL-00148,planted,multi
WEV-M061,GRV-OVL-00297,planted,multi
WEV-M061,GRV-OVL-00298,planted,multi
WEV-M061,PWD-INC-OVL0188,planted,multi
WEV-M062,PWD-INC-OVL0189,planted,multi
WEV-M062,POL-OVL-00149,planted,multi
WEV-M063,GRV-OVL-00299,planted,multi
WEV-M063,GRV-OVL-00300,planted,multi
WEV-M063,GRV-OVL-00301,planted,multi
WEV-M063,HSP-rajiv-gandhi-government-general-hospital-OVL013,planted,multi
WEV-M064,GRV-OVL-00302,planted,multi
WEV-M064,GRV-OVL-00303,planted,multi
WEV-M064,GRV-OVL-00304,planted,multi
WEV-M064,POL-OVL-00150,planted,multi
WEV-M065,GRV-OVL-00305,planted,multi
WEV-M065,POL-OVL-00151,planted,multi
WEV-M066,GRV-OVL-00306,planted,multi
WEV-M066,GRV-OVL-00307,planted,multi
WEV-M066,GRV-OVL-00308,planted,multi
WEV-M066,PWD-INC-OVL0190,planted,multi
WEV-M067,PWD-INC-OVL0191,planted,multi
WEV-M067,POL-OVL-00152,planted,multi
WEV-M068,GRV-OVL-00309,planted,multi
WEV-M068,GRV-OVL-00310,planted,multi
WEV-M068,GRV-OVL-00311,planted,multi
WEV-M068,GRV-OVL-00312,planted,multi
WEV-M068,GRV-OVL-00313,planted,multi
WEV-M068,GRV-OVL-00314,planted,multi
WEV-M068,HSP-tamil-nadu-govt-multi-super-specialty-ho-OVL014,planted,multi
WEV-M069,GRV-OVL-00315,planted,multi
WEV-M069,POL-OVL-00153,planted,multi
WEV-M070,GRV-OVL-00316,planted,multi
WEV-M070,POL-OVL-00154,planted,multi
WEV-N001,NEWS-20260924-51f08cfd2db94e71,adopted,news
WEV-N001,GRV-OVL-00317,planted,news
WEV-N001,GRV-OVL-00318,planted,news
WEV-N001,GRV-OVL-00319,planted,news
WEV-N001,GRV-OVL-00320,planted,news
WEV-N002,NEWS-20260924-e2ffdfc4765a4b2b,adopted,news
WEV-N002,GRV-OVL-00321,planted,news
WEV-N002,GRV-OVL-00322,planted,news
WEV-N002,GRV-OVL-00323,planted,news
WEV-N002,PWD-INC-OVL0192,planted,news
WEV-N003,NEWS-20260924-b253c075c16346bc,adopted,news
WEV-N003,GRV-OVL-00324,planted,news
WEV-N003,GRV-OVL-00325,planted,news
WEV-N003,GRV-OVL-00326,planted,news
WEV-N003,GRV-OVL-00327,planted,news
WEV-N004,NEWS-20260924-dd454f3338d64bea,adopted,news
WEV-N004,POL-OVL-00155,planted,news
WEV-N005,NEWS-20260924-8aa0734bbe304aae,adopted,news
WEV-N005,GRV-OVL-00328,planted,news
WEV-N005,GRV-OVL-00329,planted,news
WEV-N005,GRV-OVL-00330,planted,news
WEV-N005,GRV-OVL-00331,planted,news
WEV-N006,NEWS-20260924-c83b17caac494db9,adopted,news
WEV-N006,GRV-OVL-00332,planted,news
WEV-N006,GRV-OVL-00333,planted,news
WEV-N006,GRV-OVL-00334,planted,news
WEV-N006,GRV-OVL-00335,planted,news
WEV-N007,NEWS-20260928-556ddd80efdf4984,adopted,news
WEV-N007,GRV-OVL-00336,planted,news
WEV-N007,GRV-OVL-00337,planted,news
WEV-N007,GRV-OVL-00338,planted,news
WEV-N007,GRV-OVL-00339,planted,news
WEV-N008,NEWS-20260924-1e165595578a480d,adopted,news
WEV-N008,GRV-OVL-00340,planted,news
WEV-N008,GRV-OVL-00341,planted,news
WEV-N009,NEWS-20260924-1a3a4a175106451a,adopted,news
WEV-N009,POL-OVL-00156,planted,news
WEV-N010,NEWS-20260924-2040f936e1e54614,adopted,news
WEV-N010,GRV-OVL-00342,planted,news
WEV-N010,GRV-OVL-00343,planted,news
WEV-N010,PWD-INC-OVL0193,planted,news
WEV-N011,NEWS-20260924-3964e9214b794451,adopted,news
WEV-N011,PWD-INC-OVL0194,planted,news
WEV-N012,NEWS-20261002-4e26172ac7f84ef1,adopted,news
WEV-N012,GRV-OVL-00344,planted,news
WEV-N012,GRV-OVL-00345,planted,news
WEV-N012,PWD-INC-OVL0195,planted,news
WEV-N013,NEWS-20260927-125df991739d4613,adopted,news
WEV-N013,GRV-OVL-00346,planted,news
WEV-N013,GRV-OVL-00347,planted,news
WEV-N014,NEWS-20260924-ca09941855294c00,adopted,news
WEV-N014,GRV-OVL-00348,planted,news
WEV-N014,GRV-OVL-00349,planted,news
WEV-N014,GRV-OVL-00350,planted,news
WEV-N014,GRV-OVL-00351,planted,news
WEV-N015,NEWS-20260924-a620cdea594a4d40,adopted,news
WEV-N015,GRV-OVL-00352,planted,news
WEV-N015,GRV-OVL-00353,planted,news
WEV-N015,GRV-OVL-00354,planted,news
WEV-N016,NEWS-20260929-d00fbd59423e401e,adopted,news
WEV-N016,GRV-OVL-00355,planted,news
WEV-N016,GRV-OVL-00356,planted,news
WEV-N016,GRV-OVL-00357,planted,news
WEV-N017,NEWS-20260928-3e78f1b122c94bee,adopted,news
WEV-N017,GRV-OVL-00358,planted,news
WEV-N017,GRV-OVL-00359,planted,news
WEV-N017,GRV-OVL-00360,planted,news
WEV-N018,NEWS-20260927-304d9f4d812d459c,adopted,news
WEV-N018,GRV-OVL-00361,planted,news
WEV-N018,GRV-OVL-00362,planted,news
WEV-N018,GRV-OVL-00363,planted,news
WEV-N018,GRV-OVL-00364,planted,news
WEV-N018,PWD-INC-OVL0196,planted,news
WEV-N019,NEWS-20260928-02cd3b1a5a9945f0,adopted,news
WEV-N019,GRV-OVL-00365,planted,news
WEV-N019,GRV-OVL-00366,planted,news
WEV-N019,GRV-OVL-00367,planted,news
WEV-N019,GRV-OVL-00368,planted,news
WEV-N019,PWD-INC-OVL0197,planted,news
WEV-N020,NEWS-20260929-917dece120724656,adopted,news
WEV-N020,GRV-OVL-00369,planted,news
WEV-N020,GRV-OVL-00370,planted,news
WEV-N020,PWD-INC-OVL0198,planted,news
WEV-N021,NEWS-20260924-817c597525044137,adopted,news
WEV-N021,GRV-OVL-00371,planted,news
WEV-N021,GRV-OVL-00372,planted,news
WEV-N021,GRV-OVL-00373,planted,news
WEV-N022,NEWS-20260927-bef5969f3ab04ca1,adopted,news
WEV-N022,GRV-OVL-00374,planted,news
WEV-N022,GRV-OVL-00375,planted,news
WEV-N022,GRV-OVL-00376,planted,news
WEV-N022,GRV-OVL-00377,planted,news
WEV-N023,NEWS-20260924-93e8b45cc1734769,adopted,news
WEV-N023,POL-OVL-00157,planted,news
WEV-N024,NEWS-20260924-685418864e144d90,adopted,news
WEV-N024,GRV-OVL-00378,planted,news
WEV-N024,GRV-OVL-00379,planted,news
WEV-N024,GRV-OVL-00380,planted,news
WEV-N024,GRV-OVL-00381,planted,news
WEV-N025,NEWS-20260927-619cd5ee0c814b7e,adopted,news
WEV-N025,PWD-INC-OVL0199,planted,news
WEV-N026,NEWS-20260924-70f066da77b049dc,adopted,news
WEV-N026,GRV-OVL-00382,planted,news
WEV-N026,GRV-OVL-00383,planted,news
WEV-N026,GRV-OVL-00384,planted,news
WEV-N026,GRV-OVL-00385,planted,news
WEV-N027,NEWS-20260927-e04f721d169c41d1,adopted,news
WEV-N027,GRV-OVL-00386,planted,news
WEV-N027,GRV-OVL-00387,planted,news
WEV-N027,PWD-INC-OVL0200,planted,news
WEV-N028,NEWS-20260924-62809ab1f43c49eb,adopted,news
WEV-N028,POL-OVL-00158,planted,news
WEV-N029,NEWS-20260924-82175139c1d84260,adopted,news
WEV-N029,GRV-OVL-00388,planted,news
WEV-N029,GRV-OVL-00389,planted,news
WEV-N029,GRV-OVL-00390,planted,news
WEV-N029,PWD-INC-OVL0201,planted,news
WEV-N030,NEWS-20260924-51d99b6a01e746d4,adopted,news
WEV-N030,GRV-OVL-00391,planted,news
WEV-N030,GRV-OVL-00392,planted,news
WEV-N030,PWD-INC-OVL0202,planted,news
WEV-N031,NEWS-20260924-cdd12971b89b47ef,adopted,news
WEV-N031,GRV-OVL-00393,planted,news
WEV-N031,GRV-OVL-00394,planted,news
WEV-N032,NEWS-20260924-ff5216b0730949bf,adopted,news
WEV-N032,POL-OVL-00159,planted,news
WEV-N033,NEWS-20260924-a31f8c4509ba4917,adopted,news
WEV-N033,POL-OVL-00160,planted,news
WEV-N034,NEWS-20260924-a7113024a6fc42fe,adopted,news
WEV-N034,GRV-OVL-00395,planted,news
WEV-N034,GRV-OVL-00396,planted,news
WEV-N035,NEWS-20260924-d258b807343f4423,adopted,news
WEV-N035,GRV-OVL-00397,planted,news
WEV-N035,GRV-OVL-00398,planted,news
WEV-N035,GRV-OVL-00399,planted,news
WEV-N035,GRV-OVL-00400,planted,news
WEV-N036,NEWS-20260924-086809b7870447ef,adopted,news
WEV-N036,POL-OVL-00161,planted,news
WEV-N037,NEWS-20260924-27ed80b2004c4055,adopted,news
WEV-N037,GRV-OVL-00401,planted,news
WEV-N037,GRV-OVL-00402,planted,news
WEV-N037,GRV-OVL-00403,planted,news
WEV-N038,NEWS-20260924-9b14d7c346d84f3d,adopted,news
WEV-N038,GRV-OVL-00404,planted,news
WEV-N038,GRV-OVL-00405,planted,news
WEV-N038,GRV-OVL-00406,planted,news
WEV-N038,PWD-INC-OVL0203,planted,news
WEV-N039,NEWS-20260924-3f7b7317e6d844d2,adopted,news
WEV-N039,GRV-OVL-00407,planted,news
WEV-N039,GRV-OVL-00408,planted,news
WEV-N039,PWD-INC-OVL0204,planted,news
WEV-N040,NEWS-20260924-90ac06849eb14de3,adopted,news
WEV-N040,POL-OVL-00162,planted,news
WEV-N041,NEWS-20260924-c65e5810043a4323,adopted,news
WEV-N041,POL-OVL-00163,planted,news
WEV-N042,NEWS-20260924-6e6045e75abc4071,adopted,news
WEV-N042,GRV-OVL-00409,planted,news
WEV-N042,GRV-OVL-00410,planted,news
WEV-N042,GRV-OVL-00411,planted,news
WEV-N042,GRV-OVL-00412,planted,news
WEV-N043,NEWS-20260924-3a292b0ea6584cd3,adopted,news
WEV-N043,GRV-OVL-00413,planted,news
WEV-N043,GRV-OVL-00414,planted,news
WEV-N044,NEWS-20260928-caf9e89d5a374364,adopted,news
WEV-N044,PWD-INC-OVL0205,planted,news
WEV-N045,NEWS-20260924-8d20784339fd41ca,adopted,news
WEV-N045,GRV-OVL-00415,planted,news
WEV-N045,GRV-OVL-00416,planted,news
WEV-N045,GRV-OVL-00417,planted,news
WEV-N045,PWD-INC-OVL0206,planted,news
