Complaint No,Truth Group
2026-725JKM,DUP-2026-725JKM
2026-259HEW,DUP-2026-725JKM
2026-933ZMR,DUP-2026-933ZMR
2026-964JZO,DUP-2026-964JZO
2026-790PFP,DUP-2026-790PFP
2026-301AQQ,DUP-2026-301AQQ
2026-296OOF,DUP-2026-296OOF
2026-446NQS,DUP-2026-964JZO
2026-328DMY,DUP-2026-328DMY
2026-436BZZ,DUP-2026-436BZZ
2026-032WTO,DUP-2026-328DMY
2026-558LRL,DUP-2026-301AQQ
2026-599JHI,DUP-2026-790PFP
2026-385UMF,DUP-2026-385UMF
2026-125QCI,DUP-2026-125QCI
2026-434EYF,DUP-2026-933ZMR
2026-803QPJ,DUP-2026-296OOF
2026-258WBO,DUP-2026-328DMY
2026-412AJL,DUP-2026-412AJL
2026-599MOB,DUP-2026-599MOB
2026-836WFW,DUP-2026-836WFW
2026-032MZK,DUP-2026-436BZZ
2026-233FNG,DUP-2026-233FNG
2026-881FUF,DUP-2026-881FUF
2026-570CQO,DUP-2026-570CQO
2026-533CTU,DUP-2026-881FUF
2026-113JLD,DUP-2026-113JLD
2026-699VWD,DUP-2026-599MOB
2026-755MOD,DUP-2026-755MOD
2026-544IHG,DUP-2026-836WFW
2026-668VDK,DUP-2026-668VDK
2026-569QCD,DUP-2026-412AJL
2026-445ZYW,DUP-2026-445ZYW
2026-491MPV,DUP-2026-668VDK
2026-754NUB,DUP-2026-385UMF
2026-346JJZ,DUP-2026-346JJZ
2026-354TQF,DUP-2026-354TQF
2026-048GLJ,DUP-2026-125QCI
2026-254AFU,DUP-2026-570CQO
2026-752SUA,DUP-2026-752SUA
2026-658WMD,DUP-2026-445ZYW
2026-680STC,DUP-2026-680STC
2026-039EWM,DUP-2026-039EWM
2026-431PZE,DUP-2026-346JJZ
2026-884NOU,DUP-2026-884NOU
2026-951WEE,DUP-2026-755MOD
2026-407TXP,DUP-2026-407TXP
2026-891MGU,DUP-2026-891MGU
2026-961WWM,DUP-2026-961WWM
2026-874KUC,DUP-2026-874KUC
2026-132QYV,DUP-2026-039EWM
2026-750NSI,DUP-2026-233FNG
2026-785WNF,DUP-2026-891MGU
2026-498BSI,DUP-2026-498BSI
2026-602TTT,DUP-2026-113JLD
2026-628GUM,DUP-2026-628GUM
2026-963ZXT,DUP-2026-963ZXT
2026-379HQA,DUP-2026-379HQA
2026-217MEW,DUP-2026-217MEW
2026-359JDB,DUP-2026-359JDB
2026-501PGU,DUP-2026-680STC
2026-360QLX,DUP-2026-498BSI
2026-422IVE,DUP-2026-884NOU
2026-309OES,DUP-2026-628GUM
2026-171UBC,DUP-2026-354TQF
2026-937WAH,DUP-2026-752SUA
2026-982OZX,DUP-2026-982OZX
2026-512MII,DUP-2026-512MII
2026-103DKO,DUP-2026-407TXP
2026-328YMO,DUP-2026-328YMO
2026-989MOJ,DUP-2026-989MOJ
2026-058IAI,DUP-2026-963ZXT
2026-445MRB,DUP-2026-445MRB
2026-068CAP,DUP-2026-359JDB
2026-797DNK,DUP-2026-217MEW
2026-630SSR,DUP-2026-874KUC
2026-678RIH,DUP-2026-961WWM
2026-547SKU,DUP-2026-328YMO
2026-042RSE,DUP-2026-042RSE
2026-151VHC,DUP-2026-379HQA
2026-217YUD,DUP-2026-989MOJ
2026-094BKX,DUP-2026-094BKX
2026-860OVX,DUP-2026-860OVX
2026-028SQS,DUP-2026-028SQS
2026-431RJF,DUP-2026-445MRB
2026-896YCD,DUP-2026-896YCD
2026-880UTK,DUP-2026-880UTK
2026-579SRN,DUP-2026-982OZX
2026-060URT,DUP-2026-512MII
2026-802JJB,DUP-2026-860OVX
2026-575WJR,DUP-2026-042RSE
2026-235YCZ,DUP-2026-094BKX
2026-443DZH,DUP-2026-443DZH
2026-274TEZ,DUP-2026-274TEZ
2026-289KCQ,DUP-2026-289KCQ
2026-399PGD,DUP-2026-028SQS
2026-361HER,DUP-2026-896YCD
2026-582PDQ,DUP-2026-274TEZ
2026-590YXG,HOT-11
2026-665LHK,DUP-2026-880UTK
2026-919ESY,HOT-02
2026-718HRL,HOT-11
2026-757KBG,DUP-2026-757KBG
2026-304XCO,HOT-11
2026-703FUI,HOT-02
2026-589GKH,HOT-11
2026-201VEV,HOT-11
2026-678POW,HOT-02
2026-019NUG,HOT-02
2026-316MOA,HOT-11
2026-986CCY,DUP-2026-986CCY
2026-181QGV,HOT-11
2026-575DIQ,HOT-11
2026-009OYE,HOT-11
2026-950SMR,DUP-2026-950SMR
2026-554YTZ,DUP-2026-554YTZ
2026-943SVT,HOT-11
2026-061UWI,HOT-11
2026-956KWK,HOT-11
2026-647OUN,DUP-2026-443DZH
2026-323DQD,HOT-11
2026-087PIA,HOT-11
2026-230MMM,HOT-02
2026-965VYM,DUP-2026-965VYM
2026-755XWL,DUP-2026-757KBG
2026-679TFY,HOT-11
2026-255GYR,HOT-11
2026-189VTL,DUP-2026-554YTZ
2026-121TDM,DUP-2026-986CCY
2026-462DME,HOT-11
2026-496IDJ,DUP-2026-496IDJ
2026-316OMD,HOT-11
2026-706BTQ,HOT-11
2026-178UDM,DUP-2026-178UDM
2026-182GLA,HOT-11
2026-108ZZC,HOT-02
2026-801POZ,HOT-02
2026-428NBZ,DUP-2026-289KCQ
2026-950DSN,DUP-2026-950SMR
2026-761LWS,DUP-2026-496IDJ
2026-742NZC,DUP-2026-178UDM
2026-004WWW,DUP-2026-004WWW
2026-935UVA,DUP-2026-935UVA
2026-054PTC,DUP-2026-004WWW
2026-299YHS,DUP-2026-299YHS
2026-839ZLE,DUP-2026-004WWW
2026-159QAZ,DUP-2026-159QAZ
2026-251QSE,DUP-2026-299YHS
2026-216FGF,DUP-2026-159QAZ
2026-457QWH,DUP-2026-457QWH
2026-326JVX,DUP-2026-965VYM
2026-099NQE,DUP-2026-099NQE
2026-508FYR,DUP-2026-508FYR
2026-350VYP,DUP-2026-350VYP
2026-777XJW,DUP-2026-159QAZ
2026-911WNB,DUP-2026-911WNB
2026-772WZU,DUP-2026-935UVA
2026-478VLL,DUP-2026-478VLL
2026-171MPN,DUP-2026-350VYP
2026-722CNJ,DUP-2026-722CNJ
2026-307RYE,DUP-2026-722CNJ
2026-369AIS,DUP-2026-369AIS
2026-635WPB,DUP-2026-508FYR
2026-977TNH,DUP-2026-977TNH
2026-973UTL,DUP-2026-973UTL
2026-837LTN,DUP-2026-457QWH
2026-726YIA,DUP-2026-911WNB
2026-960OEO,DUP-2026-960OEO
2026-336KKR,DUP-2026-336KKR
2026-043PPE,DUP-2026-973UTL
2026-109DGA,DUP-2026-099NQE
2026-595XIW,DUP-2026-595XIW
2026-014DFM,DUP-2026-478VLL
2026-833BTA,DUP-2026-833BTA
2026-058NVZ,DUP-2026-058NVZ
2026-344JHY,DUP-2026-336KKR
2026-182ONQ,DUP-2026-182ONQ
2026-578JGY,DUP-2026-578JGY
2026-675JAM,DUP-2026-977TNH
2026-941PIY,DUP-2026-941PIY
2026-297VIW,DUP-2026-182ONQ
2026-623AZL,DUP-2026-369AIS
2026-835CUX,DUP-2026-835CUX
2026-050YYB,DUP-2026-050YYB
2026-331CYK,DUP-2026-331CYK
2026-882SHK,DUP-2026-595XIW
2026-829STZ,DUP-2026-833BTA
2026-136JUA,DUP-2026-960OEO
2026-554FRA,DUP-2026-554FRA
2026-237GOM,DUP-2026-833BTA
2026-294UQN,DUP-2026-578JGY
2026-233PUZ,DUP-2026-233PUZ
2026-891DZA,DUP-2026-835CUX
2026-475YOH,DUP-2026-058NVZ
2026-427KSZ,DUP-2026-427KSZ
2026-119XCP,DUP-2026-050YYB
2026-421IJE,DUP-2026-941PIY
2026-410GFF,DUP-2026-410GFF
2026-408FHP,DUP-2026-554FRA
2026-741GQB,DUP-2026-741GQB
2026-267SZS,DUP-2026-331CYK
2026-867OAN,DUP-2026-233PUZ
2026-809ETT,DUP-2026-809ETT
2026-794OOZ,DUP-2026-794OOZ
2026-721JDC,DUP-2026-721JDC
2026-356PFE,DUP-2026-427KSZ
2026-279OCS,DUP-2026-279OCS
2026-744SWK,DUP-2026-744SWK
2026-642PJY,DUP-2026-741GQB
2026-089EWQ,DUP-2026-089EWQ
2026-777PMR,DUP-2026-777PMR
2026-492MGT,DUP-2026-492MGT
2026-838TPC,DUP-2026-794OOZ
2026-063HHD,DUP-2026-809ETT
2026-521MHV,DUP-2026-777PMR
2026-312NDZ,DUP-2026-312NDZ
2026-819TYS,DUP-2026-410GFF
2026-095VWZ,DUP-2026-095VWZ
2026-142YDN,DUP-2026-142YDN
2026-503TOP,DUP-2026-279OCS
2026-150RGD,DUP-2026-150RGD
2026-365SEI,DUP-2026-365SEI
2026-235JOZ,DUP-2026-089EWQ
2026-148SVS,DUP-2026-148SVS
2026-235UOP,DUP-2026-721JDC
2026-391GDW,DUP-2026-312NDZ
2026-833BQN,DUP-2026-833BQN
2026-102YKB,DUP-2026-365SEI
2026-751FXW,DUP-2026-751FXW
2026-278TBZ,DUP-2026-833BQN
2026-721RLB,DUP-2026-751FXW
2026-765WQV,DUP-2026-150RGD
2026-604PDV,DUP-2026-148SVS
2026-724HQS,DUP-2026-724HQS
2026-134UWC,DUP-2026-744SWK
2026-832KRO,DUP-2026-832KRO
2026-180JZE,DUP-2026-180JZE
2026-625KVT,DUP-2026-492MGT
2026-099GTU,DUP-2026-095VWZ
2026-352GDR,DUP-2026-352GDR
2026-308ZZP,DUP-2026-832KRO
2026-153QHG,DUP-2026-724HQS
2026-606DNB,DUP-2026-180JZE
2026-772JLI,DUP-2026-772JLI
2026-914EAK,DUP-2026-142YDN
2026-525BTW,DUP-2026-525BTW
2026-201WON,DUP-2026-201WON
2026-073XCY,DUP-2026-073XCY
2026-851DZF,DUP-2026-352GDR
2026-448KLA,DUP-2026-448KLA
2026-729FTM,DUP-2026-729FTM
2026-480WFL,DUP-2026-073XCY
2026-315GYN,DUP-2026-201WON
2026-650ZFT,DUP-2026-650ZFT
2026-752ZHI,DUP-2026-752ZHI
2026-702DXA,DUP-2026-702DXA
2026-156PUA,DUP-2026-702DXA
2026-922XRK,DUP-2026-922XRK
2026-333KHK,DUP-2026-922XRK
2026-682RIN,DUP-2026-525BTW
2026-393OPM,DUP-2026-729FTM
2026-457XWL,DUP-2026-457XWL
2026-235AYL,DUP-2026-448KLA
2026-140LHX,DUP-2026-140LHX
2026-997RZS,DUP-2026-997RZS
2026-986BVS,DUP-2026-986BVS
2026-720FBP,DUP-2026-772JLI
2026-145AWE,DUP-2026-145AWE
2026-005WCR,DUP-2026-005WCR
2026-668CIS,DUP-2026-668CIS
2026-468IGG,DUP-2026-997RZS
2026-401HEP,DUP-2026-145AWE
2026-508UJH,DUP-2026-508UJH
2026-149BIJ,DUP-2026-457XWL
2026-134CJH,DUP-2026-650ZFT
2026-519NEY,DUP-2026-519NEY
2026-708FTJ,DUP-2026-708FTJ
2026-346HUT,DUP-2026-708FTJ
2026-128XEI,DUP-2026-128XEI
2026-640SQM,DUP-2026-640SQM
2026-377XSE,DUP-2026-986BVS
2026-072GUM,DUP-2026-072GUM
2026-950UUA,DUP-2026-508UJH
2026-936JYP,DUP-2026-128XEI
2026-594WHF,DUP-2026-752ZHI
2026-973UAK,DUP-2026-668CIS
2026-340LWM,DUP-2026-140LHX
2026-389FJD,DUP-2026-640SQM
2026-015FGL,DUP-2026-015FGL
2026-177POF,DUP-2026-519NEY
2026-628JPW,DUP-2026-457XWL
2026-652IUX,HOT-10
2026-355JSL,DUP-2026-355JSL
2026-667PRP,HOT-10
2026-294RER,DUP-2026-294RER
2026-775PHU,DUP-2026-775PHU
2026-800INB,DUP-2026-355JSL
2026-819KSA,HOT-10
2026-454LFH,HOT-10
2026-523VSO,HOT-10
2026-788SSY,HOT-10
2026-611HTK,HOT-10
2026-388QFK,DUP-2026-005WCR
2026-529YKH,HOT-10
2026-825ZFX,DUP-2026-825ZFX
2026-112LRP,DUP-2026-112LRP
2026-224EDK,HOT-10
2026-346MBF,HOT-10
2026-002BDM,HOT-10
2026-172UFH,DUP-2026-172UFH
2026-719CNR,HOT-10
2026-034CWC,HOT-10
2026-961EYD,HOT-10
2026-177POA,DUP-2026-177POA
2026-132YBQ,HOT-10
2026-123MNC,DUP-2026-123MNC
2026-250ITG,DUP-2026-825ZFX
2026-301ARD,DUP-2026-294RER
2026-645UKA,HOT-10
2026-225UNN,HOT-10
2026-878BEO,HOT-10
2026-748LFP,HOT-10
2026-027JAJ,DUP-2026-027JAJ
2026-189OPH,HOT-10
2026-769EXI,DUP-2026-769EXI
2026-043BZO,DUP-2026-072GUM
2026-039VUF,DUP-2026-769EXI
2026-370QKT,DUP-2026-370QKT
2026-415EAN,DUP-2026-775PHU
2026-380VLO,DUP-2026-380VLO
2026-194YHP,DUP-2026-194YHP
2026-045CKH,DUP-2026-015FGL
2026-775GUM,DUP-2026-775GUM
2026-585IOB,DUP-2026-585IOB
2026-485LDP,DUP-2026-112LRP
2026-559FCB,DUP-2026-559FCB
2026-292VIU,HOT-04
2026-318UQD,DUP-2026-123MNC
2026-712IVL,DUP-2026-027JAJ
2026-345GRP,DUP-2026-559FCB
2026-018YAH,HOT-04
2026-222ENC,DUP-2026-585IOB
2026-309FSA,HOT-04
2026-562GOV,DUP-2026-172UFH
2026-999BNC,HOT-04
2026-434TMM,DUP-2026-434TMM
2026-558JIS,HOT-04
2026-497NDK,HOT-04
2026-423WNO,HOT-04
2026-484YTV,DUP-2026-484YTV
2026-312LIV,DUP-2026-312LIV
2026-339UWF,DUP-2026-339UWF
2026-729DVX,DUP-2026-729DVX
2026-245FTX,HOT-04
2026-989WJO,HOT-04
2026-918OJR,DUP-2026-918OJR
2026-238SQO,DUP-2026-484YTV
2026-974VKG,HOT-04
2026-432QVW,HOT-04
2026-218MDE,HOT-04
2026-216QRY,DUP-2026-177POA
2026-246VDO,HOT-04
2026-835VWM,HOT-04
2026-520UGT,DUP-2026-775GUM
2026-012GXJ,DUP-2026-012GXJ
2026-925KGC,DUP-2026-925KGC
2026-383FMR,HOT-04
2026-580QCL,DUP-2026-918OJR
2026-696BJG,HOT-04
2026-937QGP,DUP-2026-370QKT
2026-349IWD,DUP-2026-349IWD
2026-275XUZ,DUP-2026-275XUZ
2026-591PWO,DUP-2026-339UWF
2026-937MCG,DUP-2026-194YHP
2026-055WBR,DUP-2026-055WBR
2026-661JRC,DUP-2026-349IWD
2026-335EHU,DUP-2026-380VLO
2026-542OWP,DUP-2026-312LIV
2026-554BQO,DUP-2026-554BQO
2026-434CWP,DUP-2026-434CWP
2026-594GVA,DUP-2026-729DVX
2026-539KCA,DUP-2026-434TMM
2026-455FTH,DUP-2026-012GXJ
2026-567CPI,DUP-2026-925KGC
2026-481GRW,DUP-2026-275XUZ
2026-094TDZ,DUP-2026-094TDZ
2026-483ICO,DUP-2026-483ICO
2026-254QJX,DUP-2026-554BQO
2026-406KHA,DUP-2026-406KHA
2026-558RED,DUP-2026-558RED
2026-035CKT,DUP-2026-035CKT
2026-829DHK,DUP-2026-829DHK
2026-621VSN,DUP-2026-434CWP
2026-667YKS,DUP-2026-035CKT
2026-441CRU,DUP-2026-441CRU
2026-034BQI,DUP-2026-441CRU
2026-795PMX,DUP-2026-094TDZ
2026-587FTS,DUP-2026-587FTS
2026-065XHN,DUP-2026-055WBR
2026-322BHB,DUP-2026-322BHB
2026-046KCE,DUP-2026-587FTS
2026-996QBA,DUP-2026-434CWP
2026-044SFB,DUP-2026-483ICO
2026-518DMA,DUP-2026-518DMA
2026-866RCG,DUP-2026-866RCG
2026-976IMG,DUP-2026-558RED
2026-043AQH,DUP-2026-043AQH
2026-915HXS,DUP-2026-915HXS
2026-211ZII,DUP-2026-211ZII
2026-224NWS,DUP-2026-224NWS
2026-005KGN,DUP-2026-005KGN
2026-693XRJ,DUP-2026-829DHK
2026-967JOK,DUP-2026-967JOK
2026-732HFH,DUP-2026-322BHB
2026-546PWK,DUP-2026-866RCG
2026-589GUN,DUP-2026-406KHA
2026-295WVO,DUP-2026-295WVO
2026-425RPL,DUP-2026-211ZII
2026-507DWM,DUP-2026-507DWM
2026-100JEJ,DUP-2026-005KGN
2026-370DAV,DUP-2026-370DAV
2026-534JBE,DUP-2026-534JBE
2026-830CXF,DUP-2026-518DMA
2026-359OAH,DUP-2026-534JBE
2026-914QWS,DUP-2026-914QWS
2026-837UPH,DUP-2026-837UPH
2026-292UNP,DUP-2026-292UNP
2026-431SPM,DUP-2026-431SPM
2026-157IWY,DUP-2026-157IWY
2026-268KMI,DUP-2026-507DWM
2026-295DLA,DUP-2026-295DLA
2026-482FYP,DUP-2026-915HXS
2026-825OAL,DUP-2026-825OAL
2026-410SBU,DUP-2026-410SBU
2026-101DHS,DUP-2026-292UNP
2026-159LFN,DUP-2026-967JOK
2026-201MVD,DUP-2026-043AQH
2026-345ESA,DUP-2026-224NWS
2026-523AJZ,DUP-2026-825OAL
2026-849XHC,DUP-2026-295DLA
2026-878YYY,DUP-2026-295WVO
2026-195LJT,DUP-2026-195LJT
2026-503PIB,DUP-2026-195LJT
2026-598MVU,DUP-2026-598MVU
2026-615NKD,DUP-2026-431SPM
2026-756BYU,DUP-2026-157IWY
2026-137HSX,DUP-2026-370DAV
2026-619OGT,DUP-2026-619OGT
2026-714QVE,DUP-2026-598MVU
2026-368PEM,DUP-2026-368PEM
2026-826MAX,DUP-2026-826MAX
2026-016YQW,DUP-2026-016YQW
2026-612EOM,DUP-2026-612EOM
2026-084NIU,DUP-2026-084NIU
2026-025DAC,DUP-2026-410SBU
2026-202SXQ,HOT-09
2026-373OQM,DUP-2026-914QWS
2026-792CYB,HOT-09
2026-368UHZ,HOT-09
2026-251WMP,DUP-2026-837UPH
2026-710KBX,HOT-09
2026-696NNN,DUP-2026-826MAX
2026-270MEE,DUP-2026-270MEE
2026-225IHP,DUP-2026-016YQW
2026-670TZN,DUP-2026-612EOM
2026-387VFP,DUP-2026-387VFP
2026-294HBJ,DUP-2026-294HBJ
2026-588FUT,DUP-2026-588FUT
2026-063DPV,DUP-2026-063DPV
2026-634CPZ,DUP-2026-825OAL
2026-046ZVT,DUP-2026-046ZVT
2026-118SML,DUP-2026-118SML
2026-728SOV,DUP-2026-387VFP
2026-947FYT,DUP-2026-368PEM
2026-593ITB,DUP-2026-593ITB
2026-658ISD,DUP-2026-658ISD
2026-547IVT,DUP-2026-547IVT
2026-370MLE,DUP-2026-370MLE
2026-094OFP,HOT-09
2026-145VWI,HOT-09
2026-989RSX,DUP-2026-612EOM
2026-024FYK,HOT-09
2026-702TBP,DUP-2026-702TBP
2026-395UBS,HOT-09
2026-868YEM,DUP-2026-118SML
2026-315JVE,DUP-2026-315JVE
2026-486MYM,DUP-2026-486MYM
2026-308OKE,DUP-2026-308OKE
2026-983UOF,DUP-2026-983UOF
2026-021YJS,DUP-2026-021YJS
2026-894QNU,DUP-2026-894QNU
2026-337NHZ,DUP-2026-084NIU
2026-579IEB,DUP-2026-702TBP
2026-868SIV,DUP-2026-868SIV
2026-708CPY,DUP-2026-708CPY
2026-016PYP,DUP-2026-016PYP
2026-555SQQ,DUP-2026-555SQQ
2026-731CDR,DUP-2026-619OGT
2026-394VAG,DUP-2026-394VAG
2026-745BCS,DUP-2026-547IVT
2026-541LTE,DUP-2026-063DPV
2026-439GHN,DUP-2026-439GHN
2026-109IHS,DUP-2026-270MEE
2026-213BAA,DUP-2026-016PYP
2026-929QVW,DUP-2026-294HBJ
2026-009BZP,DUP-2026-009BZP
2026-798YJH,DUP-2026-009BZP
2026-628LFV,DUP-2026-628LFV
2026-496BVY,DUP-2026-658ISD
2026-040ZTB,DUP-2026-486MYM
2026-575GIW,DUP-2026-894QNU
2026-359HGQ,DUP-2026-315JVE
2026-578OKL,DUP-2026-593ITB
2026-889WGO,DUP-2026-370MLE
2026-438JYU,DUP-2026-046ZVT
2026-098NPC,DUP-2026-588FUT
2026-650WFX,DUP-2026-868SIV
2026-800GZI,DUP-2026-800GZI
2026-820UUH,DUP-2026-820UUH
2026-359SKN,DUP-2026-359SKN
2026-616PQJ,DUP-2026-616PQJ
2026-572PMQ,DUP-2026-439GHN
2026-276QZB,DUP-2026-276QZB
2026-550ULY,DUP-2026-550ULY
2026-988UWF,DUP-2026-550ULY
2026-839WFP,DUP-2026-839WFP
2026-348NUW,DUP-2026-555SQQ
2026-152APU,DUP-2026-983UOF
2026-896FHO,DUP-2026-394VAG
2026-563SST,DUP-2026-616PQJ
2026-505YRJ,DUP-2026-708CPY
2026-543JCQ,DUP-2026-628LFV
2026-736YTC,DUP-2026-736YTC
2026-039BPN,DUP-2026-308OKE
2026-121RVQ,DUP-2026-121RVQ
2026-570ENT,DUP-2026-570ENT
2026-028AVW,DUP-2026-800GZI
2026-755ZBB,DUP-2026-021YJS
2026-146KOM,DUP-2026-146KOM
2026-876CGF,DUP-2026-876CGF
2026-189FKV,DUP-2026-276QZB
2026-990LBZ,DUP-2026-990LBZ
2026-249SVX,DUP-2026-249SVX
2026-013BVQ,DUP-2026-736YTC
2026-520UDP,DUP-2026-520UDP
2026-886XRF,DUP-2026-990LBZ
2026-426SJO,DUP-2026-426SJO
2026-241RLI,DUP-2026-359SKN
2026-758HUI,DUP-2026-121RVQ
2026-601YMY,DUP-2026-601YMY
2026-517NQW,DUP-2026-517NQW
2026-547DYO,DUP-2026-820UUH
2026-974DAB,DUP-2026-146KOM
2026-385HLW,DUP-2026-517NQW
2026-916HTF,DUP-2026-916HTF
2026-235DDL,DUP-2026-235DDL
2026-250UIX,DUP-2026-250UIX
2026-273OWT,DUP-2026-839WFP
2026-588ACH,DUP-2026-876CGF
2026-172FJZ,DUP-2026-876CGF
2026-339WVE,DUP-2026-339WVE
2026-632XSN,DUP-2026-570ENT
2026-754TVM,DUP-2026-754TVM
2026-630JIM,DUP-2026-235DDL
2026-899UYA,DUP-2026-899UYA
2026-148LUF,DUP-2026-601YMY
2026-923YZV,DUP-2026-923YZV
2026-832LBA,DUP-2026-916HTF
2026-665FBP,DUP-2026-754TVM
2026-721QKF,DUP-2026-721QKF
2026-401PAT,DUP-2026-249SVX
2026-922VLK,DUP-2026-922VLK
2026-960CXV,DUP-2026-520UDP
2026-638JSN,DUP-2026-426SJO
2026-837ZEW,DUP-2026-837ZEW
2026-418TVT,DUP-2026-418TVT
2026-775UVH,DUP-2026-775UVH
2026-105EEY,DUP-2026-105EEY
2026-633SBE,DUP-2026-899UYA
2026-336LCW,DUP-2026-923YZV
2026-558JIK,DUP-2026-558JIK
2026-936IOR,DUP-2026-936IOR
2026-024XVB,DUP-2026-418TVT
2026-532CDM,DUP-2026-339WVE
2026-515SXT,DUP-2026-775UVH
2026-658FUW,DUP-2026-721QKF
2026-932KLQ,DUP-2026-250UIX
2026-034XUP,DUP-2026-034XUP
2026-217UCA,DUP-2026-217UCA
2026-519ZPL,DUP-2026-519ZPL
2026-610TPW,DUP-2026-610TPW
2026-534FZB,DUP-2026-922VLK
2026-369RVJ,DUP-2026-369RVJ
2026-686BSQ,DUP-2026-217UCA
2026-730OIY,DUP-2026-369RVJ
2026-586JOC,DUP-2026-936IOR
2026-954GTJ,DUP-2026-105EEY
2026-786JXN,DUP-2026-786JXN
2026-630YPS,DUP-2026-558JIK
2026-464BEI,DUP-2026-464BEI
2026-094GEE,DUP-2026-094GEE
2026-762YWN,DUP-2026-837ZEW
2026-849SKJ,DUP-2026-849SKJ
2026-794ASZ,DUP-2026-794ASZ
2026-543XHY,DUP-2026-369RVJ
2026-309PWL,DUP-2026-309PWL
2026-786EJS,DUP-2026-786EJS
2026-637QOH,DUP-2026-637QOH
2026-705EIM,DUP-2026-786JXN
2026-480SHU,DUP-2026-480SHU
2026-788TJU,DUP-2026-788TJU
2026-401TUG,DUP-2026-401TUG
2026-887RPG,DUP-2026-786EJS
2026-082XNV,DUP-2026-082XNV
2026-708GPT,DUP-2026-849SKJ
2026-579NDA,DUP-2026-579NDA
2026-044PXD,DUP-2026-480SHU
2026-219IJC,DUP-2026-034XUP
2026-721CDC,DUP-2026-610TPW
2026-123IYY,DUP-2026-309PWL
2026-874UJW,DUP-2026-874UJW
2026-153LCY,DUP-2026-464BEI
2026-502XEX,DUP-2026-519ZPL
2026-492JEV,DUP-2026-401TUG
2026-773QOO,DUP-2026-773QOO
2026-363LOX,DUP-2026-637QOH
2026-667HXE,DUP-2026-667HXE
2026-355PDF,DUP-2026-355PDF
2026-420JZJ,DUP-2026-788TJU
2026-815WAY,DUP-2026-667HXE
2026-564EBP,DUP-2026-094GEE
2026-680ZKZ,DUP-2026-680ZKZ
2026-843ZAO,DUP-2026-843ZAO
2026-819YNN,DUP-2026-819YNN
2026-877NKN,DUP-2026-877NKN
2026-856PHF,DUP-2026-856PHF
2026-246GKG,DUP-2026-877NKN
2026-712EZT,DUP-2026-874UJW
2026-606PQZ,DUP-2026-606PQZ
2026-382RRW,DUP-2026-794ASZ
2026-203QPD,DUP-2026-203QPD
2026-128SJL,DUP-2026-843ZAO
2026-369GGW,DUP-2026-082XNV
2026-774ZLY,DUP-2026-774ZLY
2026-876PKT,DUP-2026-773QOO
2026-551XAN,DUP-2026-082XNV
2026-617ACD,DUP-2026-617ACD
2026-622WWJ,DUP-2026-622WWJ
2026-404ECH,DUP-2026-404ECH
2026-914QMV,DUP-2026-680ZKZ
2026-987BPV,DUP-2026-987BPV
2026-597DHP,DUP-2026-579NDA
2026-042LEV,DUP-2026-042LEV
2026-853PTV,DUP-2026-853PTV
2026-639LXJ,DUP-2026-856PHF
2026-242JMQ,DUP-2026-242JMQ
2026-089FPK,DUP-2026-089FPK
2026-634GPV,DUP-2026-634GPV
2026-403OUW,DUP-2026-403OUW
2026-708GTY,DUP-2026-708GTY
2026-553WSE,DUP-2026-403OUW
2026-997KFK,DUP-2026-997KFK
2026-978GKY,DUP-2026-089FPK
2026-135SRG,DUP-2026-135SRG
2026-126RTO,DUP-2026-819YNN
2026-196ZWA,DUP-2026-196ZWA
2026-948WZF,DUP-2026-948WZF
2026-848XWC,DUP-2026-848XWC
2026-513DUT,DUP-2026-355PDF
2026-884UDV,DUP-2026-997KFK
2026-880XMX,DUP-2026-606PQZ
2026-240VCT,DUP-2026-848XWC
2026-130CTR,DUP-2026-987BPV
2026-106JAB,DUP-2026-708GTY
2026-490XFW,DUP-2026-774ZLY
2026-286IBK,DUP-2026-286IBK
2026-850IEH,DUP-2026-617ACD
2026-122MUM,DUP-2026-203QPD
2026-254KQY,DUP-2026-853PTV
2026-887FTI,DUP-2026-887FTI
2026-013YJQ,DUP-2026-013YJQ
2026-091PQJ,DUP-2026-091PQJ
2026-838UYT,DUP-2026-838UYT
2026-448YNI,DUP-2026-448YNI
2026-967IZE,DUP-2026-135SRG
2026-539RWE,DUP-2026-948WZF
2026-874QOV,DUP-2026-403OUW
2026-717ZUN,DUP-2026-717ZUN
2026-467LRW,DUP-2026-404ECH
2026-156PTY,DUP-2026-156PTY
2026-263LAB,DUP-2026-887FTI
2026-717QVR,DUP-2026-717QVR
2026-274KUQ,DUP-2026-634GPV
2026-245GER,DUP-2026-717ZUN
2026-569WEJ,DUP-2026-569WEJ
2026-853USM,DUP-2026-622WWJ
2026-317KDH,DUP-2026-196ZWA
2026-224LIH,DUP-2026-224LIH
2026-641CFE,DUP-2026-641CFE
2026-328HXA,DUP-2026-328HXA
2026-255KVK,DUP-2026-569WEJ
2026-234PWS,DUP-2026-242JMQ
2026-128RXI,DUP-2026-042LEV
2026-169SLL,DUP-2026-448YNI
2026-839APB,DUP-2026-839APB
2026-940MVL,DUP-2026-089FPK
2026-759CXY,DUP-2026-759CXY
2026-598EPE,DUP-2026-013YJQ
2026-639MJF,DUP-2026-091PQJ
2026-683KHT,DUP-2026-328HXA
2026-797GZL,DUP-2026-797GZL
2026-567ICM,DUP-2026-797GZL
2026-830CTL,DUP-2026-286IBK
2026-213SZX,DUP-2026-213SZX
2026-103NCQ,DUP-2026-717QVR
2026-802VXU,DUP-2026-802VXU
2026-102UEV,DUP-2026-102UEV
2026-445FZM,DUP-2026-445FZM
2026-104QJQ,DUP-2026-759CXY
2026-437TLR,DUP-2026-437TLR
2026-970XOT,DUP-2026-970XOT
2026-369JMC,HOT-05
2026-261MIB,DUP-2026-261MIB
2026-136HMJ,DUP-2026-136HMJ
2026-769QMT,DUP-2026-156PTY
2026-566AXN,DUP-2026-838UYT
2026-935LVV,DUP-2026-935LVV
2026-706OKQ,DUP-2026-706OKQ
2026-289OIK,HOT-05
2026-929WDP,HOT-05
2026-917GJJ,DUP-2026-839APB
2026-943PZU,DUP-2026-970XOT
2026-980BXM,HOT-05
2026-544EMX,DUP-2026-544EMX
2026-577JMF,DUP-2026-577JMF
2026-808MOZ,DUP-2026-808MOZ
2026-549DXG,DUP-2026-549DXG
2026-446HDE,DUP-2026-706OKQ
2026-510JOG,DUP-2026-549DXG
2026-857MDA,DUP-2026-577JMF
2026-972JHF,DUP-2026-972JHF
2026-770FPG,HOT-05
2026-572SVM,DUP-2026-102UEV
2026-580GXH,DUP-2026-261MIB
2026-823BCF,HOT-05
2026-370MGC,HOT-05
2026-981VBD,HOT-05
2026-688UCF,DUP-2026-224LIH
2026-158ZLZ,DUP-2026-445FZM
2026-828DRE,DUP-2026-641CFE
2026-338SES,DUP-2026-972JHF
2026-712HUU,HOT-05
2026-448BIW,HOT-05
2026-757GFU,HOT-05
2026-293SDO,DUP-2026-437TLR
2026-669CBO,DUP-2026-669CBO
2026-774BWG,DUP-2026-213SZX
2026-284JXU,DUP-2026-284JXU
2026-596PVL,DUP-2026-669CBO
2026-210RSF,DUP-2026-210RSF
2026-581BJF,DUP-2026-581BJF
2026-324HMD,HOT-05
2026-501BMY,HOT-05
2026-459LQD,DUP-2026-459LQD
2026-082HKE,DUP-2026-082HKE
2026-147GID,DUP-2026-147GID
2026-632ZSZ,DUP-2026-632ZSZ
2026-084OSC,DUP-2026-084OSC
2026-608YXH,DUP-2026-136HMJ
2026-109ZTD,DUP-2026-109ZTD
2026-734PGG,DUP-2026-544EMX
2026-036NTO,DUP-2026-082HKE
2026-551DBZ,DUP-2026-551DBZ
2026-885UDG,DUP-2026-885UDG
2026-605SVC,DUP-2026-605SVC
2026-213LIV,DUP-2026-935LVV
2026-179QIS,DUP-2026-147GID
2026-793RCO,DUP-2026-802VXU
2026-092VSS,DUP-2026-092VSS
2026-464HDS,DUP-2026-459LQD
2026-679DIM,DUP-2026-679DIM
2026-011IUK,DUP-2026-210RSF
2026-968ADH,DUP-2026-679DIM
2026-337RIY,DUP-2026-337RIY
2026-355VVD,DUP-2026-551DBZ
2026-602ZGZ,DUP-2026-337RIY
2026-457TDC,DUP-2026-581BJF
2026-990BLB,DUP-2026-808MOZ
2026-582IPC,DUP-2026-582IPC
2026-417VIC,DUP-2026-632ZSZ
2026-621YZN,DUP-2026-621YZN
2026-533ERT,DUP-2026-533ERT
2026-625RMK,DUP-2026-109ZTD
2026-713QUW,DUP-2026-621YZN
2026-750BNH,HOT-06
2026-232YMG,DUP-2026-092VSS
2026-636EHA,DUP-2026-636EHA
2026-488RCT,HOT-06
2026-113AQF,DUP-2026-284JXU
2026-992MGD,DUP-2026-992MGD
2026-082RWR,HOT-06
2026-136EQD,DUP-2026-136EQD
2026-258IEE,DUP-2026-258IEE
2026-961LYQ,DUP-2026-961LYQ
2026-408PZT,HOT-06
2026-435FLI,DUP-2026-435FLI
2026-765MZW,DUP-2026-084OSC
2026-159AAP,HOT-06
2026-106NJS,DUP-2026-961LYQ
2026-705WQG,HOT-03
2026-682LMY,DUP-2026-682LMY
2026-559IET,DUP-2026-605SVC
2026-930SZW,DUP-2026-930SZW
2026-304XLM,DUP-2026-258IEE
2026-734ZRA,HOT-06
2026-092IBZ,DUP-2026-136EQD
2026-243VXX,HOT-06
2026-263WAP,DUP-2026-533ERT
2026-077IOJ,HOT-08
2026-509WYG,HOT-08
2026-536ERV,HOT-03
2026-006AHE,DUP-2026-006AHE
2026-490MTP,DUP-2026-885UDG
2026-830DRV,DUP-2026-636EHA
2026-688WJQ,DUP-2026-006AHE
2026-970LSF,HOT-03
2026-843OLZ,DUP-2026-843OLZ
2026-834HKL,DUP-2026-930SZW
2026-329OCM,DUP-2026-329OCM
2026-848KGM,DUP-2026-848KGM
2026-676ZLV,HOT-03
2026-885KES,HOT-08
2026-436WTP,DUP-2026-436WTP
2026-488RQC,HOT-03
2026-257DHF,HOT-08
2026-726UYT,DUP-2026-726UYT
2026-790VWV,HOT-03
2026-042SRX,DUP-2026-042SRX
2026-032ICR,DUP-2026-582IPC
2026-266AOV,HOT-03
2026-830SJX,DUP-2026-830SJX
2026-600BWC,DUP-2026-600BWC
2026-859SZG,DUP-2026-435FLI
2026-416OSG,DUP-2026-416OSG
2026-249EQH,DUP-2026-249EQH
2026-750QSE,HOT-08
2026-575EWA,DUP-2026-992MGD
2026-689OVQ,HOT-08
2026-205PQY,DUP-2026-205PQY
2026-775EEN,HOT-08
2026-621CYW,DUP-2026-436WTP
2026-699CNY,DUP-2026-699CNY
2026-983JYL,HOT-03
2026-279HTA,DUP-2026-848KGM
2026-973EZV,DUP-2026-830SJX
2026-703WSX,DUP-2026-703WSX
2026-412APC,DUP-2026-412APC
2026-105DKU,DUP-2026-105DKU
2026-794WZV,DUP-2026-699CNY
2026-649CQN,DUP-2026-649CQN
2026-975BIG,DUP-2026-975BIG
2026-646FMI,HOT-08
2026-133XBF,HOT-08
2026-464ZBR,DUP-2026-464ZBR
2026-903HZS,HOT-08
2026-366LMP,HOT-08
2026-287ZGM,HOT-08
2026-280OVJ,DUP-2026-329OCM
2026-590VOE,DUP-2026-590VOE
2026-402OKL,DUP-2026-402OKL
2026-143DOW,DUP-2026-682LMY
2026-269XQM,DUP-2026-726UYT
2026-551HZM,DUP-2026-464ZBR
2026-070SPS,DUP-2026-070SPS
2026-537KGQ,DUP-2026-843OLZ
2026-651BKZ,DUP-2026-600BWC
2026-407ZBJ,DUP-2026-407ZBJ
2026-401CSE,DUP-2026-412APC
2026-212FEP,DUP-2026-402OKL
2026-149HXZ,DUP-2026-416OSG
2026-705ZKB,DUP-2026-042SRX
2026-857CGX,DUP-2026-975BIG
2026-980JRE,DUP-2026-980JRE
2026-640CCN,DUP-2026-105DKU
2026-073RGW,DUP-2026-249EQH
2026-541TFO,DUP-2026-205PQY
2026-742HUM,DUP-2026-742HUM
2026-240LFM,DUP-2026-240LFM
2026-515FRG,DUP-2026-070SPS
2026-655QBX,DUP-2026-655QBX
2026-914NJQ,DUP-2026-914NJQ
2026-291WYV,DUP-2026-291WYV
2026-920WGB,DUP-2026-703WSX
2026-763MKB,DUP-2026-980JRE
2026-807ADA,DUP-2026-649CQN
2026-159HKF,DUP-2026-159HKF
2026-074RWN,DUP-2026-407ZBJ
2026-333UNS,DUP-2026-914NJQ
2026-106SNY,DUP-2026-590VOE
2026-182KZU,DUP-2026-182KZU
2026-436HVO,DUP-2026-436HVO
2026-835FQM,DUP-2026-436HVO
2026-516NKT,DUP-2026-516NKT
2026-797POX,DUP-2026-797POX
2026-789KOZ,DUP-2026-789KOZ
2026-126BJS,DUP-2026-126BJS
2026-850DTE,DUP-2026-850DTE
2026-505PDO,DUP-2026-505PDO
2026-519IKY,DUP-2026-742HUM
2026-002TUH,DUP-2026-291WYV
2026-351WEF,DUP-2026-797POX
2026-802AOV,DUP-2026-802AOV
2026-963UCF,DUP-2026-850DTE
2026-623NFO,DUP-2026-240LFM
2026-260REQ,DUP-2026-159HKF
2026-668XCA,DUP-2026-655QBX
2026-578JAJ,DUP-2026-578JAJ
2026-762BUL,DUP-2026-762BUL
2026-339TTA,DUP-2026-339TTA
2026-360RDT,DUP-2026-516NKT
2026-271YAR,DUP-2026-271YAR
2026-889BOL,DUP-2026-889BOL
2026-309FVP,DUP-2026-309FVP
2026-942ZVC,DUP-2026-942ZVC
2026-797SCE,DUP-2026-797SCE
2026-069QUZ,DUP-2026-126BJS
2026-647XLW,DUP-2026-802AOV
2026-778QJR,DUP-2026-778QJR
2026-112SPE,DUP-2026-578JAJ
2026-423WXI,DUP-2026-789KOZ
2026-861RED,DUP-2026-182KZU
2026-272LZW,DUP-2026-272LZW
2026-729RWJ,DUP-2026-729RWJ
2026-984UKK,DUP-2026-984UKK
2026-436UOM,DUP-2026-309FVP
2026-671AEY,DUP-2026-889BOL
2026-194WBP,DUP-2026-194WBP
2026-777XHM,DUP-2026-339TTA
2026-867RIW,DUP-2026-505PDO
2026-586AUU,DUP-2026-586AUU
2026-076FAR,DUP-2026-797SCE
2026-734AEF,DUP-2026-729RWJ
2026-794ZPO,DUP-2026-194WBP
2026-166XJY,DUP-2026-778QJR
2026-977PZL,DUP-2026-942ZVC
2026-654FAE,DUP-2026-762BUL
2026-962IQT,DUP-2026-272LZW
2026-976GYF,DUP-2026-271YAR
2026-532AEO,DUP-2026-778QJR
2026-105UQN,DUP-2026-105UQN
2026-932TRP,HOT-01
2026-329EFC,DUP-2026-329EFC
2026-528WCE,HOT-01
2026-344PAN,HOT-01
2026-902WPA,HOT-01
2026-806EKQ,DUP-2026-806EKQ
2026-838NFN,DUP-2026-838NFN
2026-477FXK,DUP-2026-105UQN
2026-031ZDT,DUP-2026-586AUU
2026-951XDL,HOT-01
2026-395PQK,HOT-01
2026-402EGS,DUP-2026-984UKK
2026-938SBC,DUP-2026-938SBC
2026-009QCH,HOT-01
2026-057YSF,DUP-2026-838NFN
2026-195LJS,DUP-2026-195LJS
2026-473KLK,HOT-01
2026-666NHB,DUP-2026-666NHB
2026-793EMW,HOT-01
2026-579LMV,HOT-01
2026-865XBN,HOT-01
2026-734ZWF,DUP-2026-806EKQ
2026-861KCO,DUP-2026-329EFC
2026-240MMI,DUP-2026-240MMI
2026-543HHM,DUP-2026-543HHM
2026-778OCR,DUP-2026-195LJS
2026-948JEZ,HOT-07
2026-119RUY,DUP-2026-666NHB
2026-592YBM,DUP-2026-592YBM
2026-379FPC,HOT-07
2026-898VWB,DUP-2026-195LJS
2026-832VXZ,DUP-2026-832VXZ
2026-704VCG,HOT-07
2026-419FLU,HOT-07
2026-348ROO,DUP-2026-938SBC
2026-748AFV,DUP-2026-748AFV
2026-903HEU,DUP-2026-240MMI
2026-182HDA,DUP-2026-592YBM
2026-975DFF,HOT-07
2026-241KRK,HOT-07
2026-344CRC,HOT-07
2026-729GGG,DUP-2026-543HHM
2026-305JRL,DUP-2026-305JRL
2026-671SMX,DUP-2026-671SMX
2026-221ZGT,DUP-2026-221ZGT
2026-571IUO,HOT-07
2026-206QTA,HOT-07
2026-335JXG,DUP-2026-335JXG
2026-480GVI,HOT-07
2026-789BWI,HOT-07
2026-972YKI,HOT-07
2026-069LQI,HOT-07
2026-246ZRA,DUP-2026-246ZRA
2026-824IEH,DUP-2026-824IEH
2026-311WXB,HOT-07
2026-279KGF,DUP-2026-279KGF
2026-421PVJ,DUP-2026-421PVJ
2026-714MPU,DUP-2026-714MPU
2026-286OMQ,HOT-07
2026-354TTA,DUP-2026-824IEH
2026-710IZP,HOT-07
2026-494ENH,HOT-07
2026-759KTI,DUP-2026-759KTI
2026-942XRG,DUP-2026-421PVJ
2026-913DLT,DUP-2026-714MPU
2026-804CZY,DUP-2026-804CZY
2026-245DOQ,DUP-2026-245DOQ
2026-228UTW,DUP-2026-228UTW
2026-732KAG,DUP-2026-246ZRA
2026-047YVC,DUP-2026-047YVC
2026-744PWP,DUP-2026-744PWP
2026-619YMR,DUP-2026-619YMR
2026-850TLP,DUP-2026-305JRL
2026-286AKR,DUP-2026-245DOQ
2026-424VKP,DUP-2026-832VXZ
2026-275QRE,DUP-2026-748AFV
2026-289RET,DUP-2026-671SMX
2026-512EWV,DUP-2026-512EWV
2026-700EKB,DUP-2026-700EKB
2026-915BSH,DUP-2026-915BSH
2026-774ZEM,DUP-2026-619YMR
2026-501VZQ,DUP-2026-335JXG
2026-145PEN,DUP-2026-221ZGT
2026-259FOE,DUP-2026-259FOE
2026-589YFQ,DUP-2026-589YFQ
2026-662LUG,DUP-2026-804CZY
2026-559INY,DUP-2026-279KGF
2026-638NZT,DUP-2026-638NZT
2026-566YLC,DUP-2026-566YLC
2026-027FZD,DUP-2026-228UTW
2026-717INF,DUP-2026-717INF
2026-125HKA,DUP-2026-125HKA
2026-277JMB,DUP-2026-277JMB
2026-991NIZ,DUP-2026-512EWV
2026-725CUW,DUP-2026-759KTI
2026-284EDR,DUP-2026-744PWP
2026-148JHX,DUP-2026-148JHX
2026-526MXB,DUP-2026-638NZT
2026-652SSP,DUP-2026-652SSP
2026-184USI,DUP-2026-915BSH
2026-735KLS,DUP-2026-735KLS
2026-575BAR,DUP-2026-589YFQ
2026-568BSJ,DUP-2026-700EKB
2026-174RSR,DUP-2026-047YVC
2026-446MXE,DUP-2026-446MXE
2026-922GFW,DUP-2026-922GFW
2026-255ZII,DUP-2026-652SSP
2026-387BFQ,DUP-2026-259FOE
2026-525LQS,DUP-2026-525LQS
2026-245SZC,DUP-2026-245SZC
2026-791SRH,DUP-2026-566YLC
2026-489YNS,DUP-2026-489YNS
2026-471WWX,DUP-2026-245SZC
2026-559UDS,DUP-2026-559UDS
2026-821GEA,DUP-2026-821GEA
2026-535QSI,DUP-2026-717INF
2026-679QGW,DUP-2026-679QGW
2026-413CIG,DUP-2026-125HKA
2026-979SLB,DUP-2026-148JHX
2026-370MIE,DUP-2026-446MXE
2026-355ZRG,DUP-2026-821GEA
2026-454FFU,DUP-2026-454FFU
2026-926FHT,DUP-2026-926FHT
2026-813ZYE,DUP-2026-525LQS
2026-516XNB,DUP-2026-454FFU
2026-972MBU,DUP-2026-972MBU
2026-053OWQ,DUP-2026-922GFW
2026-389OAP,DUP-2026-277JMB
2026-907QQL,DUP-2026-926FHT
2026-347OPM,DUP-2026-735KLS
2026-715OMC,DUP-2026-679QGW
2026-826PFG,DUP-2026-972MBU
2026-722MCI,DUP-2026-489YNS
2026-865BEM,DUP-2026-559UDS
2026-807YLY,DUP-2026-807YLY
2026-484SLN,DUP-2026-484SLN
2026-913LHO,DUP-2026-807YLY
2026-422LUF,DUP-2026-422LUF
2026-622POI,DUP-2026-422LUF
2026-341OES,DUP-2026-341OES
2026-510QNC,DUP-2026-510QNC
2026-927NWV,DUP-2026-510QNC
2026-021FSG,DUP-2026-341OES
2026-202EKR,DUP-2026-202EKR
2026-687PTE,DUP-2026-202EKR
2026-265GVP,DUP-2026-202EKR
2026-391DBY,DUP-2026-484SLN
