work_id,work_title,work_type,asset_id,office_id,sanctioned_amount_lakh,expenditure_lakh,start_date,target_date,completion_date,status,physical_progress_pct
PWD-WRK-00513,"Construction of new wing - Govt Peripheral Hospital, Periyar Nagar (2024-25)",building_construction,PWD-AST-0067,PWD-OFF-003,1057.78,1016.36,2024-07-15,2026-06-10,2026-06-11,completed,100
PWD-WRK-00527,Construction of new wing - Sholinganallur Taluk Office (2024-25),building_construction,PWD-AST-0075,PWD-OFF-004,866.03,841.51,2024-08-06,2025-08-08,2026-06-11,completed,100
PWD-WRK-00588,Construction of new wing - Ezhilagam Govt Office Complex (2024-25),building_construction,PWD-AST-0073,PWD-OFF-004,1450.50,1282.94,2024-10-09,2026-08-12,2026-05-29,completed,100
PWD-WRK-00669,Construction of new wing - Rajiv Gandhi Govt General Hospital - Tower Block (2024-25),building_construction,PWD-AST-0062,PWD-OFF-009,1328.47,991.33,2025-02-13,2026-11-13,,in_progress,94
PWD-WRK-00698,"Construction of new wing - Collectorate Building, Rajaji Salai (2025-26)",building_construction,PWD-AST-0074,PWD-OFF-003,618.40,436.71,2025-04-24,2026-11-15,,in_progress,71
PWD-WRK-00702,"Construction of additional block at Govt Polytechnic College, Taramani",building_construction,PWD-AST-0072,PWD-OFF-004,302.10,261.78,2025-05-12,2026-05-07,2026-04-30,completed,100
PWD-WRK-00710,Construction of new wing - Ezhilagam Govt Office Complex (2025-26),building_construction,PWD-AST-0073,PWD-OFF-004,542.79,469.18,2025-05-03,2026-08-26,2026-09-01,completed,100
PWD-WRK-00721,Construction of additional block at King Institute of Preventive Medicine,building_construction,PWD-AST-0069,PWD-OFF-008,1001.91,983.10,2025-06-14,2026-06-03,2026-04-23,completed,100
PWD-WRK-00728,Construction of additional block at Rajiv Gandhi Govt General Hospital - Tower Block,building_construction,PWD-AST-0062,PWD-OFF-009,1311.59,828.19,2025-06-07,2027-03-08,,in_progress,75
PWD-WRK-00739,Repairs & rehabilitation of Aminjikarai Cooum Bridge,bridge_repair,PWD-AST-0079,PWD-OFF-013,177.84,148.86,2025-07-22,2026-03-12,2026-04-26,completed,100
PWD-WRK-00752,"Construction of additional block at Govt Polytechnic College, Taramani",building_construction,PWD-AST-0072,PWD-OFF-004,347.32,348.46,2025-07-27,2026-07-13,2026-07-10,completed,100
PWD-WRK-00768,Construction of new wing - King Institute of Preventive Medicine (2025-26),building_construction,PWD-AST-0069,PWD-OFF-008,1331.02,1303.34,2025-08-14,2026-06-12,2026-06-11,completed,100
PWD-WRK-00795,Construction of new wing - Govt Royapettah Hospital (2025-26),building_construction,PWD-AST-0066,PWD-OFF-004,324.00,158.98,2025-08-01,2027-05-27,,in_progress,64
PWD-WRK-00805,Construction of additional block at Govt Stanley Hospital - OP Block,building_construction,PWD-AST-0065,PWD-OFF-010,379.88,335.36,2025-09-19,2026-08-12,2026-07-30,completed,100
PWD-WRK-00814,"Construction of new wing - Collectorate Building, Rajaji Salai (2025-26)",building_construction,PWD-AST-0074,PWD-OFF-003,626.63,267.24,2025-09-15,2027-07-30,,in_progress,53
PWD-WRK-00826,"Construction of new wing - Govt Hr Sec School, Ashok Nagar (2025-26)",building_construction,PWD-AST-0070,PWD-OFF-004,1206.25,1228.17,2025-09-23,2026-09-23,2026-09-10,completed,100
PWD-WRK-00829,Flood mitigation works - Kathivakkam Macro Drain,flood_mitigation,PWD-AST-0043,PWD-OFF-015,1128.19,1105.53,2025-09-03,2026-04-16,2026-04-09,completed,100
PWD-WRK-00848,Construction of new wing - Govt Stanley Hospital - OP Block (2025-26),building_construction,PWD-AST-0065,PWD-OFF-010,2467.16,1424.46,2025-10-05,2027-03-19,,in_progress,74
PWD-WRK-00849,"Construction of new wing - Govt Hr Sec School, Ashok Nagar (2025-26)",building_construction,PWD-AST-0070,PWD-OFF-004,4226.51,2243.71,2025-10-08,2027-05-25,,in_progress,68
PWD-WRK-00874,Construction of RCC retaining wall along Buckingham Canal - Basin Bridge stretch,canal_lining,PWD-AST-0026,PWD-OFF-015,905.31,770.27,2025-11-01,2026-07-09,2026-06-13,completed,100
PWD-WRK-00876,"Construction of new wing - Govt Girls Hr Sec School, Ambattur (2025-26)",building_construction,PWD-AST-0071,PWD-OFF-005,323.39,130.01,2025-11-27,2027-06-19,,in_progress,54
PWD-WRK-00878,Strengthening of Okkiyam Madavu Bridge parapet & deck,bridge_repair,PWD-AST-0082,PWD-OFF-016,273.33,232.84,2025-12-24,2026-07-20,2026-07-06,completed,100
PWD-WRK-00883,Flood mitigation works - Virugambakkam-Arumbakkam Canal,flood_mitigation,PWD-AST-0034,PWD-OFF-013,113.19,92.92,2026-01-05,2026-09-23,2026-08-11,completed,100
PWD-WRK-00884,Lining of Villivakkam Macro Drain (Ch. 0.92-1.88 km),canal_lining,PWD-AST-0037,PWD-OFF-016,311.88,293.22,2026-01-27,2026-09-26,2026-10-01,completed,100
PWD-WRK-00885,Flood mitigation works - Virugambakkam-Arumbakkam Canal,flood_mitigation,PWD-AST-0034,PWD-OFF-013,165.10,137.49,2026-01-24,2026-09-09,2026-09-14,completed,100
PWD-WRK-00888,Strengthening of Adyar River - Estuary stretch bund (Ch. 1.01-1.57 km),bund_strengthening,PWD-AST-0018,PWD-OFF-017,40.58,33.42,2026-01-01,2026-04-19,2026-04-20,completed,100
PWD-WRK-00892,Lining of Madhavaram Surplus Drain (Ch. 0.98-1.95 km),canal_lining,PWD-AST-0045,PWD-OFF-016,514.90,524.73,2026-01-04,2026-07-02,2026-07-01,completed,100
PWD-WRK-00893,"Construction of additional block at Govt Peripheral Hospital, Periyar Nagar",building_construction,PWD-AST-0067,PWD-OFF-003,1058.53,549.87,2026-01-05,2027-02-07,,in_progress,78
PWD-WRK-00897,Construction of flood regulator & retaining wall - Cooum River - Arumbakkam stretch,flood_mitigation,PWD-AST-0021,PWD-OFF-013,1143.46,835.66,2026-02-18,2026-11-12,,in_progress,85
PWD-WRK-00899,Repairs & renovation - King Institute of Preventive Medicine (2025-26),building_repair,PWD-AST-0069,PWD-OFF-008,101.91,103.11,2026-02-02,2026-06-25,2026-06-14,completed,100
PWD-WRK-00901,Pre-monsoon desilting of Nanganallur Macro Drain - 2025-26,desilting,PWD-AST-0039,PWD-OFF-016,18.42,17.78,2026-02-19,2026-05-12,2026-05-12,completed,100
PWD-WRK-00902,Construction of RCC retaining wall along Kathivakkam Macro Drain,canal_lining,PWD-AST-0043,PWD-OFF-014,409.44,355.80,2026-02-25,2026-07-16,2026-07-03,completed,100
PWD-WRK-00903,Construction of RCC retaining wall along Nanganallur Macro Drain,canal_lining,PWD-AST-0039,PWD-OFF-012,272.54,233.86,2026-02-05,2026-10-22,,in_progress,93
PWD-WRK-00904,Pre-monsoon desilting of Perungudi Lake - 2025-26,desilting,PWD-AST-0012,PWD-OFF-016,54.64,55.64,2026-02-13,2026-04-13,2026-04-08,completed,100
PWD-WRK-00905,Flood mitigation works - Retteri Lake,flood_mitigation,PWD-AST-0009,PWD-OFF-018,359.41,171.61,2026-02-26,2026-08-31,,in_progress,64
PWD-WRK-00906,Removal of encroachments in Perungudi Lake,encroachment_removal,PWD-AST-0012,PWD-OFF-016,8.36,7.05,2026-02-10,2026-03-24,2026-04-27,completed,100
PWD-WRK-00907,"Repairs & renovation - Collectorate Building, Rajaji Salai (2025-26)",building_repair,PWD-AST-0074,PWD-OFF-010,15.31,13.47,2026-02-12,2026-06-11,2026-06-04,completed,100
PWD-WRK-00908,"Repairs & renovation - Institute of Child Health, Egmore (2025-26)",building_repair,PWD-AST-0063,PWD-OFF-009,26.39,26.14,2026-02-19,2026-04-24,2026-04-25,completed,100
PWD-WRK-00909,Raising & strengthening of Retteri Lake - 2025-26,bund_strengthening,PWD-AST-0009,PWD-OFF-014,65.41,65.56,2026-02-21,2026-04-12,2026-04-09,completed,100
PWD-WRK-00910,Construction of flood regulator & retaining wall - Buckingham Canal - Thiruvanmiyur stretch,flood_mitigation,PWD-AST-0028,PWD-OFF-016,1003.90,829.85,2026-02-12,2026-09-07,2026-08-31,completed,100
PWD-WRK-00911,Strengthening of Adyar River - Nandambakkam stretch bund (Ch. 0.69-2.13 km),bund_strengthening,PWD-AST-0014,PWD-OFF-016,255.35,271.42,2026-02-01,2026-06-13,2026-05-21,completed,100
PWD-WRK-00914,Roof waterproofing - Ezhilagam Govt Office Complex,building_repair,PWD-AST-0073,PWD-OFF-004,19.58,21.48,2026-02-16,2026-05-04,2026-04-20,completed,100
PWD-WRK-00915,Strengthening of Napier Bridge parapet & deck,bridge_repair,PWD-AST-0078,PWD-OFF-013,272.68,108.24,2026-02-04,2026-09-05,,in_progress,52
PWD-WRK-00916,Roof waterproofing - Sholinganallur Taluk Office,building_repair,PWD-AST-0075,PWD-OFF-004,20.77,18.39,2026-03-04,2026-06-25,2026-06-09,completed,100
PWD-WRK-00917,Replacement of gates & hoist - Adambakkam Lake Sluice,sluice_repair,PWD-AST-0051,PWD-OFF-012,8.63,9.21,2026-03-10,2026-04-24,2026-04-18,completed,100
PWD-WRK-00918,Special repairs to Govt Royapettah Hospital,building_repair,PWD-AST-0066,PWD-OFF-004,170.67,165.53,2026-03-23,2026-07-29,2026-07-10,completed,100
PWD-WRK-00919,Replacement of gates & hoist - Adambakkam Lake Sluice,sluice_repair,PWD-AST-0051,PWD-OFF-012,46.79,44.28,2026-03-05,2026-04-18,2026-04-13,completed,100
PWD-WRK-00920,Repairs & renovation - Govt Kilpauk Medical College Hospital (2025-26),building_repair,PWD-AST-0064,PWD-OFF-009,14.30,15.06,2026-03-04,2026-06-14,2026-06-01,completed,100
PWD-WRK-00921,Desilting & removal of water hyacinth in Villivakkam Macro Drain,desilting,PWD-AST-0037,PWD-OFF-015,17.37,14.77,2026-03-18,2026-06-16,2026-06-17,completed,100
PWD-WRK-00922,Desilting of Adyar River - Kotturpuram stretch (Ch. 0.01-2.60 km),desilting,PWD-AST-0017,PWD-OFF-017,10.61,9.57,2026-03-14,2026-05-25,2026-05-19,completed,100
PWD-WRK-00923,Construction of flood regulator & retaining wall - Virugambakkam-Arumbakkam Canal,flood_mitigation,PWD-AST-0034,PWD-OFF-013,2416.52,2283.35,2026-03-13,2026-11-12,2026-09-30,completed,100
PWD-WRK-00924,Pre-monsoon desilting of Buckingham Canal - Okkiyam stretch - 2025-26,desilting,PWD-AST-0029,PWD-OFF-015,22.14,23.51,2026-03-02,2026-05-25,2026-06-21,completed,100
PWD-WRK-00925,Raising & strengthening of Kannankottai-Thervoy Kandigai Reservoir - 2025-26,bund_strengthening,PWD-AST-0087,PWD-OFF-021,27.68,29.19,2026-03-18,2026-05-04,2026-06-07,completed,100
PWD-WRK-00927,Flood mitigation works - Buckingham Canal - Basin Bridge stretch,flood_mitigation,PWD-AST-0026,PWD-OFF-013,324.50,275.38,2026-03-13,2026-06-13,2026-06-13,completed,100
PWD-WRK-00928,Pre-monsoon desilting of Nolambur Lake - 2025-26,desilting,PWD-AST-0011,PWD-OFF-013,23.99,24.34,2026-03-25,2026-06-05,2026-05-28,completed,100
PWD-WRK-00929,Desilting & removal of water hyacinth in Mambalam Canal Macro Drain,desilting,PWD-AST-0038,PWD-OFF-012,59.84,57.92,2026-03-07,2026-05-14,2026-06-15,completed,100
PWD-WRK-00930,Desilting & removal of water hyacinth in Valasaravakkam Macro Drain,desilting,PWD-AST-0046,PWD-OFF-013,49.88,47.55,2026-03-06,2026-05-10,2026-04-29,completed,100
PWD-WRK-00931,Raising & strengthening of Korattur Lake - 2026-27,bund_strengthening,PWD-AST-0004,PWD-OFF-016,254.98,209.12,2026-04-09,2026-07-20,2026-07-16,completed,100
PWD-WRK-00932,Desilting of Cooum River - Chetpet stretch (Ch. 1.51-3.08 km),desilting,PWD-AST-0022,PWD-OFF-013,12.52,11.24,2026-04-01,2026-04-27,2026-04-27,completed,100
PWD-WRK-00933,Desilting of Otteri Nullah - Kilpauk stretch (Ch. 2.18-3.20 km),desilting,PWD-AST-0030,PWD-OFF-015,44.69,47.32,2026-04-25,2026-06-29,2026-06-18,completed,100
PWD-WRK-00934,Construction of additional block at Ezhilagam Govt Office Complex,building_construction,PWD-AST-0073,PWD-OFF-004,369.45,131.35,2026-04-27,2027-05-04,,in_progress,46
PWD-WRK-00935,Desilting & removal of water hyacinth in Nolambur Lake,desilting,PWD-AST-0011,PWD-OFF-013,14.38,14.77,2026-04-01,2026-06-08,2026-08-16,completed,100
PWD-WRK-00936,Strengthening of Chetpet Lake bund (Ch. 1.25-1.68 km),bund_strengthening,PWD-AST-0007,PWD-OFF-013,109.23,102.20,2026-04-23,2026-09-01,2026-08-16,completed,100
PWD-WRK-00937,Construction of flood regulator & retaining wall - Kolathur Lake,flood_mitigation,PWD-AST-0006,PWD-OFF-016,166.10,107.15,2026-04-25,2026-10-15,,in_progress,89
PWD-WRK-00938,"Special repairs to Govt Peripheral Hospital, Periyar Nagar",building_repair,PWD-AST-0067,PWD-OFF-003,226.66,231.90,2026-04-25,2026-09-16,2026-08-25,completed,100
PWD-WRK-00939,Replacement of gates & hoist - Ambattur Lake Sluice,sluice_repair,PWD-AST-0048,PWD-OFF-016,51.53,50.69,2026-04-14,2026-06-06,2026-07-10,completed,100
PWD-WRK-00940,Strengthening of Adyar River Bund - Kotturpuram bund (Ch. 1.82-2.34 km),bund_strengthening,PWD-AST-0055,PWD-OFF-012,114.07,94.08,2026-04-18,2026-07-08,2026-07-04,completed,100
PWD-WRK-00941,Roof waterproofing - Ezhilagam Govt Office Complex,building_repair,PWD-AST-0073,PWD-OFF-004,130.61,123.94,2026-04-28,2026-07-05,2026-07-06,completed,100
PWD-WRK-00942,Strengthening of Adyar River - Jafferkhanpet stretch bund (Ch. 0.65-1.58 km),bund_strengthening,PWD-AST-0015,PWD-OFF-012,152.07,158.80,2026-04-14,2026-08-30,2026-08-09,completed,100
PWD-WRK-00943,Pre-monsoon desilting of Madhavaram Lake - 2026-27,desilting,PWD-AST-0008,PWD-OFF-016,68.80,58.32,2026-04-03,2026-05-30,2026-05-29,completed,100
PWD-WRK-00944,Eviction & fencing - Kosasthalaiyar River - Manali stretch (2026-27),encroachment_removal,PWD-AST-0023,PWD-OFF-015,5.34,4.97,2026-04-15,2026-04-26,2026-04-26,completed,100
PWD-WRK-00945,"Repairs & renovation - Govt Girls Hr Sec School, Ambattur (2026-27)",building_repair,PWD-AST-0071,PWD-OFF-005,198.41,211.73,2026-04-03,2026-07-24,2026-07-09,completed,100
PWD-WRK-00946,Strengthening of Adyar River - Estuary stretch bund (Ch. 1.26-2.67 km),bund_strengthening,PWD-AST-0018,PWD-OFF-017,52.85,44.58,2026-04-18,2026-07-24,2026-07-19,completed,100
PWD-WRK-00947,Construction of additional block at Govt Stanley Hospital - OP Block,building_construction,PWD-AST-0065,PWD-OFF-003,2998.78,755.09,2026-04-08,2027-12-23,,in_progress,33
PWD-WRK-00948,Raising & strengthening of Adyar River - Jafferkhanpet stretch - 2026-27,bund_strengthening,PWD-AST-0015,PWD-OFF-017,347.62,334.14,2026-05-19,2026-08-28,2026-08-26,completed,100
PWD-WRK-00949,Construction of flood regulator & retaining wall - Perungudi Lake,flood_mitigation,PWD-AST-0012,PWD-OFF-012,272.06,154.18,2026-05-02,2026-12-17,,in_progress,74
PWD-WRK-00950,Desilting of Buckingham Canal - Okkiyam stretch (Ch. 1.22-1.80 km),desilting,PWD-AST-0029,PWD-OFF-012,59.01,60.81,2026-05-10,2026-06-29,2026-06-26,completed,100
PWD-WRK-00951,Removal of encroachments in Madhavaram Surplus Drain,encroachment_removal,PWD-AST-0045,PWD-OFF-014,20.30,19.42,2026-05-27,2026-06-24,2026-06-22,completed,100
PWD-WRK-00952,Desilting & removal of water hyacinth in Perungudi Lake,desilting,PWD-AST-0012,PWD-OFF-012,44.62,45.02,2026-05-01,2026-07-20,2026-07-09,completed,100
PWD-WRK-00953,Eviction & fencing - Perungudi Lake (2026-27),encroachment_removal,PWD-AST-0012,PWD-OFF-012,21.88,23.00,2026-05-19,2026-06-18,2026-06-17,completed,100
PWD-WRK-00954,Desilting of Cooum River - Chetpet stretch (Ch. 1.22-2.19 km),desilting,PWD-AST-0022,PWD-OFF-013,15.46,9.80,2026-05-24,2026-08-11,,in_progress,78
PWD-WRK-00955,Lining of Virugambakkam-Arumbakkam Canal (Ch. 0.07-2.41 km),canal_lining,PWD-AST-0034,PWD-OFF-013,677.28,176.07,2026-05-22,2027-02-24,,on_hold,36
PWD-WRK-00956,Roof waterproofing - Govt Royapettah Hospital,building_repair,PWD-AST-0066,PWD-OFF-004,97.86,92.39,2026-05-19,2026-06-25,2026-09-21,completed,100
PWD-WRK-00957,Strengthening of Chetpet Lake bund (Ch. 0.86-2.01 km),bund_strengthening,PWD-AST-0007,PWD-OFF-013,49.15,49.72,2026-05-14,2026-08-09,2026-08-10,completed,100
PWD-WRK-00958,Roof waterproofing - Rajiv Gandhi Govt General Hospital - Tower Block,building_repair,PWD-AST-0062,PWD-OFF-003,24.01,9.99,2026-05-24,2026-10-20,,in_progress,54
PWD-WRK-00959,"Construction of additional block at Govt Peripheral Hospital, Periyar Nagar",building_construction,PWD-AST-0067,PWD-OFF-003,1272.76,187.84,2026-05-26,2027-12-10,,in_progress,20
PWD-WRK-00960,Desilting of Guindy Industrial Estate Storm Water Channel (Ch. 2.90-3.33 km),desilting,PWD-AST-0040,PWD-OFF-012,10.62,10.82,2026-05-17,2026-06-22,2026-06-20,completed,100
PWD-WRK-00961,Raising & strengthening of Adambakkam Lake - 2026-27,bund_strengthening,PWD-AST-0001,PWD-OFF-016,36.23,34.01,2026-05-06,2026-08-23,2026-08-20,completed,100
PWD-WRK-00962,Strengthening of Adyar River Bund - Kotturpuram bund (Ch. 0.04-0.48 km),bund_strengthening,PWD-AST-0055,PWD-OFF-012,89.88,84.01,2026-05-04,2026-09-25,2026-09-21,completed,100
PWD-WRK-00963,Construction of additional block at Govt Royapettah Hospital,building_construction,PWD-AST-0066,PWD-OFF-004,556.69,161.80,2026-05-03,2027-04-13,,in_progress,35
PWD-WRK-00964,Repairs & rehabilitation of Aminjikarai Cooum Bridge,bridge_repair,PWD-AST-0079,PWD-OFF-013,190.64,160.87,2026-05-19,2026-09-28,2026-09-20,completed,100
PWD-WRK-00965,Strengthening of Kolathur Lake bund (Ch. 1.91-2.42 km),bund_strengthening,PWD-AST-0006,PWD-OFF-015,264.05,246.36,2026-05-24,2026-08-20,2026-08-20,completed,100
PWD-WRK-00966,Desilting & removal of water hyacinth in Buckingham Canal - Mandaveli stretch,desilting,PWD-AST-0027,PWD-OFF-012,12.55,13.28,2026-05-04,2026-07-11,2026-07-05,completed,100
PWD-WRK-00967,"Repairs & renovation - Govt Hr Sec School, Ashok Nagar (2026-27)",building_repair,PWD-AST-0070,PWD-OFF-004,10.04,8.25,2026-05-15,2026-09-17,2026-09-18,completed,100
PWD-WRK-00968,Repairs & rehabilitation of Manali Kosasthalaiyar Causeway,bridge_repair,PWD-AST-0081,PWD-OFF-014,826.83,407.69,2026-06-07,2026-12-16,,in_progress,70
PWD-WRK-00969,Strengthening of Cholavaram Reservoir bund (Ch. 1.18-3.45 km),bund_strengthening,PWD-AST-0086,PWD-OFF-021,263.77,104.60,2026-06-21,2026-11-18,,on_hold,49
PWD-WRK-00970,Lining of Villivakkam Macro Drain (Ch. 1.25-2.34 km),canal_lining,PWD-AST-0037,PWD-OFF-015,839.37,314.53,2026-06-11,2026-10-31,,in_progress,52
PWD-WRK-00971,Repairs & renovation - Govt Royapettah Hospital (2026-27),building_repair,PWD-AST-0066,PWD-OFF-004,40.35,34.69,2026-06-04,2026-07-23,2026-07-22,completed,100
PWD-WRK-00972,Construction of flood regulator & retaining wall - Mambalam Canal Macro Drain,flood_mitigation,PWD-AST-0038,PWD-OFF-012,95.16,43.42,2026-06-27,2026-11-17,,in_progress,60
PWD-WRK-00973,Desilting & removal of water hyacinth in Kathivakkam Macro Drain,desilting,PWD-AST-0043,PWD-OFF-015,9.52,9.48,2026-06-27,2026-09-25,2026-09-19,completed,100
PWD-WRK-00974,Desilting & removal of water hyacinth in Kosasthalaiyar River - Manali stretch,desilting,PWD-AST-0023,PWD-OFF-015,26.85,23.07,2026-06-23,2026-09-01,2026-08-31,completed,100
PWD-WRK-00975,Repairs to shutters of Retteri Lake Sluice,sluice_repair,PWD-AST-0050,PWD-OFF-018,8.50,7.80,2026-06-26,2026-09-01,2026-08-31,completed,100
PWD-WRK-00976,Construction of RCC retaining wall along Mambalam Canal Macro Drain,canal_lining,PWD-AST-0038,PWD-OFF-017,1303.53,471.00,2026-06-04,2027-03-03,,in_progress,48
PWD-WRK-00977,Desilting & removal of water hyacinth in Villivakkam Macro Drain,desilting,PWD-AST-0037,PWD-OFF-016,41.08,26.88,2026-06-20,2026-08-20,,on_hold,72
PWD-WRK-00978,"Construction of additional block at Govt Peripheral Hospital, Periyar Nagar",building_construction,PWD-AST-0067,PWD-OFF-003,3265.03,626.98,2026-06-22,2027-06-20,,in_progress,29
PWD-WRK-00979,Pre-monsoon desilting of Palavanthangal Lake - 2026-27,desilting,PWD-AST-0002,PWD-OFF-016,13.38,14.23,2026-06-03,2026-08-11,2026-08-01,completed,100
PWD-WRK-00980,"Repairs & renovation - Govt Peripheral Hospital, K.K. Nagar (2026-27)",building_repair,PWD-AST-0068,PWD-OFF-004,104.58,52.26,2026-06-18,2026-09-28,,in_progress,58
PWD-WRK-00981,Replacement of gates & hoist - Retteri Lake Sluice,sluice_repair,PWD-AST-0050,PWD-OFF-014,8.66,7.53,2026-06-10,2026-07-24,2026-08-22,completed,100
PWD-WRK-00982,Strengthening of Adyar River - Kotturpuram stretch bund (Ch. 0.44-1.40 km),bund_strengthening,PWD-AST-0017,PWD-OFF-012,55.54,32.58,2026-06-01,2026-10-18,,in_progress,67
PWD-WRK-00983,Lining of Virugambakkam-Arumbakkam Canal (Ch. 2.93-4.04 km),canal_lining,PWD-AST-0034,PWD-OFF-013,201.93,29.01,2026-06-15,2027-01-14,,on_hold,17
PWD-WRK-00984,Desilting & removal of water hyacinth in Otteri Nullah - Perambur stretch,desilting,PWD-AST-0032,PWD-OFF-015,19.57,19.60,2026-06-04,2026-07-28,2026-07-23,completed,100
PWD-WRK-00985,Pre-monsoon desilting of Buckingham Canal - Thiruvanmiyur stretch - 2026-27,desilting,PWD-AST-0028,PWD-OFF-012,37.56,38.58,2026-06-21,2026-07-24,2026-07-21,completed,100
PWD-WRK-00986,Desilting of Buckingham Canal - Korukkupet stretch (Ch. 1.91-2.35 km),desilting,PWD-AST-0025,PWD-OFF-015,37.81,31.06,2026-06-11,2026-08-02,2026-07-26,completed,100
PWD-WRK-00987,"Construction of new wing - Govt Peripheral Hospital, Periyar Nagar (2026-27)",building_construction,PWD-AST-0067,PWD-OFF-003,326.44,36.52,2026-06-09,2028-04-14,,in_progress,16
PWD-WRK-00988,Lining of Madhavaram Surplus Drain (Ch. 0.62-2.57 km),canal_lining,PWD-AST-0045,PWD-OFF-016,648.58,292.32,2026-06-26,2027-02-03,,in_progress,54
PWD-WRK-00989,Pre-monsoon desilting of Kosasthalaiyar River - Manali stretch - 2026-27,desilting,PWD-AST-0023,PWD-OFF-015,13.42,13.64,2026-06-11,2026-07-27,2026-07-27,completed,100
PWD-WRK-00990,Strengthening of Ambattur Lake bund (Ch. 0.87-1.18 km),bund_strengthening,PWD-AST-0003,PWD-OFF-016,96.96,97.48,2026-06-12,2026-10-07,2026-09-18,completed,100
PWD-WRK-00991,Eviction & fencing - Captain Cotton Canal - Vyasarpadi stretch (2026-27),encroachment_removal,PWD-AST-0033,PWD-OFF-018,16.86,15.18,2026-06-03,2026-06-23,2026-06-20,completed,100
PWD-WRK-00992,"Repairs & renovation - Govt Polytechnic College, Taramani (2026-27)",building_repair,PWD-AST-0072,PWD-OFF-004,39.44,40.19,2026-07-16,2026-09-09,2026-08-31,completed,100
PWD-WRK-00993,Pre-monsoon desilting of Otteri Nullah - Ayanavaram stretch - 2026-27,desilting,PWD-AST-0031,PWD-OFF-016,110.40,117.53,2026-07-11,2026-10-07,2026-09-27,completed,100
PWD-WRK-00994,"Construction of additional block at Govt Peripheral Hospital, Periyar Nagar",building_construction,PWD-AST-0067,PWD-OFF-003,1312.07,114.74,2026-07-13,2028-06-03,,in_progress,10
PWD-WRK-00995,Construction of flood regulator & retaining wall - Madhavaram Lake,flood_mitigation,PWD-AST-0008,PWD-OFF-014,566.08,426.93,2026-07-10,2026-10-11,,in_progress,90
PWD-WRK-00996,Strengthening of Retteri Lake bund (Ch. 1.94-2.27 km),bund_strengthening,PWD-AST-0009,PWD-OFF-016,60.27,62.37,2026-07-16,2026-09-29,2026-09-30,completed,100
PWD-WRK-00997,Raising & strengthening of Adyar River - Nandambakkam stretch - 2026-27,bund_strengthening,PWD-AST-0014,PWD-OFF-016,180.24,92.48,2026-07-17,2026-11-08,,in_progress,69
PWD-WRK-00998,Raising & strengthening of Kosasthalaiyar Bund - Manali - 2026-27,bund_strengthening,PWD-AST-0060,PWD-OFF-015,117.73,72.41,2026-07-28,2026-10-22,,in_progress,74
PWD-WRK-00999,Lining of Virugambakkam-Arumbakkam Canal (Ch. 0.90-1.84 km),canal_lining,PWD-AST-0034,PWD-OFF-013,282.22,122.98,2026-07-08,2026-12-29,,in_progress,49
PWD-WRK-01000,Pre-monsoon desilting of Otteri Nullah - Ayanavaram stretch - 2026-27,desilting,PWD-AST-0031,PWD-OFF-018,17.29,18.10,2026-07-24,2026-10-11,2026-10-02,completed,100
PWD-WRK-01001,Desilting & removal of water hyacinth in Buckingham Canal - Okkiyam stretch,desilting,PWD-AST-0029,PWD-OFF-015,22.47,18.53,2026-07-25,2026-09-07,,in_progress,87
PWD-WRK-01002,Raising & strengthening of Adyar River - Estuary stretch - 2026-27,bund_strengthening,PWD-AST-0018,PWD-OFF-012,106.02,38.56,2026-07-25,2026-11-30,,in_progress,56
PWD-WRK-01003,Roof waterproofing - Govt Royapettah Hospital,building_repair,PWD-AST-0066,PWD-OFF-004,79.65,48.72,2026-07-03,2026-11-14,,in_progress,72
PWD-WRK-01004,Desilting & removal of water hyacinth in Adyar River - Estuary stretch,desilting,PWD-AST-0018,PWD-OFF-013,21.11,19.88,2026-07-17,2026-09-16,2026-09-05,completed,100
PWD-WRK-01005,Pre-monsoon desilting of Buckingham Canal - Okkiyam stretch - 2026-27,desilting,PWD-AST-0029,PWD-OFF-015,32.39,28.73,2026-07-18,2026-10-03,2026-09-25,completed,100
PWD-WRK-01006,Pre-monsoon desilting of Cooum River - Nerkundram stretch - 2026-27,desilting,PWD-AST-0019,PWD-OFF-013,23.00,22.10,2026-07-10,2026-08-22,2026-09-06,completed,100
PWD-WRK-01007,Desilting & removal of water hyacinth in Retteri Lake,desilting,PWD-AST-0009,PWD-OFF-016,15.54,13.44,2026-07-02,2026-07-28,2026-08-21,completed,100
PWD-WRK-01008,"Construction of new wing - Govt Peripheral Hospital, K.K. Nagar (2026-27)",building_construction,PWD-AST-0068,PWD-OFF-004,1083.19,126.51,2026-07-16,2028-02-18,,in_progress,14
PWD-WRK-01009,Raising & strengthening of Adyar River - Nandambakkam stretch - 2026-27,bund_strengthening,PWD-AST-0014,PWD-OFF-016,28.91,26.10,2026-07-19,2026-10-06,2026-10-02,completed,100
PWD-WRK-01010,"Roof waterproofing - Govt Polytechnic College, Taramani",building_repair,PWD-AST-0072,PWD-OFF-008,13.58,14.08,2026-07-17,2026-09-07,2026-08-31,completed,100
PWD-WRK-01011,Desilting & removal of water hyacinth in Virugambakkam-Arumbakkam Canal,desilting,PWD-AST-0034,PWD-OFF-013,115.12,119.75,2026-07-28,2026-10-01,2026-09-29,completed,100
PWD-WRK-01012,Removal of encroachments in Madhavaram Lake,encroachment_removal,PWD-AST-0008,PWD-OFF-014,10.49,11.06,2026-07-19,2026-08-06,2026-08-06,completed,100
PWD-WRK-01013,Repairs & rehabilitation of Okkiyam Madavu Bridge,bridge_repair,PWD-AST-0082,PWD-OFF-016,334.55,152.51,2026-07-06,2026-12-24,,in_progress,48
PWD-WRK-01014,Raising & strengthening of Chetpet Lake - 2026-27,bund_strengthening,PWD-AST-0007,PWD-OFF-013,192.12,98.92,2026-07-08,2026-10-26,,in_progress,78
PWD-WRK-01015,Desilting of Velachery Lake (Ch. 0.39-3.27 km),desilting,PWD-AST-0013,PWD-OFF-016,24.24,22.61,2026-07-06,2026-08-21,2026-08-14,completed,100
PWD-WRK-01016,Desilting of Adyar River - Kotturpuram stretch (Ch. 0.37-1.37 km),desilting,PWD-AST-0017,PWD-OFF-013,17.20,16.92,2026-07-24,2026-09-28,2026-09-18,completed,100
PWD-WRK-01017,Desilting & removal of water hyacinth in Otteri Nullah - Ayanavaram stretch,desilting,PWD-AST-0031,PWD-OFF-018,43.61,45.42,2026-07-21,2026-08-31,2026-08-28,completed,100
PWD-WRK-01018,Construction of additional block at Govt Kilpauk Medical College Hospital,building_construction,PWD-AST-0064,PWD-OFF-009,1031.47,95.79,2026-07-19,2028-05-21,,in_progress,10
PWD-WRK-01019,Removal of encroachments in Guindy Industrial Estate Storm Water Channel,encroachment_removal,PWD-AST-0040,PWD-OFF-017,18.05,15.58,2026-07-03,2026-07-11,2026-07-11,completed,100
PWD-WRK-01020,Desilting & removal of water hyacinth in Buckingham Canal - Okkiyam stretch,desilting,PWD-AST-0029,PWD-OFF-012,30.35,22.23,2026-08-11,2026-09-13,,in_progress,78
PWD-WRK-01021,Construction of RCC retaining wall along Buckingham Canal - Thiruvanmiyur stretch,canal_lining,PWD-AST-0028,PWD-OFF-016,161.06,48.28,2026-08-10,2026-12-06,,in_progress,43
PWD-WRK-01022,Desilting & removal of water hyacinth in Perungudi Lake,desilting,PWD-AST-0012,PWD-OFF-016,83.79,78.22,2026-08-05,2026-09-17,2026-09-17,completed,100
PWD-WRK-01023,Pre-monsoon desilting of Perungudi Lake - 2026-27,desilting,PWD-AST-0012,PWD-OFF-016,55.52,50.67,2026-08-27,2026-09-24,2026-09-21,completed,100
PWD-WRK-01024,Desilting of Ambattur Lake (Ch. 0.16-0.91 km),desilting,PWD-AST-0003,PWD-OFF-014,98.94,60.42,2026-08-28,2026-10-08,,in_progress,79
PWD-WRK-01025,Flood mitigation works - Buckingham Canal - Basin Bridge stretch,flood_mitigation,PWD-AST-0026,PWD-OFF-015,1142.93,144.38,2026-08-14,2027-04-01,,in_progress,19
PWD-WRK-01026,Raising & strengthening of Adyar River - Nandambakkam stretch - 2026-27,bund_strengthening,PWD-AST-0014,PWD-OFF-016,60.37,43.02,2026-08-14,2026-10-14,,in_progress,88
PWD-WRK-01027,Desilting of Valasaravakkam Macro Drain (Ch. 1.14-3.47 km),desilting,PWD-AST-0046,PWD-OFF-013,13.67,8.87,2026-08-27,2026-10-12,,in_progress,85
PWD-WRK-01028,"Replacement of gates & hoist - Otteri Nullah Regulator, Basin Bridge",sluice_repair,PWD-AST-0052,PWD-OFF-013,8.85,6.52,2026-08-08,2026-10-10,,in_progress,96
PWD-WRK-01029,Eviction & fencing - Virugambakkam-Arumbakkam Canal (2026-27),encroachment_removal,PWD-AST-0034,PWD-OFF-013,18.73,11.74,2026-08-28,2026-10-10,,in_progress,81
PWD-WRK-01030,Lining of Buckingham Canal - Thiruvanmiyur stretch (Ch. 1.23-3.50 km),canal_lining,PWD-AST-0028,PWD-OFF-016,989.82,349.13,2026-08-14,2026-12-20,,in_progress,45
PWD-WRK-01031,Desilting of Tondiarpet Macro Drain (Ch. 2.67-3.07 km),desilting,PWD-AST-0044,PWD-OFF-018,112.34,103.78,2026-08-10,2026-09-22,2026-09-15,completed,100
PWD-WRK-01032,"Roof waterproofing - Govt Peripheral Hospital, Periyar Nagar",building_repair,PWD-AST-0067,PWD-OFF-003,107.35,73.16,2026-08-01,2026-10-28,,in_progress,70
PWD-WRK-01033,Desilting of Otteri Nullah - Kilpauk stretch (Ch. 1.32-3.05 km),desilting,PWD-AST-0030,PWD-OFF-013,21.82,13.84,2026-08-12,2026-09-23,,in_progress,81
PWD-WRK-01034,Raising & strengthening of Adambakkam Lake - 2026-27,bund_strengthening,PWD-AST-0001,PWD-OFF-016,62.55,23.04,2026-08-16,2026-10-01,,in_progress,51
PWD-WRK-01035,Strengthening of Puzhal Reservoir (Red Hills) bund (Ch. 2.03-3.13 km),bund_strengthening,PWD-AST-0084,PWD-OFF-021,256.68,79.07,2026-08-13,2026-12-19,,in_progress,43
PWD-WRK-01036,Strengthening of Cooum River - Nerkundram stretch bund (Ch. 1.22-2.09 km),bund_strengthening,PWD-AST-0019,PWD-OFF-013,173.79,77.34,2026-08-04,2026-11-05,,in_progress,63
PWD-WRK-01037,Desilting & removal of water hyacinth in Buckingham Canal - Okkiyam stretch,desilting,PWD-AST-0029,PWD-OFF-016,113.35,33.37,2026-08-17,2026-10-18,,in_progress,42
PWD-WRK-01038,Pre-monsoon desilting of Buckingham Canal - Ennore stretch - 2026-27,desilting,PWD-AST-0024,PWD-OFF-014,49.00,51.24,2026-08-05,2026-09-02,2026-08-30,completed,100
PWD-WRK-01039,Flood mitigation works - Otteri Nullah - Perambur stretch,flood_mitigation,PWD-AST-0032,PWD-OFF-018,197.88,61.92,2026-08-02,2027-01-25,,in_progress,31
PWD-WRK-01040,Raising & strengthening of Mogappair Eri - 2026-27,bund_strengthening,PWD-AST-0005,PWD-OFF-014,76.01,19.75,2026-08-23,2026-12-29,,in_progress,30
PWD-WRK-01041,Desilting & removal of water hyacinth in Captain Cotton Canal - Vyasarpadi stretch,desilting,PWD-AST-0033,PWD-OFF-015,10.95,11.74,2026-08-02,2026-08-30,2026-08-25,completed,100
PWD-WRK-01042,"Roof waterproofing - Govt Peripheral Hospital, K.K. Nagar",building_repair,PWD-AST-0068,PWD-OFF-004,56.59,29.02,2026-08-12,2026-10-22,,in_progress,71
PWD-WRK-01043,Pre-monsoon desilting of Palavanthangal Lake - 2026-27,desilting,PWD-AST-0002,PWD-OFF-016,96.03,60.94,2026-08-20,2026-10-30,,in_progress,63
PWD-WRK-01044,Pre-monsoon desilting of Guindy Industrial Estate Storm Water Channel - 2026-27,desilting,PWD-AST-0040,PWD-OFF-012,8.30,2.98,2026-08-27,2026-10-05,,in_progress,47
PWD-WRK-01045,Pre-monsoon desilting of Nolambur Lake - 2026-27,desilting,PWD-AST-0011,PWD-OFF-013,8.82,1.64,2026-08-22,2026-10-31,,in_progress,21
PWD-WRK-01046,"Roof waterproofing - Govt Peripheral Hospital, K.K. Nagar",building_repair,PWD-AST-0068,PWD-OFF-004,83.40,30.42,2026-08-08,2026-12-09,,in_progress,49
PWD-WRK-01047,Desilting & removal of water hyacinth in Otteri Nullah - Kilpauk stretch,desilting,PWD-AST-0030,PWD-OFF-013,18.10,18.68,2026-08-15,2026-09-29,2026-09-26,completed,100
PWD-WRK-01048,Raising & strengthening of Kannankottai-Thervoy Kandigai Reservoir - 2026-27,bund_strengthening,PWD-AST-0087,PWD-OFF-021,51.70,29.49,2026-08-18,2026-10-26,,in_progress,70
PWD-WRK-01049,Pre-monsoon desilting of Adyar River - Saidapet stretch - 2026-27,desilting,PWD-AST-0016,PWD-OFF-012,108.77,84.84,2026-08-03,2026-10-21,,in_progress,83
PWD-WRK-01050,Strengthening of Cooum River - Koyambedu stretch bund (Ch. 0.06-1.59 km),bund_strengthening,PWD-AST-0020,PWD-OFF-013,213.59,87.16,2026-08-09,2026-11-09,,in_progress,59
PWD-WRK-01051,Roof waterproofing - King Institute of Preventive Medicine,building_repair,PWD-AST-0069,PWD-OFF-004,61.06,19.83,2026-08-24,2026-11-30,,in_progress,46
PWD-WRK-01052,Raising & strengthening of Korattur Lake - 2026-27,bund_strengthening,PWD-AST-0004,PWD-OFF-014,26.66,10.48,2026-08-25,2026-11-05,,in_progress,48
PWD-WRK-01053,"Repairs & renovation - Collectorate Building, Rajaji Salai (2026-27)",building_repair,PWD-AST-0074,PWD-OFF-010,13.11,2.49,2026-08-28,2027-01-04,,in_progress,24
PWD-WRK-01054,Desilting of Chetpet Lake (Ch. 1.12-2.56 km),desilting,PWD-AST-0007,PWD-OFF-013,18.05,9.66,2026-08-17,2026-11-03,,in_progress,61
PWD-WRK-01055,Replacement of gates & hoist - Ambattur Lake Sluice,sluice_repair,PWD-AST-0048,PWD-OFF-016,7.83,7.19,2026-08-07,2026-09-25,2026-09-19,completed,100
PWD-WRK-01056,Desilting & removal of water hyacinth in Tondiarpet Macro Drain,desilting,PWD-AST-0044,PWD-OFF-015,13.92,7.13,2026-08-01,2026-10-24,,in_progress,78
PWD-WRK-01057,"Repairs & renovation - Govt Peripheral Hospital, K.K. Nagar (2026-27)",building_repair,PWD-AST-0068,PWD-OFF-004,43.28,21.38,2026-08-16,2026-10-29,,in_progress,60
PWD-WRK-01058,Strengthening of Adyar River - Kotturpuram stretch bund (Ch. 2.08-3.14 km),bund_strengthening,PWD-AST-0017,PWD-OFF-013,101.96,92.82,2026-08-11,2026-09-25,2026-09-23,completed,100
PWD-WRK-01059,"Roof waterproofing - Govt Hr Sec School, Ashok Nagar",building_repair,PWD-AST-0070,PWD-OFF-004,58.34,29.27,2026-08-19,2026-11-25,,in_progress,51
PWD-WRK-01060,"Repairs & renovation - Govt Hr Sec School, Ashok Nagar (2026-27)",building_repair,PWD-AST-0070,PWD-OFF-004,81.99,38.48,2026-08-19,2026-10-20,,in_progress,68
PWD-WRK-01061,Strengthening of Adyar River - Saidapet stretch bund (Ch. 1.61-2.64 km),bund_strengthening,PWD-AST-0016,PWD-OFF-017,56.13,16.33,2026-08-17,2026-11-30,,in_progress,36
PWD-WRK-01062,Construction of flood regulator & retaining wall - Kodungaiyur Canal,flood_mitigation,PWD-AST-0042,PWD-OFF-018,182.72,43.73,2026-08-07,2026-11-21,,in_progress,32
PWD-WRK-01063,Desilting of Buckingham Canal - Thiruvanmiyur stretch (Ch. 0.69-1.72 km),desilting,PWD-AST-0028,PWD-OFF-016,33.16,35.67,2026-08-14,2026-09-20,2026-09-16,completed,100
PWD-WRK-01064,Roof waterproofing - Govt Royapettah Hospital,building_repair,PWD-AST-0066,PWD-OFF-004,19.91,5.01,2026-08-08,2026-12-07,,in_progress,32
PWD-WRK-01065,Desilting & removal of water hyacinth in Ambattur Lake,desilting,PWD-AST-0003,PWD-OFF-016,111.81,72.43,2026-08-01,2026-10-14,,in_progress,99
PWD-WRK-01066,Special repairs to Rajiv Gandhi Govt General Hospital - Tower Block,building_repair,PWD-AST-0062,PWD-OFF-003,162.63,136.13,2026-08-09,2026-09-10,2026-09-07,completed,100
PWD-WRK-01067,Pre-monsoon desilting of Buckingham Canal - Thiruvanmiyur stretch - 2026-27,desilting,PWD-AST-0028,PWD-OFF-012,73.58,34.35,2026-09-17,2026-10-17,,in_progress,53
PWD-WRK-01068,Desilting & removal of water hyacinth in Mambalam Canal Macro Drain,desilting,PWD-AST-0038,PWD-OFF-017,26.61,1.40,2026-09-18,2026-12-06,,in_progress,6
PWD-WRK-01069,Desilting of Kosasthalaiyar River - Manali stretch (Ch. 2.19-3.45 km),desilting,PWD-AST-0023,PWD-OFF-014,51.40,12.01,2026-09-14,2026-11-14,,in_progress,33
PWD-WRK-01070,Desilting & removal of water hyacinth in Otteri Nullah - Kilpauk stretch,desilting,PWD-AST-0030,PWD-OFF-013,17.91,1.42,2026-09-27,2026-11-10,,in_progress,11
PWD-WRK-01071,Strengthening of Puzhal Reservoir (Red Hills) bund (Ch. 2.12-2.47 km),bund_strengthening,PWD-AST-0084,PWD-OFF-021,32.84,4.93,2026-09-21,2026-11-10,,in_progress,22
PWD-WRK-01072,Construction of additional block at Govt Kilpauk Medical College Hospital,building_construction,PWD-AST-0064,PWD-OFF-003,373.59,7.29,2026-09-19,2027-06-24,,in_progress,2
PWD-WRK-01073,Desilting of Buckingham Canal - Basin Bridge stretch (Ch. 0.05-2.99 km),desilting,PWD-AST-0026,PWD-OFF-013,10.85,0.00,2026-09-28,2026-11-08,,sanctioned,0
PWD-WRK-01074,"Construction of new wing - Govt Peripheral Hospital, Periyar Nagar (2026-27)",building_construction,PWD-AST-0067,PWD-OFF-003,1819.16,53.91,2026-09-07,2028-07-02,,in_progress,4
PWD-WRK-01075,Pre-monsoon desilting of Pallikaranai Marsh Outlet Drain - 2026-27,desilting,PWD-AST-0041,PWD-OFF-015,16.36,5.70,2026-09-09,2026-10-29,,in_progress,52
PWD-WRK-01076,Repairs & renovation - King Institute of Preventive Medicine (2026-27),building_repair,PWD-AST-0069,PWD-OFF-008,247.69,56.59,2026-09-04,2026-11-17,,in_progress,37
PWD-WRK-01077,Raising & strengthening of Cholavaram Reservoir - 2026-27,bund_strengthening,PWD-AST-0086,PWD-OFF-021,58.53,5.25,2026-09-17,2027-01-10,,in_progress,12
PWD-WRK-01078,Special repairs to Govt Kilpauk Medical College Hospital,building_repair,PWD-AST-0064,PWD-OFF-003,150.72,64.02,2026-09-01,2026-11-16,,in_progress,47
PWD-WRK-01079,Desilting & removal of water hyacinth in Adyar River - Saidapet stretch,desilting,PWD-AST-0016,PWD-OFF-017,114.17,30.13,2026-09-05,2026-11-25,,in_progress,37
PWD-WRK-01080,Pre-monsoon desilting of Kathivakkam Macro Drain - 2026-27,desilting,PWD-AST-0043,PWD-OFF-015,31.05,16.29,2026-09-19,2026-10-14,,in_progress,59
PWD-WRK-01081,Construction of flood regulator & retaining wall - Anna Nagar Macro Drain,flood_mitigation,PWD-AST-0036,PWD-OFF-013,191.93,9.92,2026-09-25,2027-01-12,,in_progress,6
PWD-WRK-01082,Desilting of Buckingham Canal - Basin Bridge stretch (Ch. 3.34-4.39 km),desilting,PWD-AST-0026,PWD-OFF-013,17.43,3.79,2026-09-16,2026-10-26,,in_progress,26
PWD-WRK-01083,Pre-monsoon desilting of Buckingham Canal - Okkiyam stretch - 2026-27,desilting,PWD-AST-0029,PWD-OFF-016,43.61,18.53,2026-09-09,2026-11-09,,in_progress,42
PWD-WRK-01084,Desilting & removal of water hyacinth in Otteri Nullah - Kilpauk stretch,desilting,PWD-AST-0030,PWD-OFF-015,36.34,4.67,2026-09-15,2026-11-23,,in_progress,13
PWD-WRK-01085,Raising & strengthening of Adyar River - Kotturpuram stretch - 2026-27,bund_strengthening,PWD-AST-0017,PWD-OFF-017,291.78,18.94,2026-09-20,2027-01-17,,in_progress,9
PWD-WRK-01086,Lining of Nanganallur Macro Drain (Ch. 0.08-2.88 km),canal_lining,PWD-AST-0039,PWD-OFF-012,196.23,24.77,2026-09-07,2027-02-12,,in_progress,15
PWD-WRK-01087,Special repairs to Rajiv Gandhi Govt General Hospital - Tower Block,building_repair,PWD-AST-0062,PWD-OFF-003,16.06,2.82,2026-09-08,2027-01-17,,in_progress,19
PWD-WRK-01088,Desilting & removal of water hyacinth in Villivakkam Macro Drain,desilting,PWD-AST-0037,PWD-OFF-018,116.78,0.90,2026-09-25,2026-11-26,,in_progress,1
PWD-WRK-01089,Desilting & removal of water hyacinth in Captain Cotton Canal - Vyasarpadi stretch,desilting,PWD-AST-0033,PWD-OFF-018,86.28,43.44,2026-09-09,2026-10-08,,in_progress,79
PWD-WRK-01090,Desilting of Cooum River - Nerkundram stretch (Ch. 2.01-2.93 km),desilting,PWD-AST-0019,PWD-OFF-013,84.73,10.32,2026-09-28,2026-10-24,,in_progress,17
PWD-WRK-01091,Raising & strengthening of Adyar River - Saidapet stretch - 2026-27,bund_strengthening,PWD-AST-0016,PWD-OFF-017,149.54,13.86,2026-09-22,2026-12-02,,in_progress,15
PWD-WRK-01092,Pre-monsoon desilting of Cooum River - Nerkundram stretch - 2026-27,desilting,PWD-AST-0019,PWD-OFF-013,9.59,0.00,2026-09-28,2026-11-10,,sanctioned,0
PWD-WRK-01093,Construction of RCC retaining wall along Buckingham Canal - Korukkupet stretch,canal_lining,PWD-AST-0025,PWD-OFF-018,1038.71,159.24,2026-09-13,2026-12-18,,in_progress,18
PWD-WRK-01094,Desilting of Adyar River - Nandambakkam stretch (Ch. 0.85-1.45 km),desilting,PWD-AST-0014,PWD-OFF-016,85.52,0.00,2026-09-28,2026-12-16,,sanctioned,0
PWD-WRK-01095,Desilting of Kosasthalaiyar River - Manali stretch (Ch. 2.19-3.34 km),desilting,PWD-AST-0023,PWD-OFF-015,8.94,2.88,2026-09-03,2026-11-08,,in_progress,42
PWD-WRK-01096,Raising & strengthening of Kannankottai-Thervoy Kandigai Reservoir - 2026-27,bund_strengthening,PWD-AST-0087,PWD-OFF-021,37.15,0.00,2026-09-27,2027-01-15,,sanctioned,0
PWD-WRK-01097,"Repairs to shutters of Otteri Nullah Regulator, Basin Bridge",sluice_repair,PWD-AST-0052,PWD-OFF-013,5.93,2.48,2026-09-18,2026-10-09,,in_progress,66
PWD-WRK-01098,"Repairs & renovation - Govt Girls Hr Sec School, Ambattur (2026-27)",building_repair,PWD-AST-0071,PWD-OFF-005,13.88,0.09,2026-09-27,2027-02-10,,in_progress,1
PWD-WRK-01099,Raising & strengthening of Nolambur Lake - 2026-27,bund_strengthening,PWD-AST-0011,PWD-OFF-013,110.18,15.43,2026-09-15,2026-11-06,,in_progress,20
PWD-WRK-01100,Desilting & removal of water hyacinth in Porur Lake,desilting,PWD-AST-0010,PWD-OFF-013,61.41,9.71,2026-09-19,2026-11-19,,in_progress,23
PWD-WRK-01101,Desilting of Buckingham Canal - Okkiyam stretch (Ch. 2.04-2.63 km),desilting,PWD-AST-0029,PWD-OFF-016,17.37,4.45,2026-09-13,2026-11-13,,in_progress,35
PWD-WRK-01102,"Repairs to shutters of Otteri Nullah Regulator, Basin Bridge",sluice_repair,PWD-AST-0052,PWD-OFF-013,50.75,21.38,2026-09-17,2026-10-22,,in_progress,53
PWD-WRK-01103,Desilting of Valasaravakkam Macro Drain (Ch. 1.07-3.49 km),desilting,PWD-AST-0046,PWD-OFF-013,10.16,3.69,2026-09-14,2026-10-28,,in_progress,49
PWD-WRK-01104,Desilting of Captain Cotton Canal - Vyasarpadi stretch (Ch. 1.50-3.31 km),desilting,PWD-AST-0033,PWD-OFF-018,32.79,9.43,2026-09-01,2026-11-24,,in_progress,42
PWD-WRK-01105,Desilting & removal of water hyacinth in Otteri Nullah - Perambur stretch,desilting,PWD-AST-0032,PWD-OFF-015,32.89,10.39,2026-09-16,2026-11-04,,in_progress,38
PWD-WRK-01116,Construction of additional block at Rajiv Gandhi Govt General Hospital - Tower Block,building_construction,PWD-AST-0062,PWD-OFF-009,539.10,3.29,2026-10-02,2028-06-29,,in_progress,1
PWD-WRK-01117,Repairs & renovation - King Institute of Preventive Medicine (2026-27),building_repair,PWD-AST-0069,PWD-OFF-004,10.38,0.16,2026-10-01,2026-11-15,,in_progress,2
PWD-WRK-01120,Desilting of Kathivakkam Macro Drain (Ch. 2.18-3.41 km),desilting,PWD-AST-0043,PWD-OFF-015,26.54,0.61,2026-10-01,2026-10-26,,in_progress,3
PWD-WRK-01127,"Replacement of gates & hoist - Otteri Nullah Regulator, Basin Bridge",sluice_repair,PWD-AST-0052,PWD-OFF-013,16.61,0.13,2026-10-02,2026-11-13,,in_progress,1
